Cloning into '/Users/node1/audit/Converter'...
=== node1: Node1.local / 26.6.2 / arm64 ===
=== commit: ad135db065fb8b8dc20c99a49cd7dd35799c552f ===
=== dirty files: 0 ===
=== swift: swift-driver version: 1.148.6 Apple Swift version 6.3.3 (swiftlang-6.3.3.1.3 clang-2100.1.1.101) ===
/dev/disk3s1   228Gi    90Gi   115Gi    44%    1.2M  1.2G    0%   /System/Volumes/Data
=== warnings-as-errors build ===
Building for debugging...
[0/12] /Users/node1/audit/Converter/Sources/.build/arm64-apple-macosx/debug/converterPackageTests.derived/runner.swift
[1/12] Write sources
[3/12] Write converter-entitlement.plist
[4/12] Write sources
[5/12] Write swift-version--58304C5D6DBC2206.txt
[6/12] Compiling BW64Bridge bw64_bridge.cpp
[8/29] Compiling converter ImagePipeline.swift
[9/29] Compiling converter LosslessAudioPipeline.swift
[10/31] Compiling converter RIFFChunkWalker.swift
[11/31] Compiling converter Support.swift
[12/31] Compiling converter Main.swift
[13/31] Compiling converter PipelineCore.swift
[14/31] Compiling converter DependencyInstaller.swift
[15/31] Compiling converter Diagnostics.swift
[16/31] Compiling converter ProcessRunner.swift
[17/31] Compiling converter QualityReporting.swift
[18/31] Emitting module converter
[19/31] Compiling converter Actions.swift
[20/31] Compiling converter AsyncSemaphore.swift
[21/31] Compiling converter AudioPipeline.swift
[22/31] Compiling converter CLI.swift
[23/31] Compiling converter Config.swift
[24/31] Compiling converter DependencyBootstrap.swift
[25/31] Compiling converter ValidationPipeline.swift
[26/31] Compiling converter VideoPipeline.swift
[26/31] Write Objects.LinkFileList
[27/31] Linking converter
[28/31] Applying converter
[30/35] Compiling converterTests converterTests.swift
[31/35] Compiling converterTests PipelineIntegrationTests.swift
[32/35] Compiling converterTests IntegrationTestSupport.swift
[33/35] Emitting module converterTests
[34/37] Emitting module converterPackageTests
[35/37] Compiling converterPackageTests runner.swift
[35/37] Write Objects.LinkFileList
[36/37] Linking converterPackageTests
Build complete! (14.78s)
=== strict C++ release build ===
Building for production...
[0/5] Write sources
[1/5] Write swift-version--58304C5D6DBC2206.txt
[2/5] Compiling BW64Bridge bw64_bridge.cpp
[4/6] Compiling converter Actions.swift
[4/6] Write Objects.LinkFileList
[5/6] Linking converter
Build complete! (20.06s)
=== binary checksum ===
converter: OK
=== full suite ===
[0/1] Planning build
Building for debugging...
[0/6] Write swift-version--58304C5D6DBC2206.txt
[2/23] Compiling converter Main.swift
[3/23] Compiling converter PipelineCore.swift
[4/23] Compiling converter ProcessRunner.swift
[5/23] Compiling converter QualityReporting.swift
[6/23] Compiling converter ImagePipeline.swift
[7/23] Compiling converter LosslessAudioPipeline.swift
[8/25] Compiling converter CLI.swift
[9/25] Compiling converter Config.swift
[10/25] Compiling converter DependencyBootstrap.swift
[11/25] Compiling converter DependencyInstaller.swift
[12/25] Compiling converter Diagnostics.swift
[13/25] Compiling converter RIFFChunkWalker.swift
[14/25] Compiling converter Support.swift
[15/25] Emitting module converter
[16/25] Compiling converter Actions.swift
[17/25] Compiling converter AsyncSemaphore.swift
[18/25] Compiling converter AudioPipeline.swift
[19/25] Compiling converter ValidationPipeline.swift
[20/25] Compiling converter VideoPipeline.swift
[20/24] Linking converter
[21/24] Applying converter
[23/28] Emitting module converterTests
[24/28] Compiling converterTests PipelineIntegrationTests.swift
[25/28] Compiling converterTests IntegrationTestSupport.swift
[26/28] Compiling converterTests converterTests.swift
[27/30] Compiling converterPackageTests runner.swift
[28/30] Emitting module converterPackageTests
[28/29] Linking converterPackageTests
Build complete! (4.22s)
Test Suite 'All tests' started at 2026-09-14 11:43:22.218.
Test Suite 'converterPackageTests.xctest' started at 2026-09-14 11:43:22.221.
Test Suite 'ConverterTests' started at 2026-09-14 11:43:22.221.
Test Case '-[converterTests.ConverterTests testAlbumActionParsesAndSortsNaturallyIgnoringExtension]' started.
Test Case '-[converterTests.ConverterTests testAlbumActionParsesAndSortsNaturallyIgnoringExtension]' passed (0.029 seconds).
Test Case '-[converterTests.ConverterTests testAlbumCandidatesCollapseSameStemFamiliesAndSkipDerivedOutputs]' started.
[2026-09-14 11:43:22] [converterTests] [WARN] Album track 01.flac has same-stem conversions beside it; ignoring 01.wav, 01.mp3.
Test Case '-[converterTests.ConverterTests testAlbumCandidatesCollapseSameStemFamiliesAndSkipDerivedOutputs]' passed (0.002 seconds).
Test Case '-[converterTests.ConverterTests testAlbumFileFlagRejectionNamesAlbumTxtAndDirectoryCommands]' started.
Test Case '-[converterTests.ConverterTests testAlbumFileFlagRejectionNamesAlbumTxtAndDirectoryCommands]' passed (0.001 seconds).
Test Case '-[converterTests.ConverterTests testAlbumTrackSortParsesOnlyASCIIDigitPrefixes]' started.
Test Case '-[converterTests.ConverterTests testAlbumTrackSortParsesOnlyASCIIDigitPrefixes]' passed (0.001 seconds).
Test Case '-[converterTests.ConverterTests testArchivalSuffixOnlySkipsAudioThatSitsBesideItsSource]' started.
[2026-09-14 11:43:22] [converterTests] [INFO] Source audio renamed: Mirage_bass_80Hz_4dB_RF64.flac -> 1_source.flac
Test Case '-[converterTests.ConverterTests testArchivalSuffixOnlySkipsAudioThatSitsBesideItsSource]' passed (0.002 seconds).
Test Case '-[converterTests.ConverterTests testArchiveProfileIsNoLongerAcceptedOrAdvertised]' started.
Test Case '-[converterTests.ConverterTests testArchiveProfileIsNoLongerAcceptedOrAdvertised]' passed (0.002 seconds).
Test Case '-[converterTests.ConverterTests testAstatsMetricsFailClosedAndTreatSilentChannelAsInfiniteImbalance]' started.
Test Case '-[converterTests.ConverterTests testAstatsMetricsFailClosedAndTreatSilentChannelAsInfiniteImbalance]' passed (0.001 seconds).
Test Case '-[converterTests.ConverterTests testAstatsParserIgnoresOtherFiltersSharingTheSameStderr]' started.
Test Case '-[converterTests.ConverterTests testAstatsParserIgnoresOtherFiltersSharingTheSameStderr]' passed (0.001 seconds).
Test Case '-[converterTests.ConverterTests testAsyncSemaphoreCancellationBeforeSuspensionStillThrows]' started.
Test Case '-[converterTests.ConverterTests testAsyncSemaphoreCancellationBeforeSuspensionStillThrows]' passed (0.001 seconds).
Test Case '-[converterTests.ConverterTests testAsyncSemaphoreCancellationResumesOnlyTheCancelledWaiter]' started.
Test Case '-[converterTests.ConverterTests testAsyncSemaphoreCancellationResumesOnlyTheCancelledWaiter]' passed (0.000 seconds).
Test Case '-[converterTests.ConverterTests testAsyncSemaphoreSignalRacingCancellationLeavesNoMarkerBehind]' started.
Test Case '-[converterTests.ConverterTests testAsyncSemaphoreSignalRacingCancellationLeavesNoMarkerBehind]' passed (0.006 seconds).
Test Case '-[converterTests.ConverterTests testAsyncSemaphoreWaitFastPathRefusesCancelledTask]' started.
Test Case '-[converterTests.ConverterTests testAsyncSemaphoreWaitFastPathRefusesCancelledTask]' passed (0.000 seconds).
Test Case '-[converterTests.ConverterTests testAsyncSemaphoreWithPermitCapsConcurrencyAndReleasesOnThrow]' started.
Test Case '-[converterTests.ConverterTests testAsyncSemaphoreWithPermitCapsConcurrencyAndReleasesOnThrow]' passed (0.111 seconds).
Test Case '-[converterTests.ConverterTests testAsyncSemaphoreWithPermitRefusesCancelledTask]' started.
Test Case '-[converterTests.ConverterTests testAsyncSemaphoreWithPermitRefusesCancelledTask]' passed (0.000 seconds).
Test Case '-[converterTests.ConverterTests testAudioConversionRefusesToWriteOverItsSource]' started.
Test Case '-[converterTests.ConverterTests testAudioConversionRefusesToWriteOverItsSource]' passed (0.001 seconds).
Test Case '-[converterTests.ConverterTests testBassParsesDefaultsAndManualValues]' started.
Test Case '-[converterTests.ConverterTests testBassParsesDefaultsAndManualValues]' passed (0.000 seconds).
Test Case '-[converterTests.ConverterTests testBassRejectsInvalidArguments]' started.
Test Case '-[converterTests.ConverterTests testBassRejectsInvalidArguments]' passed (0.000 seconds).
Test Case '-[converterTests.ConverterTests testBuiltInFastPreviewProfileOverridesRenderDefaults]' started.
Test Case '-[converterTests.ConverterTests testBuiltInFastPreviewProfileOverridesRenderDefaults]' passed (0.001 seconds).
Test Case '-[converterTests.ConverterTests testCancellingAPermittedOperationTerminatesItsChildProcess]' started.
Test Case '-[converterTests.ConverterTests testCancellingAPermittedOperationTerminatesItsChildProcess]' passed (0.307 seconds).
Test Case '-[converterTests.ConverterTests testCanonicalPCMComparisonScansWholeFileAndEnforcesPerSampleTolerance]' started.
Test Case '-[converterTests.ConverterTests testCanonicalPCMComparisonScansWholeFileAndEnforcesPerSampleTolerance]' passed (0.048 seconds).
Test Case '-[converterTests.ConverterTests testCanonicalPCMSampleDecodingAndLengthBoundaries]' started.
Test Case '-[converterTests.ConverterTests testCanonicalPCMSampleDecodingAndLengthBoundaries]' passed (0.002 seconds).
Test Case '-[converterTests.ConverterTests testCleanActionEntryPointPreservesUserFiles]' started.
[2026-09-14 11:43:22] [converterTests] [INFO] Profile: youtube_master
[2026-09-14 11:43:22] [converterTests] [INFO] Scheduler profile: total=3 image=2 audio=2 video=1
[2026-09-14 11:43:22] [converterTests] [WARN] Recovered previous version from publish backup: /var/folders/7l/ry9rvd3d72z864w_jd2my37m0000gn/T/756E72DA-22E1-4FC7-8F3C-DDCA1421F404/lost.wav
[2026-09-14 11:43:22] [converterTests] [INFO] Removed transient file: .x.normalized.wav
[2026-09-14 11:43:22] [converterTests] [INFO] Removed transient file: .x.normalized
Test Case '-[converterTests.ConverterTests testCleanActionEntryPointPreservesUserFiles]' passed (0.006 seconds).
Test Case '-[converterTests.ConverterTests testCleanTransientsRemovesOnlyHiddenNormalizedFiles]' started.
[2026-09-14 11:43:22] [converterTests] [INFO] Removed transient file: .x.normalized.wav
[2026-09-14 11:43:22] [converterTests] [INFO] Removed transient file: .x.normalized
Test Case '-[converterTests.ConverterTests testCleanTransientsRemovesOnlyHiddenNormalizedFiles]' passed (0.003 seconds).
Test Case '-[converterTests.ConverterTests testCLIRejectsNonFiniteSharpnessValue]' started.
Test Case '-[converterTests.ConverterTests testCLIRejectsNonFiniteSharpnessValue]' passed (0.000 seconds).
Test Case '-[converterTests.ConverterTests testCLIRejectsZeroSeedUnboundedSharpnessRepeatedActionsAndOptionLikeValues]' started.
Test Case '-[converterTests.ConverterTests testCLIRejectsZeroSeedUnboundedSharpnessRepeatedActionsAndOptionLikeValues]' passed (0.000 seconds).
Test Case '-[converterTests.ConverterTests testConfigFileStartingWithUTF8BOMAppliesItsFirstKey]' started.
Test Case '-[converterTests.ConverterTests testConfigFileStartingWithUTF8BOMAppliesItsFirstKey]' passed (0.002 seconds).
Test Case '-[converterTests.ConverterTests testConfigRangeRulesAcceptTheirBoundaryValues]' started.
Test Case '-[converterTests.ConverterTests testConfigRangeRulesAcceptTheirBoundaryValues]' passed (0.018 seconds).
Test Case '-[converterTests.ConverterTests testContainsChunkRejectsMalformedRIFFStructures]' started.
Test Case '-[converterTests.ConverterTests testContainsChunkRejectsMalformedRIFFStructures]' passed (0.003 seconds).
Test Case '-[converterTests.ConverterTests testContainsChunkWalksChunksInsteadOfScanningBytes]' started.
Test Case '-[converterTests.ConverterTests testContainsChunkWalksChunksInsteadOfScanningBytes]' passed (0.002 seconds).
Test Case '-[converterTests.ConverterTests testCRC32IsIndependentOfReadChunkBoundaries]' started.
Test Case '-[converterTests.ConverterTests testCRC32IsIndependentOfReadChunkBoundaries]' passed (0.033 seconds).
Test Case '-[converterTests.ConverterTests testCRC32MatchesReferenceImplementationAcrossChunkBoundaries]' started.
Test Case '-[converterTests.ConverterTests testCRC32MatchesReferenceImplementationAcrossChunkBoundaries]' passed (0.010 seconds).
Test Case '-[converterTests.ConverterTests testDependencyBootstrapEnrichesPathWithHomebrewLocations]' started.
Test Case '-[converterTests.ConverterTests testDependencyBootstrapEnrichesPathWithHomebrewLocations]' passed (0.000 seconds).
Test Case '-[converterTests.ConverterTests testDependencyManifestMatchesCurrentRuntimeTools]' started.
Test Case '-[converterTests.ConverterTests testDependencyManifestMatchesCurrentRuntimeTools]' passed (0.000 seconds).
Test Case '-[converterTests.ConverterTests testDependencyProbeGivesToolsNoStdin]' started.
Test Case '-[converterTests.ConverterTests testDependencyProbeGivesToolsNoStdin]' passed (0.736 seconds).
Test Case '-[converterTests.ConverterTests testDerivedMediaPredicatesRecogniseRepeatedPaddingMarkers]' started.
Test Case '-[converterTests.ConverterTests testDerivedMediaPredicatesRecogniseRepeatedPaddingMarkers]' passed (0.005 seconds).
Test Case '-[converterTests.ConverterTests testEncoderLadderReportsEveryRungAndStopsOnEncoderIndependentFailure]' started.
[2026-09-14 11:43:23] [converterTests] [WARN] test encoder failed (a): a exploded
[2026-09-14 11:43:23] [converterTests] [WARN] test encoder failed (b): b exploded
[2026-09-14 11:43:23] [converterTests] [WARN] test encoder failed (c): c exploded
[2026-09-14 11:43:23] [converterTests] [WARN] test encoder failed (a): audio wrong
[2026-09-14 11:43:23] [converterTests] [WARN] test: skipping remaining encoders — this failure is not encoder-related.
[2026-09-14 11:43:23] [converterTests] [WARN] test encoder failed (a): no
Test Case '-[converterTests.ConverterTests testEncoderLadderReportsEveryRungAndStopsOnEncoderIndependentFailure]' passed (0.002 seconds).
Test Case '-[converterTests.ConverterTests testEnsureWritableDirectoryRejectsARegularFile]' started.
Test Case '-[converterTests.ConverterTests testEnsureWritableDirectoryRejectsARegularFile]' passed (0.002 seconds).
Test Case '-[converterTests.ConverterTests testEveryConfigRuleRejectsAnInvalidValueNamingTheKey]' started.
Test Case '-[converterTests.ConverterTests testEveryConfigRuleRejectsAnInvalidValueNamingTheKey]' passed (0.097 seconds).
Test Case '-[converterTests.ConverterTests testEverySupportedConfigKeyIsDocumentedInRepositoryConfigWithItsDefault]' started.
Test Case '-[converterTests.ConverterTests testEverySupportedConfigKeyIsDocumentedInRepositoryConfigWithItsDefault]' passed (0.001 seconds).
Test Case '-[converterTests.ConverterTests testExplicitPathsMustStayDirectlyInOutput]' started.
Test Case '-[converterTests.ConverterTests testExplicitPathsMustStayDirectlyInOutput]' passed (0.001 seconds).
Test Case '-[converterTests.ConverterTests testFadeActionsUseDefaultNormalCurve]' started.
Test Case '-[converterTests.ConverterTests testFadeActionsUseDefaultNormalCurve]' passed (0.001 seconds).
Test Case '-[converterTests.ConverterTests testFadeCutParsesCutAndFadeDurations]' started.
Test Case '-[converterTests.ConverterTests testFadeCutParsesCutAndFadeDurations]' passed (0.000 seconds).
Test Case '-[converterTests.ConverterTests testFadeCutRejectsMissingArguments]' started.
Test Case '-[converterTests.ConverterTests testFadeCutRejectsMissingArguments]' passed (0.000 seconds).
Test Case '-[converterTests.ConverterTests testFadeFLACAliasNoLongerFallsThroughToFullRun]' started.
Test Case '-[converterTests.ConverterTests testFadeFLACAliasNoLongerFallsThroughToFullRun]' passed (0.000 seconds).
Test Case '-[converterTests.ConverterTests testFadeOutParsesFlexibleTimeArguments]' started.
Test Case '-[converterTests.ConverterTests testFadeOutParsesFlexibleTimeArguments]' passed (0.000 seconds).
Test Case '-[converterTests.ConverterTests testFadeOutRejectsMissingArguments]' started.
Test Case '-[converterTests.ConverterTests testFadeOutRejectsMissingArguments]' passed (0.000 seconds).
Test Case '-[converterTests.ConverterTests testFadeOutRejectsTooManyArguments]' started.
Test Case '-[converterTests.ConverterTests testFadeOutRejectsTooManyArguments]' passed (0.000 seconds).
Test Case '-[converterTests.ConverterTests testFlexibleTimecodeParsingAcceptsSupportedFormsAndRejectsInvalidBounds]' started.
Test Case '-[converterTests.ConverterTests testFlexibleTimecodeParsingAcceptsSupportedFormsAndRejectsInvalidBounds]' passed (0.000 seconds).
Test Case '-[converterTests.ConverterTests testFullRunImageBaseNameStripsStackedDerivedSuffixes]' started.
Test Case '-[converterTests.ConverterTests testFullRunImageBaseNameStripsStackedDerivedSuffixes]' passed (0.000 seconds).
Test Case '-[converterTests.ConverterTests testFullRunRenamesItsSourceAudioToOneSource]' started.
[2026-09-14 11:43:23] [converterTests] [INFO] Source audio renamed: Mirage_bass_80Hz_4dB_RF64.flac -> 1_source.flac
[2026-09-14 11:43:23] [converterTests] [WARN] Full pipeline found multiple same-stem audio files; auto-selecting 1_source.flac and ignoring derived companions.
Test Case '-[converterTests.ConverterTests testFullRunRenamesItsSourceAudioToOneSource]' passed (0.002 seconds).
Test Case '-[converterTests.ConverterTests testFullRunRenamesTheWholeSourceFamilyAndKeepsRerunsStable]' started.
[2026-09-14 11:43:23] [converterTests] [WARN] Full pipeline found multiple same-stem audio files; auto-selecting song.flac and ignoring derived companions.
[2026-09-14 11:43:23] [converterTests] [INFO] Source audio renamed: song.flac -> 1_source.flac
[2026-09-14 11:43:23] [converterTests] [INFO] Source audio renamed: song.wav -> 1_source.wav
[2026-09-14 11:43:23] [converterTests] [INFO] Source audio renamed: song_BW64.wav -> 1_source_BW64.wav
[2026-09-14 11:43:23] [converterTests] [INFO] Source audio renamed: song_RF64.flac -> 1_source_RF64.flac
[2026-09-14 11:43:23] [converterTests] [WARN] Full pipeline found multiple same-stem audio files; auto-selecting 1_source.flac and ignoring derived companions.
Test Case '-[converterTests.ConverterTests testFullRunRenamesTheWholeSourceFamilyAndKeepsRerunsStable]' passed (0.002 seconds).
Test Case '-[converterTests.ConverterTests testFullRunSourceImagesRejectTwoLandscapeMasters]' started.
Test Case '-[converterTests.ConverterTests testFullRunSourceImagesRejectTwoLandscapeMasters]' passed (0.837 seconds).
Test Case '-[converterTests.ConverterTests testFullRunSourceImagesSplitByOrientation]' started.
Test Case '-[converterTests.ConverterTests testFullRunSourceImagesSplitByOrientation]' passed (0.403 seconds).
Test Case '-[converterTests.ConverterTests testGrayscaleOutputSatisfiesAnSRGBExpectation]' started.
Test Case '-[converterTests.ConverterTests testGrayscaleOutputSatisfiesAnSRGBExpectation]' passed (0.002 seconds).
Test Case '-[converterTests.ConverterTests testHashActionsDefaultToProjectOutputDirectory]' started.
Test Case '-[converterTests.ConverterTests testHashActionsDefaultToProjectOutputDirectory]' passed (0.001 seconds).
Test Case '-[converterTests.ConverterTests testHelpListAndMatrixSkipRuntimeDependencyBootstrap]' started.
Test Case '-[converterTests.ConverterTests testHelpListAndMatrixSkipRuntimeDependencyBootstrap]' passed (0.000 seconds).
Test Case '-[converterTests.ConverterTests testHelpTextDistinguishesAlbumTxtAndDirectoryAlbumBuilds]' started.
Test Case '-[converterTests.ConverterTests testHelpTextDistinguishesAlbumTxtAndDirectoryAlbumBuilds]' passed (0.001 seconds).
Test Case '-[converterTests.ConverterTests testHelpTextMentionsFullRunContract]' started.
Test Case '-[converterTests.ConverterTests testHelpTextMentionsFullRunContract]' passed (0.006 seconds).
Test Case '-[converterTests.ConverterTests testHomebrewInstallerIsPinnedAndIntegrityChecked]' started.
Test Case '-[converterTests.ConverterTests testHomebrewInstallerIsPinnedAndIntegrityChecked]' passed (0.151 seconds).
Test Case '-[converterTests.ConverterTests testInstallerSubprocessReportsStderrAndTimesOut]' started.
Test Case '-[converterTests.ConverterTests testInstallerSubprocessReportsStderrAndTimesOut]' passed (1.533 seconds).
Test Case '-[converterTests.ConverterTests testInvalidLoudnormConfigTargetIsRejectedDuringLoad]' started.
Test Case '-[converterTests.ConverterTests testInvalidLoudnormConfigTargetIsRejectedDuringLoad]' passed (0.009 seconds).
Test Case '-[converterTests.ConverterTests testInvalidStringConfigIsRejectedDuringLoad]' started.
Test Case '-[converterTests.ConverterTests testInvalidStringConfigIsRejectedDuringLoad]' passed (0.005 seconds).
Test Case '-[converterTests.ConverterTests testLoudnessFallbackAcceptsMediaValidQCIssuesOnly]' started.
Test Case '-[converterTests.ConverterTests testLoudnessFallbackAcceptsMediaValidQCIssuesOnly]' passed (0.002 seconds).
Test Case '-[converterTests.ConverterTests testLoudnessFallbackOnlyExcusesAnInherentTruePeak]' started.
Test Case '-[converterTests.ConverterTests testLoudnessFallbackOnlyExcusesAnInherentTruePeak]' passed (0.001 seconds).
Test Case '-[converterTests.ConverterTests testLoudnessFiltersRejectBassAndEQFilters]' started.
Test Case '-[converterTests.ConverterTests testLoudnessFiltersRejectBassAndEQFilters]' passed (0.002 seconds).
Test Case '-[converterTests.ConverterTests testLoudnessParsesTargetLUFS]' started.
Test Case '-[converterTests.ConverterTests testLoudnessParsesTargetLUFS]' passed (0.000 seconds).
Test Case '-[converterTests.ConverterTests testLoudnessRejectsInvalidTargets]' started.
Test Case '-[converterTests.ConverterTests testLoudnessRejectsInvalidTargets]' passed (0.000 seconds).
Test Case '-[converterTests.ConverterTests testLoudnormArgumentClampsAreInclusiveAtTheExactBounds]' started.
Test Case '-[converterTests.ConverterTests testLoudnormArgumentClampsAreInclusiveAtTheExactBounds]' passed (0.002 seconds).
Test Case '-[converterTests.ConverterTests testLoudnormArgumentRoundingNeverLeavesTheAcceptedRange]' started.
Test Case '-[converterTests.ConverterTests testLoudnormArgumentRoundingNeverLeavesTheAcceptedRange]' passed (0.333 seconds).
Test Case '-[converterTests.ConverterTests testLoudnormArgumentsStayInsideFFmpegsAcceptedRanges]' started.
Test Case '-[converterTests.ConverterTests testLoudnormArgumentsStayInsideFFmpegsAcceptedRanges]' passed (0.000 seconds).
Test Case '-[converterTests.ConverterTests testLoudnormJSONParsingIgnoresBracesInInputMetadata]' started.
Test Case '-[converterTests.ConverterTests testLoudnormJSONParsingIgnoresBracesInInputMetadata]' passed (0.001 seconds).
Test Case '-[converterTests.ConverterTests testLoudnormJSONParsingToleratesSurroundingFilterOutput]' started.
Test Case '-[converterTests.ConverterTests testLoudnormJSONParsingToleratesSurroundingFilterOutput]' passed (0.000 seconds).
Test Case '-[converterTests.ConverterTests testMasterAndFLACAlbumCandidatesSkipDerivedOutputs]' started.
Test Case '-[converterTests.ConverterTests testMasterAndFLACAlbumCandidatesSkipDerivedOutputs]' passed (0.001 seconds).
Test Case '-[converterTests.ConverterTests testMatrixInitializationDoesNotRequireProjectOutputDirectory]' started.
Test Case '-[converterTests.ConverterTests testMatrixInitializationDoesNotRequireProjectOutputDirectory]' passed (0.001 seconds).
Test Case '-[converterTests.ConverterTests testMatrixTextMentionsCompletedAudioAndImageGraph]' started.
Test Case '-[converterTests.ConverterTests testMatrixTextMentionsCompletedAudioAndImageGraph]' passed (0.000 seconds).
Test Case '-[converterTests.ConverterTests testMissingAlbumFileErrorPointsAtTheExampleTemplate]' started.
Test Case '-[converterTests.ConverterTests testMissingAlbumFileErrorPointsAtTheExampleTemplate]' passed (0.000 seconds).
Test Case '-[converterTests.ConverterTests testMissingSourceAudioErrorNamesWhatWasSkipped]' started.
[2026-09-14 11:43:26] [converterTests] [INFO] Source audio renamed: Mirage.mp3 -> 1_source.mp3
[2026-09-14 11:43:26] [converterTests] [INFO] Source audio renamed: Mirage_RF64.wav -> 1_source_RF64.wav
Test Case '-[converterTests.ConverterTests testMissingSourceAudioErrorNamesWhatWasSkipped]' passed (0.001 seconds).
Test Case '-[converterTests.ConverterTests testNFTToShortFlagParsesAndOldMP3ToShortFlagIsRejected]' started.
Test Case '-[converterTests.ConverterTests testNFTToShortFlagParsesAndOldMP3ToShortFlagIsRejected]' passed (0.000 seconds).
Test Case '-[converterTests.ConverterTests testNoArgumentsShowHelpInsteadOfFullRun]' started.
Test Case '-[converterTests.ConverterTests testNoArgumentsShowHelpInsteadOfFullRun]' passed (0.000 seconds).
Test Case '-[converterTests.ConverterTests testNoiseParsesDefaultAndExplicitDuration]' started.
Test Case '-[converterTests.ConverterTests testNoiseParsesDefaultAndExplicitDuration]' passed (0.000 seconds).
Test Case '-[converterTests.ConverterTests testNoiseRejectsInvalidArguments]' started.
Test Case '-[converterTests.ConverterTests testNoiseRejectsInvalidArguments]' passed (0.000 seconds).
Test Case '-[converterTests.ConverterTests testNonFiniteConfigDoubleIsRejectedDuringLoad]' started.
Test Case '-[converterTests.ConverterTests testNonFiniteConfigDoubleIsRejectedDuringLoad]' passed (0.001 seconds).
Test Case '-[converterTests.ConverterTests testNumericFormattingAndBitrateParsingUseStableFFmpegForms]' started.
Test Case '-[converterTests.ConverterTests testNumericFormattingAndBitrateParsingUseStableFFmpegForms]' passed (0.001 seconds).
Test Case '-[converterTests.ConverterTests testOrphanCleanupLeavesOtherHostsTempFilesAlone]' started.
Test Case '-[converterTests.ConverterTests testOrphanCleanupLeavesOtherHostsTempFilesAlone]' passed (0.001 seconds).
Test Case '-[converterTests.ConverterTests testOutputFileIsOnlyAcceptedBySingleOutputActions]' started.
Test Case '-[converterTests.ConverterTests testOutputFileIsOnlyAcceptedBySingleOutputActions]' passed (0.000 seconds).
Test Case '-[converterTests.ConverterTests testOutputNamingAndSuffixHelpersAreStable]' started.
Test Case '-[converterTests.ConverterTests testOutputNamingAndSuffixHelpersAreStable]' passed (0.000 seconds).
Test Case '-[converterTests.ConverterTests testParserRejectsDeprecatedInputOverrideFlags]' started.
Test Case '-[converterTests.ConverterTests testParserRejectsDeprecatedInputOverrideFlags]' passed (0.000 seconds).
Test Case '-[converterTests.ConverterTests testParserRejectsRecursiveDiscoveryFlag]' started.
Test Case '-[converterTests.ConverterTests testParserRejectsRecursiveDiscoveryFlag]' passed (0.000 seconds).
Test Case '-[converterTests.ConverterTests testParserRejectsRemovedJPEGAliasFlags]' started.
Test Case '-[converterTests.ConverterTests testParserRejectsRemovedJPEGAliasFlags]' passed (0.000 seconds).
Test Case '-[converterTests.ConverterTests testProcessRunnerNamesSignalDeaths]' started.
Test Case '-[converterTests.ConverterTests testProcessRunnerNamesSignalDeaths]' passed (0.065 seconds).
Test Case '-[converterTests.ConverterTests testProjectLoudnessDefaultsAreMinus12LUFS]' started.
Test Case '-[converterTests.ConverterTests testProjectLoudnessDefaultsAreMinus12LUFS]' passed (0.000 seconds).
Test Case '-[converterTests.ConverterTests testPublishBackupRecoveryRemovesStaleBackupWhenDestinationExists]' started.
Test Case '-[converterTests.ConverterTests testPublishBackupRecoveryRemovesStaleBackupWhenDestinationExists]' passed (0.001 seconds).
Test Case '-[converterTests.ConverterTests testPublishBackupRecoveryRestoresMissingDestination]' started.
[2026-09-14 11:43:27] [converterTests] [WARN] Recovered previous version from publish backup: /var/folders/7l/ry9rvd3d72z864w_jd2my37m0000gn/T/converter-test-1ED0B6A0-76A7-464C-95E3-5CAE1C4E7B73/song.mp3
Test Case '-[converterTests.ConverterTests testPublishBackupRecoveryRestoresMissingDestination]' passed (0.001 seconds).
Test Case '-[converterTests.ConverterTests testPublishTempKeepsDestinationWhenBackupMoveFails]' started.
Test Case '-[converterTests.ConverterTests testPublishTempKeepsDestinationWhenBackupMoveFails]' passed (0.007 seconds).
Test Case '-[converterTests.ConverterTests testPublishTempLeavesNoBackupBehind]' started.
Test Case '-[converterTests.ConverterTests testPublishTempLeavesNoBackupBehind]' passed (0.002 seconds).
Test Case '-[converterTests.ConverterTests testPublishTempRestoresPreviousVersionWhenTempMoveFails]' started.
Test Case '-[converterTests.ConverterTests testPublishTempRestoresPreviousVersionWhenTempMoveFails]' passed (0.003 seconds).
Test Case '-[converterTests.ConverterTests testRepositoryConfigKeysAreSupportedAndTheFileLoadsWithoutWarnings]' started.
Test Case '-[converterTests.ConverterTests testRepositoryConfigKeysAreSupportedAndTheFileLoadsWithoutWarnings]' passed (0.001 seconds).
Test Case '-[converterTests.ConverterTests testRequireDirectChildHandlesAbsolutePathsInsideAndOutsideOutDir]' started.
Test Case '-[converterTests.ConverterTests testRequireDirectChildHandlesAbsolutePathsInsideAndOutsideOutDir]' passed (0.001 seconds).
Test Case '-[converterTests.ConverterTests testRequireDirectChildRejectsRelativeEscapesSubfoldersAndSymlinkedSubfolders]' started.
Test Case '-[converterTests.ConverterTests testRequireDirectChildRejectsRelativeEscapesSubfoldersAndSymlinkedSubfolders]' passed (0.002 seconds).
Test Case '-[converterTests.ConverterTests testRequireDirectChildResolvesSymlinkedOutDirOnBothSides]' started.
Test Case '-[converterTests.ConverterTests testRequireDirectChildResolvesSymlinkedOutDirOnBothSides]' passed (0.001 seconds).
Test Case '-[converterTests.ConverterTests testResolveFullAudioPrefersHighestQualitySameStemSource]' started.
[2026-09-14 11:43:27] [converterTests] [WARN] Full pipeline found multiple same-stem audio files; auto-selecting song.flac and ignoring derived companions.
[2026-09-14 11:43:27] [converterTests] [INFO] Source audio renamed: song.flac -> 1_source.flac
[2026-09-14 11:43:27] [converterTests] [INFO] Source audio renamed: song.mp3 -> 1_source.mp3
[2026-09-14 11:43:27] [converterTests] [INFO] Source audio renamed: song.wav -> 1_source.wav
[2026-09-14 11:43:27] [converterTests] [INFO] Source audio renamed: song_BW64.flac -> 1_source_BW64.flac
[2026-09-14 11:43:27] [converterTests] [INFO] Source audio renamed: song_RF64.wav -> 1_source_RF64.wav
Test Case '-[converterTests.ConverterTests testResolveFullAudioPrefersHighestQualitySameStemSource]' passed (0.002 seconds).
Test Case '-[converterTests.ConverterTests testResolveFullImageCollapsesItsOwnDerivedOutputsOnRerun]' started.
[2026-09-14 11:43:28] [converterTests] [WARN] Square source image '9_NFT3K.png' is treated as the landscape master; it will be fitted into a 7680x4320 frame.
[2026-09-14 11:43:28] [converterTests] [WARN] Square source image '9_NFT8K.png' is treated as the landscape master; it will be fitted into a 7680x4320 frame.
[2026-09-14 11:43:28] [converterTests] [WARN] Full pipeline found multiple same-stem images; auto-selecting 9_8K.png and ignoring derived companions.
[2026-09-14 11:43:28] [converterTests] [WARN] Square source image '9_NFT3K.png' is treated as the landscape master; it will be fitted into a 7680x4320 frame.
[2026-09-14 11:43:28] [converterTests] [WARN] Square source image '9_NFT8K.png' is treated as the landscape master; it will be fitted into a 7680x4320 frame.
[2026-09-14 11:43:28] [converterTests] [WARN] Full pipeline found multiple same-stem images; auto-selecting 9.png and ignoring derived companions.
Test Case '-[converterTests.ConverterTests testResolveFullImageCollapsesItsOwnDerivedOutputsOnRerun]' passed (1.214 seconds).
Test Case '-[converterTests.ConverterTests testResolveFullImageStillRejectsTwoDistinctSources]' started.
Test Case '-[converterTests.ConverterTests testResolveFullImageStillRejectsTwoDistinctSources]' passed (0.399 seconds).
Test Case '-[converterTests.ConverterTests testSchedulerProfileKeepsExpectedConcurrencyCaps]' started.
Test Case '-[converterTests.ConverterTests testSchedulerProfileKeepsExpectedConcurrencyCaps]' passed (0.000 seconds).
Test Case '-[converterTests.ConverterTests testShortClipSecondsAcceptsTimecodesAndRejectsNonPositiveOrMalformedValues]' started.
Test Case '-[converterTests.ConverterTests testShortClipSecondsAcceptsTimecodesAndRejectsNonPositiveOrMalformedValues]' passed (0.020 seconds).
Test Case '-[converterTests.ConverterTests testShortDurationHelpersClampToInputDurationConfigAndHardLimit]' started.
Test Case '-[converterTests.ConverterTests testShortDurationHelpersClampToInputDurationConfigAndHardLimit]' passed (0.004 seconds).
Test Case '-[converterTests.ConverterTests testShortFillModesUseDistinctTempStemsAndSuffixes]' started.
Test Case '-[converterTests.ConverterTests testShortFillModesUseDistinctTempStemsAndSuffixes]' passed (0.000 seconds).
Test Case '-[converterTests.ConverterTests testShortMP4StemsCoverLetterboxedAndCenterCutVariants]' started.
Test Case '-[converterTests.ConverterTests testShortMP4StemsCoverLetterboxedAndCenterCutVariants]' passed (0.001 seconds).
Test Case '-[converterTests.ConverterTests testSilenceParsesDefaultAndExplicitDuration]' started.
Test Case '-[converterTests.ConverterTests testSilenceParsesDefaultAndExplicitDuration]' passed (0.000 seconds).
Test Case '-[converterTests.ConverterTests testSilenceRejectsInvalidArguments]' started.
Test Case '-[converterTests.ConverterTests testSilenceRejectsInvalidArguments]' passed (0.000 seconds).
Test Case '-[converterTests.ConverterTests testStaticLoudnessGainNeverAttenuatesQuietPeakConstrainedAudio]' started.
Test Case '-[converterTests.ConverterTests testStaticLoudnessGainNeverAttenuatesQuietPeakConstrainedAudio]' passed (0.000 seconds).
Test Case '-[converterTests.ConverterTests testStringAndURLHelpersNormalizeNamesWithoutFileSystemAccess]' started.
Test Case '-[converterTests.ConverterTests testStringAndURLHelpersNormalizeNamesWithoutFileSystemAccess]' passed (0.000 seconds).
Test Case '-[converterTests.ConverterTests testTailFadeParsesDefaultAndExplicitDuration]' started.
Test Case '-[converterTests.ConverterTests testTailFadeParsesDefaultAndExplicitDuration]' passed (0.000 seconds).
Test Case '-[converterTests.ConverterTests testTailFadeRejectsTooManyArguments]' started.
Test Case '-[converterTests.ConverterTests testTailFadeRejectsTooManyArguments]' passed (0.000 seconds).
Test Case '-[converterTests.ConverterTests testTimecodeRejectsAbsurdDurationsAndFFmpegNumberNeverTraps]' started.
Test Case '-[converterTests.ConverterTests testTimecodeRejectsAbsurdDurationsAndFFmpegNumberNeverTraps]' passed (0.003 seconds).
Test Case '-[converterTests.ConverterTests testTimecodeRejectsEmptyColonSeparatedComponents]' started.
Test Case '-[converterTests.ConverterTests testTimecodeRejectsEmptyColonSeparatedComponents]' passed (0.000 seconds).
Test Case '-[converterTests.ConverterTests testUnitMakeToolIgnoresHostConfigAndDebugOverrides]' started.
Test Case '-[converterTests.ConverterTests testUnitMakeToolIgnoresHostConfigAndDebugOverrides]' passed (0.000 seconds).
Test Case '-[converterTests.ConverterTests testUnknownConfigKeyIsReportedAtWarnLevelNamingKeyAndFile]' started.
Test Case '-[converterTests.ConverterTests testUnknownConfigKeyIsReportedAtWarnLevelNamingKeyAndFile]' passed (0.003 seconds).
Test Case '-[converterTests.ConverterTests testUnknownOptionsAndStrayPositionalsAreRejected]' started.
Test Case '-[converterTests.ConverterTests testUnknownOptionsAndStrayPositionalsAreRejected]' passed (0.000 seconds).
Test Case '-[converterTests.ConverterTests testUnusableInstalledToolsAreNamedWithTheirReason]' started.
Test Case '-[converterTests.ConverterTests testUnusableInstalledToolsAreNamedWithTheirReason]' passed (0.598 seconds).
Test Case '-[converterTests.ConverterTests testValidateRejectsH264VideoToolboxPrimaryAboveVideoToolboxSessionLimit]' started.
Test Case '-[converterTests.ConverterTests testValidateRejectsH264VideoToolboxPrimaryAboveVideoToolboxSessionLimit]' passed (0.019 seconds).
Test Case '-[converterTests.ConverterTests testVerifyCodecMapsEncoderFamilies]' started.
Test Case '-[converterTests.ConverterTests testVerifyCodecMapsEncoderFamilies]' passed (0.001 seconds).
Test Case '-[converterTests.ConverterTests testWAVHeaderRejectsTruncatedWAVXAndMismatchedContainers]' started.
Test Case '-[converterTests.ConverterTests testWAVHeaderRejectsTruncatedWAVXAndMismatchedContainers]' passed (0.003 seconds).
Test Case '-[converterTests.ConverterTests testYouTubeShortProfileKeepsLibx264PrimaryAtPortrait8K]' started.
Test Case '-[converterTests.ConverterTests testYouTubeShortProfileKeepsLibx264PrimaryAtPortrait8K]' passed (0.000 seconds).
Test Case '-[converterTests.ConverterTests testYouTubeShortProfileKeepsProjectMinus12LUFSTarget]' started.
Test Case '-[converterTests.ConverterTests testYouTubeShortProfileKeepsProjectMinus12LUFSTarget]' passed (0.000 seconds).
Test Suite 'ConverterTests' passed at 2026-09-14 11:43:29.325.
	 Executed 125 tests, with 0 failures (0 unexpected) in 7.095 (7.105) seconds
Test Suite 'PipelineIntegrationTests' started at 2026-09-14 11:43:29.325.
Test Case '-[converterTests.PipelineIntegrationTests testAcceptsLeadingSilenceWhenAudioBecomesAudibleLater]' started.
[2026-09-14 11:43:30] [converterTests] [INFO] Created WAV: leadingsilence.wav
Test Case '-[converterTests.PipelineIntegrationTests testAcceptsLeadingSilenceWhenAudioBecomesAudibleLater]' passed (1.942 seconds).
Test Case '-[converterTests.PipelineIntegrationTests testAIPixPreservesFullStemToAvoidUnderscoreCollisions]' started.
[2026-09-14 11:43:31] [converterTests] [INFO] PNG variants: art_1.png
[2026-09-14 11:43:32] [converterTests] [INFO] Created 8K PNG: art_1_8K.png
[2026-09-14 11:43:32] [converterTests] [INFO] Created 4K PNG: art_1_4K.png
[2026-09-14 11:43:32] [converterTests] [INFO] PNG variants: art_2.png
[2026-09-14 11:43:33] [converterTests] [INFO] Created 8K PNG: art_2_8K.png
[2026-09-14 11:43:33] [converterTests] [INFO] Created 4K PNG: art_2_4K.png
Test Case '-[converterTests.PipelineIntegrationTests testAIPixPreservesFullStemToAvoidUnderscoreCollisions]' passed (2.086 seconds).
Test Case '-[converterTests.PipelineIntegrationTests testAlbumBuildAcceptsNonStandardRIFFWavInputs]' started.
[2026-09-14 11:43:34] [converterTests] [INFO] Created album WAV: /var/folders/7l/ry9rvd3d72z864w_jd2my37m0000gn/T/converter-tests.6AFC6731-66AA-414A-B3E1-67AC14D382BF/Output/album.rf64.wav
Test Case '-[converterTests.PipelineIntegrationTests testAlbumBuildAcceptsNonStandardRIFFWavInputs]' passed (1.902 seconds).
Test Case '-[converterTests.PipelineIntegrationTests testAlbumBuildFromAlbumFileCreatesVerifiedRF64Wave]' started.
[2026-09-14 11:43:36] [converterTests] [INFO] Created album WAV: /var/folders/7l/ry9rvd3d72z864w_jd2my37m0000gn/T/converter-tests.8DF053CE-6926-4C92-AE6D-517995ECDD28/Output/album.rf64.wav
Test Case '-[converterTests.PipelineIntegrationTests testAlbumBuildFromAlbumFileCreatesVerifiedRF64Wave]' passed (1.902 seconds).
Test Case '-[converterTests.PipelineIntegrationTests testAlbumDurationToleranceIsStrictlyBelowTheGapItMustDetect]' started.
Test Case '-[converterTests.PipelineIntegrationTests testAlbumDurationToleranceIsStrictlyBelowTheGapItMustDetect]' passed (0.003 seconds).
Test Case '-[converterTests.PipelineIntegrationTests testAlbumFileFailsClosedOnMissingTracksUnlessContinueOnError]' started.
[2026-09-14 11:43:37] [converterTests] [ERROR] album.txt entry 'missing_track.wav': missing track /var/folders/7l/ry9rvd3d72z864w_jd2my37m0000gn/T/converter-tests.02B3399C-E6CC-4C4E-8861-9FE4F0EA95A0/Output/missing_track.wav
[2026-09-14 11:43:38] [converterTests] [INFO] Created album WAV: /var/folders/7l/ry9rvd3d72z864w_jd2my37m0000gn/T/converter-tests.02B3399C-E6CC-4C4E-8861-9FE4F0EA95A0/Output/album.rf64.wav
Test Case '-[converterTests.PipelineIntegrationTests testAlbumFileFailsClosedOnMissingTracksUnlessContinueOnError]' passed (2.207 seconds).
Test Case '-[converterTests.PipelineIntegrationTests testAlbumPipelineSortsMixedAudioNormalizesAndContinuesFullRun]' started.
[2026-09-14 11:43:39] [converterTests] [INFO] Profile: youtube_master
[2026-09-14 11:43:39] [converterTests] [INFO] Scheduler profile: total=3 image=2 audio=2 video=1
[2026-09-14 11:43:39] [converterTests] [INFO] Album pipeline start
[2026-09-14 11:43:39] [converterTests] [INFO] Album track order: 1 - Sun.mp3, 2 - Rain.wav, 10 - Storm.flac
[2026-09-14 11:43:39] [converterTests] [INFO] Album loudness normalize 1/3: 1 - Sun.mp3
[2026-09-14 11:43:40] [converterTests] [INFO] Album track ready: 1 - Sun.mp3 [integrated=-11.95 LUFS]
[2026-09-14 11:43:40] [converterTests] [INFO] Album loudness normalize 2/3: 2 - Rain.wav
[2026-09-14 11:43:41] [converterTests] [INFO] Album track ready: 2 - Rain.wav [integrated=-12.05 LUFS]
[2026-09-14 11:43:41] [converterTests] [INFO] Album loudness normalize 3/3: 10 - Storm.flac
[2026-09-14 11:43:41] [converterTests] [INFO] Album track ready: 10 - Storm.flac [integrated=-11.95 LUFS]
[2026-09-14 11:43:42] [converterTests] [INFO] Created album WAV: /var/folders/7l/ry9rvd3d72z864w_jd2my37m0000gn/T/converter-tests.B5865E0E-FC32-46EA-AAD6-A7A7A82F4A43/Output/album.wav
[2026-09-14 11:43:42] [converterTests] [INFO] Album source audio: album.wav
[2026-09-14 11:43:42] [converterTests] [INFO] Full step: use Horizontal_8K.png for main MP4
[2026-09-14 11:43:42] [converterTests] [INFO] Full step: use Vertical_8K.png for short MP4
[2026-09-14 11:43:42] [converterTests] [INFO] Full step: image deliverables from Horizontal_8K.png
[2026-09-14 11:43:42] [converterTests] [INFO] Full step: 4K PNG
[2026-09-14 11:43:42] [converterTests] [INFO] Full step: NFT assets
[2026-09-14 11:43:42] [converterTests] [INFO] Created 4K PNG: album_4K.png
[2026-09-14 11:43:42] [converterTests] [INFO] Full step: 2K PNG
[2026-09-14 11:43:42] [converterTests] [INFO] Created 2K PNG: album_2K.png
[2026-09-14 11:43:42] [converterTests] [INFO] Full step: 3K PNG
[2026-09-14 11:43:42] [converterTests] [INFO] Full step: external RF64/BW64 audio deliverables
[2026-09-14 11:43:42] [converterTests] [INFO] Created 3K PNG: album_3K.png
[2026-09-14 11:43:42] [converterTests] [INFO] Full step: 3K JPG deliverables
[2026-09-14 11:43:42] [converterTests] [INFO] Created NFT set: album
[2026-09-14 11:43:42] [converterTests] [INFO] Full step: 8K JPG deliverables
[2026-09-14 11:43:42] [converterTests] [INFO] Created 1MB JPG: album_3K_1MB.jpg
[2026-09-14 11:43:42] [converterTests] [INFO] Created 1MB JPG: album_8K_1MB.jpg
[2026-09-14 11:43:42] [converterTests] [INFO] Created 5MB JPG: album_3K_5MB.jpg
[2026-09-14 11:43:42] [converterTests] [INFO] Created 2MB JPG: album_8K_2MB.jpg
[2026-09-14 11:43:42] [converterTests] [INFO] Created 20MB JPG: album_8K_20MB.jpg
[2026-09-14 11:43:42] [converterTests] [INFO] Created external FLAC: album_RF64.flac
[2026-09-14 11:43:43] [converterTests] [INFO] Created external WAV: album_RF64.wav
[2026-09-14 11:43:43] [converterTests] [INFO] Created external BW64 WAV: album_BW64.wav
[2026-09-14 11:43:44] [converterTests] [INFO] Created MP3: album.mp3
[2026-09-14 11:43:44] [converterTests] [INFO] Created M4A: album.m4a
[2026-09-14 11:43:44] [converterTests] [INFO] Full step: M4A -> MP4
[2026-09-14 11:43:44] [converterTests] [INFO] Main video encoders: hevc_videotoolbox, libx265
[2026-09-14 11:43:45] [converterTests] [INFO] Created MP4: album_8K.mp4 [encoder=hevc_videotoolbox]
[2026-09-14 11:43:45] [converterTests] [INFO] Full step: portrait short stills
[2026-09-14 11:43:46] [converterTests] [INFO] Created portrait still: album_Short_8K.png
[2026-09-14 11:43:46] [converterTests] [INFO] Created 1MB JPG: album_Short_8K_1MB.jpg
[2026-09-14 11:43:46] [converterTests] [INFO] Created 2MB JPG: album_Short_8K_2MB.jpg
[2026-09-14 11:43:46] [converterTests] [INFO] Created portrait still: album_Short_CenterCut_8K.png
[2026-09-14 11:43:46] [converterTests] [INFO] Created 1MB JPG: album_Short_CenterCut_8K_1MB.jpg
[2026-09-14 11:43:46] [converterTests] [INFO] Created 2MB JPG: album_Short_CenterCut_8K_2MB.jpg
[2026-09-14 11:43:46] [converterTests] [INFO] Full step: PNG -> Short: album_Short_8K.png
[2026-09-14 11:43:46] [converterTests] [INFO] Short video encoders: libx264, h264_videotoolbox
[2026-09-14 11:43:47] [converterTests] [INFO] Created portrait short MP4: album_8K_Short.mp4 [encoder=libx264]
[2026-09-14 11:43:48] [converterTests] [INFO] Created portrait short MP4: album_8K_Short_FullSong.mp4 [encoder=libx264]
[2026-09-14 11:43:49] [converterTests] [INFO] Created portrait short MP4 (centre cut): album_8K_Short_CenterCut.mp4 [encoder=libx264]
[2026-09-14 11:43:50] [converterTests] [INFO] Created portrait short MP4 (centre cut): album_8K_Short_FullSong_CenterCut.mp4 [encoder=libx264]
[2026-09-14 11:43:50] [converterTests] [INFO] Album pipeline complete
Test Case '-[converterTests.PipelineIntegrationTests testAlbumPipelineSortsMixedAudioNormalizesAndContinuesFullRun]' passed (11.878 seconds).
Test Case '-[converterTests.PipelineIntegrationTests testAlbumRunKeepsOutputFileForTheAlbumWAVOnly]' started.
[2026-09-14 11:43:51] [converterTests] [INFO] Profile: youtube_master
[2026-09-14 11:43:51] [converterTests] [INFO] Scheduler profile: total=3 image=2 audio=2 video=1
[2026-09-14 11:43:51] [converterTests] [INFO] Album pipeline start
[2026-09-14 11:43:51] [converterTests] [INFO] Album track order: 01.wav, 02.wav
[2026-09-14 11:43:51] [converterTests] [INFO] Album loudness normalize 1/2: 01.wav
[2026-09-14 11:43:52] [converterTests] [INFO] Album track ready: 01.wav [integrated=-12.05 LUFS]
[2026-09-14 11:43:52] [converterTests] [INFO] Album loudness normalize 2/2: 02.wav
[2026-09-14 11:43:52] [converterTests] [INFO] Album track ready: 02.wav [integrated=-11.95 LUFS]
[2026-09-14 11:43:53] [converterTests] [INFO] Created album WAV: /var/folders/7l/ry9rvd3d72z864w_jd2my37m0000gn/T/converter-tests.090BEAD0-84C8-4BD1-AE24-AB97E75D9487/Output/MyAlbum.wav
[2026-09-14 11:43:53] [converterTests] [INFO] Album source audio: MyAlbum.wav
[2026-09-14 11:43:53] [converterTests] [INFO] Full step: PNG variants
[2026-09-14 11:43:53] [converterTests] [INFO] Created 8K PNG: MyAlbum_8K.png
[2026-09-14 11:43:53] [converterTests] [INFO] Created 4K PNG: MyAlbum_4K.png
[2026-09-14 11:43:53] [converterTests] [INFO] Full step: NFT assets
[2026-09-14 11:43:53] [converterTests] [INFO] Full step: 2K PNG
[2026-09-14 11:43:53] [converterTests] [INFO] Full step: external RF64/BW64 audio deliverables
[2026-09-14 11:43:53] [converterTests] [INFO] Created 2K PNG: MyAlbum_2K.png
[2026-09-14 11:43:53] [converterTests] [INFO] Full step: 3K PNG
[2026-09-14 11:43:53] [converterTests] [INFO] Created 3K PNG: MyAlbum_3K.png
[2026-09-14 11:43:53] [converterTests] [INFO] Full step: 3K JPG deliverables
[2026-09-14 11:43:53] [converterTests] [INFO] Created 1MB JPG: MyAlbum_3K_1MB.jpg
[2026-09-14 11:43:53] [converterTests] [INFO] Created NFT set: MyAlbum
[2026-09-14 11:43:53] [converterTests] [INFO] Full step: 8K JPG deliverables
[2026-09-14 11:43:53] [converterTests] [INFO] Created 5MB JPG: MyAlbum_3K_5MB.jpg
[2026-09-14 11:43:53] [converterTests] [INFO] Created 1MB JPG: MyAlbum_8K_1MB.jpg
[2026-09-14 11:43:53] [converterTests] [INFO] Created 2MB JPG: MyAlbum_8K_2MB.jpg
[2026-09-14 11:43:53] [converterTests] [INFO] Created 20MB JPG: MyAlbum_8K_20MB.jpg
[2026-09-14 11:43:53] [converterTests] [INFO] Created external FLAC: MyAlbum_RF64.flac
[2026-09-14 11:43:54] [converterTests] [INFO] Created external WAV: MyAlbum_RF64.wav
[2026-09-14 11:43:54] [converterTests] [INFO] Created external BW64 WAV: MyAlbum_BW64.wav
[2026-09-14 11:43:55] [converterTests] [INFO] Created MP3: MyAlbum.mp3
[2026-09-14 11:43:55] [converterTests] [INFO] Created M4A: MyAlbum.m4a
[2026-09-14 11:43:55] [converterTests] [INFO] Full step: M4A -> MP4
[2026-09-14 11:43:55] [converterTests] [INFO] Main video encoders: hevc_videotoolbox, libx265
[2026-09-14 11:43:56] [converterTests] [INFO] Created MP4: MyAlbum_8K.mp4 [encoder=hevc_videotoolbox]
[2026-09-14 11:43:56] [converterTests] [INFO] Full step: portrait short stills
[2026-09-14 11:43:56] [converterTests] [INFO] Created portrait still: MyAlbum_Short_8K.png
[2026-09-14 11:43:56] [converterTests] [INFO] Created 1MB JPG: MyAlbum_Short_8K_1MB.jpg
[2026-09-14 11:43:56] [converterTests] [INFO] Created 2MB JPG: MyAlbum_Short_8K_2MB.jpg
[2026-09-14 11:43:56] [converterTests] [INFO] Created portrait still: MyAlbum_Short_CenterCut_8K.png
[2026-09-14 11:43:56] [converterTests] [INFO] Created 1MB JPG: MyAlbum_Short_CenterCut_8K_1MB.jpg
[2026-09-14 11:43:56] [converterTests] [INFO] Created 2MB JPG: MyAlbum_Short_CenterCut_8K_2MB.jpg
[2026-09-14 11:43:56] [converterTests] [INFO] Full step: PNG -> Short: MyAlbum_Short_8K.png
[2026-09-14 11:43:57] [converterTests] [INFO] Short video encoders: libx264, h264_videotoolbox
[2026-09-14 11:43:58] [converterTests] [INFO] Created portrait short MP4: MyAlbum_8K_Short.mp4 [encoder=libx264]
[2026-09-14 11:43:59] [converterTests] [INFO] Created portrait short MP4: MyAlbum_8K_Short_FullSong.mp4 [encoder=libx264]
[2026-09-14 11:44:00] [converterTests] [INFO] Created portrait short MP4 (centre cut): MyAlbum_8K_Short_CenterCut.mp4 [encoder=libx264]
[2026-09-14 11:44:01] [converterTests] [INFO] Created portrait short MP4 (centre cut): MyAlbum_8K_Short_FullSong_CenterCut.mp4 [encoder=libx264]
[2026-09-14 11:44:01] [converterTests] [INFO] Album pipeline complete
Test Case '-[converterTests.PipelineIntegrationTests testAlbumRunKeepsOutputFileForTheAlbumWAVOnly]' passed (9.936 seconds).
Test Case '-[converterTests.PipelineIntegrationTests testAudioConversionMatrixProducesVerifiedOutputs]' started.
[2026-09-14 11:44:02] [converterTests] [INFO] Created WAV: audio_flac.wav
[2026-09-14 11:44:05] [converterTests] [INFO] Created MP3: audio_flac.mp3
[2026-09-14 11:44:07] [converterTests] [INFO] Created M4A: audio_flac.m4a
[2026-09-14 11:44:09] [converterTests] [INFO] Created FLAC: audio_wav.flac
[2026-09-14 11:44:12] [converterTests] [INFO] Created MP3: audio_wav.mp3
[2026-09-14 11:44:14] [converterTests] [INFO] Created M4A: audio_wav.m4a
[2026-09-14 11:44:16] [converterTests] [INFO] Created WAV: audio_mp3.wav
[2026-09-14 11:44:18] [converterTests] [INFO] Created FLAC: audio_mp3.flac
[2026-09-14 11:44:20] [converterTests] [INFO] Created M4A: audio_mp3.m4a
[2026-09-14 11:44:22] [converterTests] [INFO] Created WAV: audio_m4a.wav
[2026-09-14 11:44:25] [converterTests] [INFO] Created MP3: audio_m4a.mp3
[2026-09-14 11:44:26] [converterTests] [INFO] Created FLAC: audio_m4a.flac
Test Case '-[converterTests.PipelineIntegrationTests testAudioConversionMatrixProducesVerifiedOutputs]' passed (26.107 seconds).
Test Case '-[converterTests.PipelineIntegrationTests testAudioTranscodesIgnoreAttachedVideoStreams]' started.
[2026-09-14 11:44:29] [converterTests] [INFO] Created WAV: flac_artwork.wav
[2026-09-14 11:44:30] [converterTests] [INFO] Created WAV: mp3_artwork.wav
Test Case '-[converterTests.PipelineIntegrationTests testAudioTranscodesIgnoreAttachedVideoStreams]' passed (3.751 seconds).
Test Case '-[converterTests.PipelineIntegrationTests testBassBatchResolvesTheFilterSetOncePerRun]' started.
[2026-09-14 11:44:31] [converterTests] [INFO] Bass boost one.wav: frequency=80Hz gain=3dB
[2026-09-14 11:44:34] [converterTests] [INFO] Created bass-adjusted media: one_bass_80Hz_3dB.wav
[2026-09-14 11:44:34] [converterTests] [INFO] Bass boost two.wav: frequency=80Hz gain=3dB
[2026-09-14 11:44:36] [converterTests] [INFO] Created bass-adjusted media: two_bass_80Hz_3dB.wav
Test Case '-[converterTests.PipelineIntegrationTests testBassBatchResolvesTheFilterSetOncePerRun]' passed (5.930 seconds).
Test Case '-[converterTests.PipelineIntegrationTests testBassBoostProcessesAudioAndMP4Inputs]' started.
[2026-09-14 11:44:37] [converterTests] [INFO] Bass boost bass_flac.flac: frequency=80Hz gain=5dB
[2026-09-14 11:44:40] [converterTests] [INFO] Created bass-adjusted media: bass_flac_bass.flac
[2026-09-14 11:44:40] [converterTests] [INFO] Bass boost bass_m4a.m4a: frequency=80Hz gain=5dB
[2026-09-14 11:44:43] [converterTests] [INFO] Created bass-adjusted media: bass_m4a_bass.m4a
[2026-09-14 11:44:43] [converterTests] [INFO] Bass boost bass_mp3.mp3: frequency=80Hz gain=5dB
[2026-09-14 11:44:45] [converterTests] [INFO] Created bass-adjusted media: bass_mp3_bass.mp3
[2026-09-14 11:44:45] [converterTests] [INFO] Bass boost bass_video.mp4: frequency=80Hz gain=5dB
[2026-09-14 11:44:49] [converterTests] [INFO] Created bass-adjusted media: bass_video_bass.mp4
[2026-09-14 11:44:49] [converterTests] [INFO] Bass boost bass_wav.wav: frequency=80Hz gain=5dB
[2026-09-14 11:44:51] [converterTests] [INFO] Created bass-adjusted media: bass_wav_bass.wav
Test Case '-[converterTests.PipelineIntegrationTests testBassBoostProcessesAudioAndMP4Inputs]' passed (18.522 seconds).
Test Case '-[converterTests.PipelineIntegrationTests testBassBoostRefusesToPublishClippedOutput]' started.
[2026-09-14 11:45:00] [converterTests] [INFO] Created bass-adjusted media: quiet_low_bass.wav
Test Case '-[converterTests.PipelineIntegrationTests testBassBoostRefusesToPublishClippedOutput]' passed (4.726 seconds).
Test Case '-[converterTests.PipelineIntegrationTests testBassNegativeGainReducesLowBandEnergy]' started.
[2026-09-14 11:45:03] [converterTests] [INFO] Created bass-adjusted media: bass_cut_source_bass_80Hz_m5dB.wav
Test Case '-[converterTests.PipelineIntegrationTests testBassNegativeGainReducesLowBandEnergy]' passed (3.149 seconds).
Test Case '-[converterTests.PipelineIntegrationTests testBassUsesSettingsSpecificSuffixForManualValues]' started.
Test Case '-[converterTests.PipelineIntegrationTests testBassUsesSettingsSpecificSuffixForManualValues]' passed (0.003 seconds).
Test Case '-[converterTests.PipelineIntegrationTests testBW64SizeEstimateCoversBothPassesAndTheSpaceGuardFires]' started.
Test Case '-[converterTests.PipelineIntegrationTests testBW64SizeEstimateCoversBothPassesAndTheSpaceGuardFires]' passed (0.002 seconds).
Test Case '-[converterTests.PipelineIntegrationTests testBW64StructureRejectsDs64TextInsideBext]' started.
[2026-09-14 11:45:04] [converterTests] [INFO] Created external BW64 WAV: bw64_source_BW64.wav
Test Case '-[converterTests.PipelineIntegrationTests testBW64StructureRejectsDs64TextInsideBext]' passed (1.647 seconds).
Test Case '-[converterTests.PipelineIntegrationTests testBW64WriterRefusesTheSameInputAndOutputPath]' started.
Test Case '-[converterTests.PipelineIntegrationTests testBW64WriterRefusesTheSameInputAndOutputPath]' passed (0.067 seconds).
Test Case '-[converterTests.PipelineIntegrationTests testBW64WriterRejectsAChannelCountThatOverflowsTheBlockAlignment]' started.
Test Case '-[converterTests.PipelineIntegrationTests testBW64WriterRejectsAChannelCountThatOverflowsTheBlockAlignment]' passed (0.066 seconds).
Test Case '-[converterTests.PipelineIntegrationTests testBW64WriterReportsATruncatedOutput]' started.
Test Case '-[converterTests.PipelineIntegrationTests testBW64WriterReportsATruncatedOutput]' passed (1.986 seconds).
Test Case '-[converterTests.PipelineIntegrationTests testCanonicalPCMEquivalenceRejectsLengthAndChannelMismatch]' started.
Test Case '-[converterTests.PipelineIntegrationTests testCanonicalPCMEquivalenceRejectsLengthAndChannelMismatch]' passed (0.616 seconds).
Test Case '-[converterTests.PipelineIntegrationTests testCanonicalPCMVerifierRejectsMismatchedLosslessOutput]' started.
Test Case '-[converterTests.PipelineIntegrationTests testCanonicalPCMVerifierRejectsMismatchedLosslessOutput]' passed (0.279 seconds).
Test Case '-[converterTests.PipelineIntegrationTests testCleanupOrphansRemovesTempFileOnceOwningChildHasExited]' started.
Test Case '-[converterTests.PipelineIntegrationTests testCleanupOrphansRemovesTempFileOnceOwningChildHasExited]' passed (0.066 seconds).
Test Case '-[converterTests.PipelineIntegrationTests testCleanupOrphansRetainsTempFilesOfLiveProcessesAndUnparsableNames]' started.
Test Case '-[converterTests.PipelineIntegrationTests testCleanupOrphansRetainsTempFilesOfLiveProcessesAndUnparsableNames]' passed (0.069 seconds).
Test Case '-[converterTests.PipelineIntegrationTests testCleanupTempsRemovesRunScopedHiddenTempFiles]' started.
Test Case '-[converterTests.PipelineIntegrationTests testCleanupTempsRemovesRunScopedHiddenTempFiles]' passed (0.005 seconds).
Test Case '-[converterTests.PipelineIntegrationTests testClippedSampleCeilingIsRebasedInTheRenderDomain]' started.
[2026-09-14 11:45:10] [converterTests] [INFO] Source already exceeds delivery QC on: true peak 0.02 dBTP (limit 0.00); clipped samples 25280 (limit 0); integrated loudness 0.65 LUFS (maximum 0.00). Verifying the render does not worsen these, rather than altering the audio.
Test Case '-[converterTests.PipelineIntegrationTests testClippedSampleCeilingIsRebasedInTheRenderDomain]' passed (2.044 seconds).
Test Case '-[converterTests.PipelineIntegrationTests testDerivedImageNamingOnlyReplacesTrailing8KMarker]' started.
[2026-09-14 11:45:10] [converterTests] [INFO] Created 3K PNG: mix_8K_take_3K.png
[2026-09-14 11:45:11] [converterTests] [INFO] Created NFT set: mix_8K_take
Test Case '-[converterTests.PipelineIntegrationTests testDerivedImageNamingOnlyReplacesTrailing8KMarker]' passed (1.008 seconds).
Test Case '-[converterTests.PipelineIntegrationTests testDoctorPassesOnHealthyWorkspace]' started.
[2026-09-14 11:45:11] [converterTests] [INFO] Profile: youtube_master
[2026-09-14 11:45:11] [converterTests] [INFO] Scheduler profile: total=3 image=2 audio=2 video=1
[2026-09-14 11:45:11] [converterTests] [INFO] Doctor start
[2026-09-14 11:45:11] [converterTests] [INFO] Doctor tool ok: awk
[2026-09-14 11:45:11] [converterTests] [INFO] Doctor tool ok: sed
[2026-09-14 11:45:11] [converterTests] [INFO] Doctor tool ok: ffmpeg
[2026-09-14 11:45:11] [converterTests] [INFO] Doctor tool ok: ffprobe
[2026-09-14 11:45:11] [converterTests] [INFO] Doctor tool ok: magick
[2026-09-14 11:45:11] [converterTests] [INFO] Doctor filter ok: loudnorm
[2026-09-14 11:45:11] [converterTests] [INFO] Doctor filter ok: astats
[2026-09-14 11:45:11] [converterTests] [INFO] Doctor filter ok: volumedetect
[2026-09-14 11:45:11] [converterTests] [INFO] Doctor filter ok: setparams
[2026-09-14 11:45:11] [converterTests] [INFO] Doctor filter ok: bass
[2026-09-14 11:45:11] [converterTests] [INFO] Doctor main video encoders: hevc_videotoolbox, libx265
[2026-09-14 11:45:11] [converterTests] [INFO] Doctor short video encoders: libx264, h264_videotoolbox
[2026-09-14 11:45:11] [converterTests] [INFO] Doctor encoder ok: alac
[2026-09-14 11:45:11] [converterTests] [INFO] Doctor free space: 122952495104 bytes
[2026-09-14 11:45:11] [converterTests] [INFO] Doctor source image ok: poster.png
[2026-09-14 11:45:11] [converterTests] [INFO] Doctor source audio ok: song.mp3
[2026-09-14 11:45:11] [converterTests] [INFO] Doctor complete
Test Case '-[converterTests.PipelineIntegrationTests testDoctorPassesOnHealthyWorkspace]' passed (0.690 seconds).
Test Case '-[converterTests.PipelineIntegrationTests testDoctorReportsACorruptSourceAudio]' started.
[2026-09-14 11:45:11] [converterTests] [INFO] Profile: youtube_master
[2026-09-14 11:45:11] [converterTests] [INFO] Scheduler profile: total=3 image=2 audio=2 video=1
[2026-09-14 11:45:11] [converterTests] [INFO] Doctor start
[2026-09-14 11:45:11] [converterTests] [INFO] Doctor tool ok: awk
[2026-09-14 11:45:11] [converterTests] [INFO] Doctor tool ok: sed
[2026-09-14 11:45:11] [converterTests] [INFO] Doctor tool ok: ffmpeg
[2026-09-14 11:45:11] [converterTests] [INFO] Doctor tool ok: ffprobe
[2026-09-14 11:45:11] [converterTests] [INFO] Doctor tool ok: magick
[2026-09-14 11:45:12] [converterTests] [INFO] Doctor filter ok: loudnorm
[2026-09-14 11:45:12] [converterTests] [INFO] Doctor filter ok: astats
[2026-09-14 11:45:12] [converterTests] [INFO] Doctor filter ok: volumedetect
[2026-09-14 11:45:12] [converterTests] [INFO] Doctor filter ok: setparams
[2026-09-14 11:45:12] [converterTests] [INFO] Doctor filter ok: bass
[2026-09-14 11:45:12] [converterTests] [INFO] Doctor main video encoders: hevc_videotoolbox, libx265
[2026-09-14 11:45:12] [converterTests] [INFO] Doctor short video encoders: libx264, h264_videotoolbox
[2026-09-14 11:45:12] [converterTests] [INFO] Doctor encoder ok: alac
[2026-09-14 11:45:12] [converterTests] [INFO] Doctor free space: 122952998912 bytes
Test Case '-[converterTests.PipelineIntegrationTests testDoctorReportsACorruptSourceAudio]' passed (0.152 seconds).
Test Case '-[converterTests.PipelineIntegrationTests testDoctorReportsACorruptSourceImage]' started.
[2026-09-14 11:45:12] [converterTests] [INFO] Profile: youtube_master
[2026-09-14 11:45:12] [converterTests] [INFO] Scheduler profile: total=3 image=2 audio=2 video=1
[2026-09-14 11:45:12] [converterTests] [INFO] Doctor start
[2026-09-14 11:45:12] [converterTests] [INFO] Doctor tool ok: awk
[2026-09-14 11:45:12] [converterTests] [INFO] Doctor tool ok: sed
[2026-09-14 11:45:12] [converterTests] [INFO] Doctor tool ok: ffmpeg
[2026-09-14 11:45:12] [converterTests] [INFO] Doctor tool ok: ffprobe
[2026-09-14 11:45:12] [converterTests] [INFO] Doctor tool ok: magick
[2026-09-14 11:45:12] [converterTests] [INFO] Doctor filter ok: loudnorm
[2026-09-14 11:45:12] [converterTests] [INFO] Doctor filter ok: astats
[2026-09-14 11:45:12] [converterTests] [INFO] Doctor filter ok: volumedetect
[2026-09-14 11:45:12] [converterTests] [INFO] Doctor filter ok: setparams
[2026-09-14 11:45:12] [converterTests] [INFO] Doctor filter ok: bass
[2026-09-14 11:45:12] [converterTests] [INFO] Doctor main video encoders: hevc_videotoolbox, libx265
[2026-09-14 11:45:12] [converterTests] [INFO] Doctor short video encoders: libx264, h264_videotoolbox
[2026-09-14 11:45:12] [converterTests] [INFO] Doctor encoder ok: alac
[2026-09-14 11:45:12] [converterTests] [INFO] Doctor free space: 122953003008 bytes
Test Case '-[converterTests.PipelineIntegrationTests testDoctorReportsACorruptSourceImage]' passed (0.297 seconds).
Test Case '-[converterTests.PipelineIntegrationTests testDoctorReportsAMissingInputDirectory]' started.
[2026-09-14 11:45:12] [converterTests] [INFO] Profile: youtube_master
[2026-09-14 11:45:12] [converterTests] [INFO] Scheduler profile: total=3 image=2 audio=2 video=1
[2026-09-14 11:45:12] [converterTests] [INFO] Doctor start
Test Case '-[converterTests.PipelineIntegrationTests testDoctorReportsAMissingInputDirectory]' passed (0.003 seconds).
Test Case '-[converterTests.PipelineIntegrationTests testExistingExternalFLACIsRebuiltWhenCanonicalPCMDoesNotMatchSource]' started.
[2026-09-14 11:45:14] [converterTests] [INFO] Created external FLAC: archive_source_RF64.flac
Test Case '-[converterTests.PipelineIntegrationTests testExistingExternalFLACIsRebuiltWhenCanonicalPCMDoesNotMatchSource]' passed (2.657 seconds).
Test Case '-[converterTests.PipelineIntegrationTests testExternalFLACVariantStreamCopiesAudioOnlyFromFLACWithArtwork]' started.
[2026-09-14 11:45:16] [converterTests] [INFO] Created external FLAC: external_flac_artwork_RF64.flac
Test Case '-[converterTests.PipelineIntegrationTests testExternalFLACVariantStreamCopiesAudioOnlyFromFLACWithArtwork]' passed (1.941 seconds).
Test Case '-[converterTests.PipelineIntegrationTests testExternalWAVStructureFindsBextChunkBeyond64KiB]' started.
Test Case '-[converterTests.PipelineIntegrationTests testExternalWAVStructureFindsBextChunkBeyond64KiB]' passed (0.607 seconds).
Test Case '-[converterTests.PipelineIntegrationTests testExternalWAVStructureIgnoresBextTextInsideListInfo]' started.
Test Case '-[converterTests.PipelineIntegrationTests testExternalWAVStructureIgnoresBextTextInsideListInfo]' passed (1.226 seconds).
Test Case '-[converterTests.PipelineIntegrationTests testFadeCutProcessesMP3WAVAndFLACWithShortenedDuration]' started.
[2026-09-14 11:45:19] [converterTests] [INFO] Fadecut cut_flac.flac: cut=0.500 fade=0.750
[2026-09-14 11:45:21] [converterTests] [INFO] Created fadecut audio: cut_flac_fadecut_0.5s_0.75s.flac
[2026-09-14 11:45:21] [converterTests] [INFO] Fadecut cut_mp3.mp3: cut=0.500 fade=0.750
[2026-09-14 11:45:23] [converterTests] [INFO] Created fadecut audio: cut_mp3_fadecut_0.5s_0.75s.mp3
[2026-09-14 11:45:23] [converterTests] [INFO] Fadecut cut_wav.wav: cut=0.500 fade=0.750
[2026-09-14 11:45:26] [converterTests] [INFO] Created fadecut audio: cut_wav_fadecut_0.5s_0.75s.wav
Test Case '-[converterTests.PipelineIntegrationTests testFadeCutProcessesMP3WAVAndFLACWithShortenedDuration]' passed (9.034 seconds).
Test Case '-[converterTests.PipelineIntegrationTests testFadeCutRejectsCutThatRemovesEntireSource]' started.
[2026-09-14 11:45:27] [converterTests] [INFO] Fadecut too_short.wav: cut=2 fade=0.500
[2026-09-14 11:45:28] [converterTests] [ERROR] Fadecut would remove the entire audio file: cut=2.0s duration=1.0s for too_short.wav
Test Case '-[converterTests.PipelineIntegrationTests testFadeCutRejectsCutThatRemovesEntireSource]' passed (0.399 seconds).
Test Case '-[converterTests.PipelineIntegrationTests testFadeOutDoesNotEnforceDeliveryQCPolicy]' started.
[2026-09-14 11:45:28] [converterTests] [INFO] Fadeout hot_fade_song.mp3: start=1.500 duration=0.750
[2026-09-14 11:45:30] [converterTests] [INFO] Created faded audio: hot_fade_song_fadeout_1.5s_0.75s.mp3
Test Case '-[converterTests.PipelineIntegrationTests testFadeOutDoesNotEnforceDeliveryQCPolicy]' passed (3.333 seconds).
Test Case '-[converterTests.PipelineIntegrationTests testFadeOutProducesTruncatedSameFormatAudioOutput]' started.
[2026-09-14 11:45:31] [converterTests] [INFO] Fadeout fade_song.mp3: start=1.500 duration=0.750
[2026-09-14 11:45:34] [converterTests] [INFO] Created faded audio: fade_song_fadeout_1.5s_0.75s.mp3
Test Case '-[converterTests.PipelineIntegrationTests testFadeOutProducesTruncatedSameFormatAudioOutput]' passed (3.333 seconds).
Test Case '-[converterTests.PipelineIntegrationTests testFadeOutRejectsRangeBeyondSourceDuration]' started.
[2026-09-14 11:45:34] [converterTests] [INFO] Fadeout short_song.wav: start=1 duration=1
[2026-09-14 11:45:35] [converterTests] [ERROR] Fade end 2.0s exceeds source duration 1.2s for short_song.wav
Test Case '-[converterTests.PipelineIntegrationTests testFadeOutRejectsRangeBeyondSourceDuration]' passed (0.400 seconds).
Test Case '-[converterTests.PipelineIntegrationTests testFittedPortraitStillOnlySharpensRawArtwork]' started.
Test Case '-[converterTests.PipelineIntegrationTests testFittedPortraitStillOnlySharpensRawArtwork]' passed (0.002 seconds).
Test Case '-[converterTests.PipelineIntegrationTests testFLACHashRenamesToCRC32Filename]' started.
[2026-09-14 11:45:35] [converterTests] [INFO] Hash FLAC filenames
[2026-09-14 11:45:35] [converterTests] [INFO] Renamed flac: hash_source.flac -> 5CDF3EE5.flac
Test Case '-[converterTests.PipelineIntegrationTests testFLACHashRenamesToCRC32Filename]' passed (0.624 seconds).
Test Case '-[converterTests.PipelineIntegrationTests testFullAudioPreparationPreservesMP3SourceLoudnessEvenIfMasteringConfigIsEnabled]' started.
[2026-09-14 11:45:36] [converterTests] [INFO] Created WAV: master_release.wav
[2026-09-14 11:45:36] [converterTests] [INFO] Full step: external RF64/BW64 audio deliverables
[2026-09-14 11:45:36] [converterTests] [INFO] Created external FLAC: master_release_RF64.flac
[2026-09-14 11:45:37] [converterTests] [INFO] Created external WAV: master_release_RF64.wav
[2026-09-14 11:45:37] [converterTests] [INFO] Created external BW64 WAV: master_release_BW64.wav
[2026-09-14 11:45:37] [converterTests] [INFO] Full step: MP3 source is not the delivery standard (MP3 bitrate below minimum (got=192000 min=300000): /var/folders/7l/ry9rvd3d72z864w_jd2my37m0000gn/T/converter-tests.E82BBD31-C257-4A39-A354-8DDE11310064/Output/master_me.mp3); encoding master_release.mp3
[2026-09-14 11:45:38] [converterTests] [INFO] Created MP3: master_release.mp3
[2026-09-14 11:45:38] [converterTests] [INFO] Created M4A: master_release.m4a
Test Case '-[converterTests.PipelineIntegrationTests testFullAudioPreparationPreservesMP3SourceLoudnessEvenIfMasteringConfigIsEnabled]' passed (3.394 seconds).
Test Case '-[converterTests.PipelineIntegrationTests testFullAudioPreparationPreservesOriginalWAVForExternalFLACVariants]' started.
[2026-09-14 11:45:39] [converterTests] [INFO] Full step: external RF64/BW64 audio deliverables
[2026-09-14 11:45:39] [converterTests] [INFO] Created WAV: wav_release.wav
[2026-09-14 11:45:39] [converterTests] [INFO] Created external FLAC: wav_release_RF64.flac
[2026-09-14 11:45:40] [converterTests] [INFO] Created external WAV: wav_release_RF64.wav
[2026-09-14 11:45:40] [converterTests] [INFO] Created external BW64 WAV: wav_release_BW64.wav
[2026-09-14 11:45:41] [converterTests] [INFO] Created MP3: wav_release.mp3
[2026-09-14 11:45:41] [converterTests] [INFO] Created M4A: wav_release.m4a
Test Case '-[converterTests.PipelineIntegrationTests testFullAudioPreparationPreservesOriginalWAVForExternalFLACVariants]' passed (2.364 seconds).
Test Case '-[converterTests.PipelineIntegrationTests testFullPipelineProducesExpectedOutputsAndLeavesNoScopedTemps]' started.
[2026-09-14 11:45:41] [converterTests] [INFO] Profile: youtube_master
[2026-09-14 11:45:41] [converterTests] [INFO] Scheduler profile: total=3 image=2 audio=2 video=1
[2026-09-14 11:45:41] [converterTests] [INFO] Full pipeline start
[2026-09-14 11:45:41] [converterTests] [INFO] Source audio renamed: track.mp3 -> 1_source.mp3
[2026-09-14 11:45:41] [converterTests] [INFO] Source audio: 1_source.mp3
[2026-09-14 11:45:41] [converterTests] [INFO] Full step: PNG variants
[2026-09-14 11:45:41] [converterTests] [INFO] Created 8K PNG: 1_8K.png
[2026-09-14 11:45:41] [converterTests] [INFO] Created 4K PNG: 1_4K.png
[2026-09-14 11:45:41] [converterTests] [INFO] Full step: NFT assets
[2026-09-14 11:45:41] [converterTests] [INFO] Full step: 2K PNG
[2026-09-14 11:45:42] [converterTests] [INFO] Created 2K PNG: 1_2K.png
[2026-09-14 11:45:42] [converterTests] [INFO] Full step: 3K PNG
[2026-09-14 11:45:42] [converterTests] [INFO] Created 3K PNG: 1_3K.png
[2026-09-14 11:45:42] [converterTests] [INFO] Full step: 3K JPG deliverables
[2026-09-14 11:45:42] [converterTests] [INFO] Created 1MB JPG: 1_3K_1MB.jpg
[2026-09-14 11:45:42] [converterTests] [INFO] Created NFT set: 1
[2026-09-14 11:45:42] [converterTests] [INFO] Full step: 8K JPG deliverables
[2026-09-14 11:45:42] [converterTests] [INFO] Created 5MB JPG: 1_3K_5MB.jpg
[2026-09-14 11:45:42] [converterTests] [INFO] Created 1MB JPG: 1_8K_1MB.jpg
[2026-09-14 11:45:42] [converterTests] [INFO] Created 2MB JPG: 1_8K_2MB.jpg
[2026-09-14 11:45:42] [converterTests] [INFO] Created 20MB JPG: 1_8K_20MB.jpg
[2026-09-14 11:45:42] [converterTests] [INFO] Created WAV: 1.wav
[2026-09-14 11:45:42] [converterTests] [INFO] Full step: external RF64/BW64 audio deliverables
[2026-09-14 11:45:42] [converterTests] [INFO] Created external FLAC: 1_RF64.flac
[2026-09-14 11:45:43] [converterTests] [INFO] Created external WAV: 1_RF64.wav
[2026-09-14 11:45:43] [converterTests] [INFO] Created external BW64 WAV: 1_BW64.wav
[2026-09-14 11:45:43] [converterTests] [INFO] Full step: MP3 source is not the delivery standard (MP3 bitrate below minimum (got=192000 min=300000): /private/var/folders/7l/ry9rvd3d72z864w_jd2my37m0000gn/T/converter-tests.DAB81363-28DC-40E9-B00B-333D7539D2DB/Output/1_source.mp3); encoding 1.mp3
[2026-09-14 11:45:44] [converterTests] [INFO] Created MP3: 1.mp3
[2026-09-14 11:45:44] [converterTests] [INFO] Created M4A: 1.m4a
[2026-09-14 11:45:44] [converterTests] [INFO] Full step: M4A -> MP4
[2026-09-14 11:45:44] [converterTests] [INFO] Main video encoders: hevc_videotoolbox, libx265
[2026-09-14 11:45:45] [converterTests] [INFO] Created MP4: 1_8K.mp4 [encoder=hevc_videotoolbox]
[2026-09-14 11:45:45] [converterTests] [INFO] Full step: portrait short stills
[2026-09-14 11:45:45] [converterTests] [INFO] Created portrait still: 1_Short_8K.png
[2026-09-14 11:45:45] [converterTests] [INFO] Created 1MB JPG: 1_Short_8K_1MB.jpg
[2026-09-14 11:45:45] [converterTests] [INFO] Created 2MB JPG: 1_Short_8K_2MB.jpg
[2026-09-14 11:45:45] [converterTests] [INFO] Created portrait still: 1_Short_CenterCut_8K.png
[2026-09-14 11:45:45] [converterTests] [INFO] Created 1MB JPG: 1_Short_CenterCut_8K_1MB.jpg
[2026-09-14 11:45:45] [converterTests] [INFO] Created 2MB JPG: 1_Short_CenterCut_8K_2MB.jpg
[2026-09-14 11:45:45] [converterTests] [INFO] Full step: PNG -> Short: 1_Short_8K.png
[2026-09-14 11:45:45] [converterTests] [INFO] Short video encoders: libx264, h264_videotoolbox
[2026-09-14 11:45:46] [converterTests] [INFO] Created portrait short MP4: 1_8K_Short.mp4 [encoder=libx264]
[2026-09-14 11:45:47] [converterTests] [INFO] Created portrait short MP4: 1_8K_Short_FullSong.mp4 [encoder=libx264]
[2026-09-14 11:45:48] [converterTests] [INFO] Created portrait short MP4 (centre cut): 1_8K_Short_CenterCut.mp4 [encoder=libx264]
[2026-09-14 11:45:48] [converterTests] [INFO] Created portrait short MP4 (centre cut): 1_8K_Short_FullSong_CenterCut.mp4 [encoder=libx264]
[2026-09-14 11:45:48] [converterTests] [INFO] Full pipeline complete
Test Case '-[converterTests.PipelineIntegrationTests testFullPipelineProducesExpectedOutputsAndLeavesNoScopedTemps]' passed (9.444 seconds).
Test Case '-[converterTests.PipelineIntegrationTests testFullPipelineProducesFullSongShortForLongSourceAudio]' started.
[2026-09-14 11:45:51] [converterTests] [INFO] Profile: youtube_master
[2026-09-14 11:45:51] [converterTests] [INFO] Scheduler profile: total=3 image=2 audio=2 video=1
[2026-09-14 11:45:51] [converterTests] [INFO] Full pipeline start
[2026-09-14 11:45:51] [converterTests] [INFO] Source audio renamed: track.mp3 -> 1_source.mp3
[2026-09-14 11:45:51] [converterTests] [INFO] Source audio: 1_source.mp3
[2026-09-14 11:45:51] [converterTests] [INFO] Full step: PNG variants
[2026-09-14 11:45:51] [converterTests] [INFO] Created 8K PNG: 1_8K.png
[2026-09-14 11:45:52] [converterTests] [INFO] Created 4K PNG: 1_4K.png
[2026-09-14 11:45:52] [converterTests] [INFO] Full step: NFT assets
[2026-09-14 11:45:52] [converterTests] [INFO] Full step: 2K PNG
[2026-09-14 11:45:52] [converterTests] [INFO] Created 2K PNG: 1_2K.png
[2026-09-14 11:45:52] [converterTests] [INFO] Full step: 3K PNG
[2026-09-14 11:45:52] [converterTests] [INFO] Created 3K PNG: 1_3K.png
[2026-09-14 11:45:52] [converterTests] [INFO] Full step: 3K JPG deliverables
[2026-09-14 11:45:52] [converterTests] [INFO] Created 1MB JPG: 1_3K_1MB.jpg
[2026-09-14 11:45:52] [converterTests] [INFO] Created NFT set: 1
[2026-09-14 11:45:52] [converterTests] [INFO] Full step: 8K JPG deliverables
[2026-09-14 11:45:52] [converterTests] [INFO] Created 5MB JPG: 1_3K_5MB.jpg
[2026-09-14 11:45:52] [converterTests] [INFO] Created 1MB JPG: 1_8K_1MB.jpg
[2026-09-14 11:45:52] [converterTests] [INFO] Created 2MB JPG: 1_8K_2MB.jpg
[2026-09-14 11:45:52] [converterTests] [INFO] Created 20MB JPG: 1_8K_20MB.jpg
[2026-09-14 11:45:52] [converterTests] [INFO] Created WAV: 1.wav
[2026-09-14 11:45:52] [converterTests] [INFO] Full step: external RF64/BW64 audio deliverables
[2026-09-14 11:45:53] [converterTests] [INFO] Created external FLAC: 1_RF64.flac
[2026-09-14 11:45:54] [converterTests] [INFO] Created external WAV: 1_RF64.wav
[2026-09-14 11:45:55] [converterTests] [INFO] Created external BW64 WAV: 1_BW64.wav
[2026-09-14 11:45:56] [converterTests] [INFO] Full step: MP3 source is not the delivery standard (MP3 bitrate below minimum (got=192000 min=300000): /private/var/folders/7l/ry9rvd3d72z864w_jd2my37m0000gn/T/converter-tests.5814DFC8-2D95-44E3-A69F-C397235BE0D5/Output/1_source.mp3); encoding 1.mp3
[2026-09-14 11:46:03] [converterTests] [INFO] Created M4A: 1.m4a
[2026-09-14 11:46:03] [converterTests] [INFO] Created MP3: 1.mp3
[2026-09-14 11:46:03] [converterTests] [INFO] Full step: M4A -> MP4
[2026-09-14 11:46:03] [converterTests] [INFO] Main video encoders: hevc_videotoolbox, libx265
[2026-09-14 11:46:10] [converterTests] [INFO] Created MP4: 1_8K.mp4 [encoder=hevc_videotoolbox]
[2026-09-14 11:46:10] [converterTests] [INFO] Full step: portrait short stills
[2026-09-14 11:46:10] [converterTests] [INFO] Created portrait still: 1_Short_8K.png
[2026-09-14 11:46:10] [converterTests] [INFO] Created 1MB JPG: 1_Short_8K_1MB.jpg
[2026-09-14 11:46:10] [converterTests] [INFO] Created 2MB JPG: 1_Short_8K_2MB.jpg
[2026-09-14 11:46:10] [converterTests] [INFO] Created portrait still: 1_Short_CenterCut_8K.png
[2026-09-14 11:46:10] [converterTests] [INFO] Created 1MB JPG: 1_Short_CenterCut_8K_1MB.jpg
[2026-09-14 11:46:10] [converterTests] [INFO] Created 2MB JPG: 1_Short_CenterCut_8K_2MB.jpg
[2026-09-14 11:46:10] [converterTests] [INFO] Full step: PNG -> Short: 1_Short_8K.png
[2026-09-14 11:46:12] [converterTests] [INFO] Short video encoders: libx264, h264_videotoolbox
[2026-09-14 11:46:18] [converterTests] [INFO] Created portrait short MP4: 1_8K_Short.mp4 [encoder=libx264]
[2026-09-14 11:46:28] [converterTests] [INFO] Created portrait short MP4: 1_8K_Short_FullSong.mp4 [encoder=libx264]
[2026-09-14 11:46:32] [converterTests] [INFO] Created portrait short MP4 (centre cut): 1_8K_Short_CenterCut.mp4 [encoder=libx264]
[2026-09-14 11:46:38] [converterTests] [INFO] Created portrait short MP4 (centre cut): 1_8K_Short_FullSong_CenterCut.mp4 [encoder=libx264]
[2026-09-14 11:46:38] [converterTests] [INFO] Full pipeline complete
Test Case '-[converterTests.PipelineIntegrationTests testFullPipelineProducesFullSongShortForLongSourceAudio]' passed (56.598 seconds).
Test Case '-[converterTests.PipelineIntegrationTests testFullPipelineUsesNamedHorizontalAndVertical8KPNGs]' started.
[2026-09-14 11:46:47] [converterTests] [INFO] Profile: youtube_master
[2026-09-14 11:46:47] [converterTests] [INFO] Scheduler profile: total=3 image=2 audio=2 video=1
[2026-09-14 11:46:47] [converterTests] [INFO] Full pipeline start
[2026-09-14 11:46:47] [converterTests] [INFO] Source audio renamed: 463406_B_PH.flac -> 1_source.flac
[2026-09-14 11:46:47] [converterTests] [INFO] Source audio: 1_source.flac
[2026-09-14 11:46:47] [converterTests] [INFO] Full step: external RF64/BW64 audio deliverables
[2026-09-14 11:46:47] [converterTests] [INFO] Full step: use Horizontal_8K.png for main MP4
[2026-09-14 11:46:47] [converterTests] [INFO] Full step: use Vertical_8K.png for short MP4
[2026-09-14 11:46:47] [converterTests] [INFO] Full step: image deliverables from Horizontal_8K.png
[2026-09-14 11:46:47] [converterTests] [INFO] Full step: 4K PNG
[2026-09-14 11:46:47] [converterTests] [INFO] Created 4K PNG: 1_4K.png
[2026-09-14 11:46:47] [converterTests] [INFO] Full step: NFT assets
[2026-09-14 11:46:48] [converterTests] [INFO] Created NFT set: 1
[2026-09-14 11:46:48] [converterTests] [INFO] Full step: 3K PNG
[2026-09-14 11:46:48] [converterTests] [INFO] Created 3K PNG: 1_3K.png
[2026-09-14 11:46:48] [converterTests] [INFO] Full step: 3K JPG deliverables
[2026-09-14 11:46:48] [converterTests] [INFO] Created 1MB JPG: 1_3K_1MB.jpg
[2026-09-14 11:46:48] [converterTests] [INFO] Created 5MB JPG: 1_3K_5MB.jpg
[2026-09-14 11:46:48] [converterTests] [INFO] Full step: 8K JPG deliverables
[2026-09-14 11:46:48] [converterTests] [INFO] Created 1MB JPG: 1_8K_1MB.jpg
[2026-09-14 11:46:48] [converterTests] [INFO] Created 2MB JPG: 1_8K_2MB.jpg
[2026-09-14 11:46:48] [converterTests] [INFO] Created 20MB JPG: 1_8K_20MB.jpg
[2026-09-14 11:46:48] [converterTests] [INFO] Full step: 2K PNG
[2026-09-14 11:46:48] [converterTests] [INFO] Created external FLAC: 1_RF64.flac
[2026-09-14 11:46:48] [converterTests] [INFO] Created 2K PNG: 1_2K.png
[2026-09-14 11:46:48] [converterTests] [INFO] Created WAV: 1.wav
[2026-09-14 11:46:48] [converterTests] [INFO] Created external WAV: 1_RF64.wav
[2026-09-14 11:46:48] [converterTests] [INFO] Created external BW64 WAV: 1_BW64.wav
[2026-09-14 11:46:49] [converterTests] [INFO] Created MP3: 1.mp3
[2026-09-14 11:46:49] [converterTests] [INFO] Created M4A: 1.m4a
[2026-09-14 11:46:49] [converterTests] [INFO] Full step: M4A -> MP4
[2026-09-14 11:46:50] [converterTests] [INFO] Main video encoders: hevc_videotoolbox, libx265
[2026-09-14 11:46:50] [converterTests] [INFO] Created MP4: 1_8K.mp4 [encoder=hevc_videotoolbox]
[2026-09-14 11:46:50] [converterTests] [INFO] Full step: portrait short stills
[2026-09-14 11:46:50] [converterTests] [INFO] Created portrait still: 1_Short_8K.png
[2026-09-14 11:46:51] [converterTests] [INFO] Created 1MB JPG: 1_Short_8K_1MB.jpg
[2026-09-14 11:46:51] [converterTests] [INFO] Created 2MB JPG: 1_Short_8K_2MB.jpg
[2026-09-14 11:46:51] [converterTests] [INFO] Created portrait still: 1_Short_CenterCut_8K.png
[2026-09-14 11:46:51] [converterTests] [INFO] Created 1MB JPG: 1_Short_CenterCut_8K_1MB.jpg
[2026-09-14 11:46:51] [converterTests] [INFO] Created 2MB JPG: 1_Short_CenterCut_8K_2MB.jpg
[2026-09-14 11:46:51] [converterTests] [INFO] Full step: PNG -> Short: 1_Short_8K.png
[2026-09-14 11:46:51] [converterTests] [INFO] Short video encoders: libx264, h264_videotoolbox
[2026-09-14 11:46:52] [converterTests] [INFO] Created portrait short MP4: 1_8K_Short.mp4 [encoder=libx264]
[2026-09-14 11:46:53] [converterTests] [INFO] Created portrait short MP4: 1_8K_Short_FullSong.mp4 [encoder=libx264]
[2026-09-14 11:46:53] [converterTests] [INFO] Created portrait short MP4 (centre cut): 1_8K_Short_CenterCut.mp4 [encoder=libx264]
[2026-09-14 11:46:54] [converterTests] [INFO] Created portrait short MP4 (centre cut): 1_8K_Short_FullSong_CenterCut.mp4 [encoder=libx264]
[2026-09-14 11:46:54] [converterTests] [INFO] Full pipeline complete
Test Case '-[converterTests.PipelineIntegrationTests testFullPipelineUsesNamedHorizontalAndVertical8KPNGs]' passed (7.741 seconds).
Test Case '-[converterTests.PipelineIntegrationTests testFullRunClassifiesEXIFRotatedJPEGByDisplayedOrientation]' started.
Test Case '-[converterTests.PipelineIntegrationTests testFullRunClassifiesEXIFRotatedJPEGByDisplayedOrientation]' passed (0.288 seconds).
Test Case '-[converterTests.PipelineIntegrationTests testFullRunNeverOverwritesItsMP3Source]' started.
[2026-09-14 11:46:55] [converterTests] [INFO] Profile: youtube_master
[2026-09-14 11:46:55] [converterTests] [INFO] Scheduler profile: total=3 image=2 audio=2 video=1
[2026-09-14 11:46:55] [converterTests] [INFO] Full pipeline start
[2026-09-14 11:46:55] [converterTests] [INFO] Source audio renamed: track.mp3 -> 1_source.mp3
[2026-09-14 11:46:55] [converterTests] [INFO] Source audio: 1_source.mp3
[2026-09-14 11:46:55] [converterTests] [INFO] Full step: PNG variants
[2026-09-14 11:46:56] [converterTests] [INFO] Created 8K PNG: 1_8K.png
[2026-09-14 11:46:56] [converterTests] [INFO] Created 4K PNG: 1_4K.png
[2026-09-14 11:46:56] [converterTests] [INFO] Full step: NFT assets
[2026-09-14 11:46:56] [converterTests] [INFO] Full step: 2K PNG
[2026-09-14 11:46:56] [converterTests] [INFO] Created 2K PNG: 1_2K.png
[2026-09-14 11:46:56] [converterTests] [INFO] Full step: 3K PNG
[2026-09-14 11:46:56] [converterTests] [INFO] Created 3K PNG: 1_3K.png
[2026-09-14 11:46:56] [converterTests] [INFO] Full step: 3K JPG deliverables
[2026-09-14 11:46:56] [converterTests] [INFO] Created 1MB JPG: 1_3K_1MB.jpg
[2026-09-14 11:46:56] [converterTests] [INFO] Created NFT set: 1
[2026-09-14 11:46:56] [converterTests] [INFO] Full step: 8K JPG deliverables
[2026-09-14 11:46:56] [converterTests] [INFO] Created 5MB JPG: 1_3K_5MB.jpg
[2026-09-14 11:46:56] [converterTests] [INFO] Created 1MB JPG: 1_8K_1MB.jpg
[2026-09-14 11:46:56] [converterTests] [INFO] Created 2MB JPG: 1_8K_2MB.jpg
[2026-09-14 11:46:56] [converterTests] [INFO] Created 20MB JPG: 1_8K_20MB.jpg
[2026-09-14 11:46:56] [converterTests] [INFO] Created WAV: 1.wav
[2026-09-14 11:46:56] [converterTests] [INFO] Full step: external RF64/BW64 audio deliverables
[2026-09-14 11:46:56] [converterTests] [INFO] Created external FLAC: 1_RF64.flac
[2026-09-14 11:46:57] [converterTests] [INFO] Created external WAV: 1_RF64.wav
[2026-09-14 11:46:57] [converterTests] [INFO] Created external BW64 WAV: 1_BW64.wav
[2026-09-14 11:46:57] [converterTests] [INFO] Full step: MP3 source is not the delivery standard (Audio sample rate mismatch for /private/var/folders/7l/ry9rvd3d72z864w_jd2my37m0000gn/T/converter-tests.124D4D37-61E4-4D26-8550-E3CFAFC50634/Output/1_source.mp3 (got=Optional(44100) expected=48000)); encoding 1.mp3
[2026-09-14 11:46:58] [converterTests] [INFO] Created MP3: 1.mp3
[2026-09-14 11:46:58] [converterTests] [INFO] Created M4A: 1.m4a
[2026-09-14 11:46:58] [converterTests] [INFO] Full step: M4A -> MP4
[2026-09-14 11:46:58] [converterTests] [INFO] Main video encoders: hevc_videotoolbox, libx265
[2026-09-14 11:46:59] [converterTests] [INFO] Created MP4: 1_8K.mp4 [encoder=hevc_videotoolbox]
[2026-09-14 11:46:59] [converterTests] [INFO] Full step: portrait short stills
[2026-09-14 11:46:59] [converterTests] [INFO] Created portrait still: 1_Short_8K.png
[2026-09-14 11:46:59] [converterTests] [INFO] Created 1MB JPG: 1_Short_8K_1MB.jpg
[2026-09-14 11:46:59] [converterTests] [INFO] Created 2MB JPG: 1_Short_8K_2MB.jpg
[2026-09-14 11:46:59] [converterTests] [INFO] Created portrait still: 1_Short_CenterCut_8K.png
[2026-09-14 11:46:59] [converterTests] [INFO] Created 1MB JPG: 1_Short_CenterCut_8K_1MB.jpg
[2026-09-14 11:46:59] [converterTests] [INFO] Created 2MB JPG: 1_Short_CenterCut_8K_2MB.jpg
[2026-09-14 11:46:59] [converterTests] [INFO] Full step: PNG -> Short: 1_Short_8K.png
[2026-09-14 11:46:59] [converterTests] [INFO] Short video encoders: libx264, h264_videotoolbox
[2026-09-14 11:47:00] [converterTests] [INFO] Created portrait short MP4: 1_8K_Short.mp4 [encoder=libx264]
[2026-09-14 11:47:01] [converterTests] [INFO] Created portrait short MP4: 1_8K_Short_FullSong.mp4 [encoder=libx264]
[2026-09-14 11:47:02] [converterTests] [INFO] Created portrait short MP4 (centre cut): 1_8K_Short_CenterCut.mp4 [encoder=libx264]
[2026-09-14 11:47:03] [converterTests] [INFO] Created portrait short MP4 (centre cut): 1_8K_Short_FullSong_CenterCut.mp4 [encoder=libx264]
[2026-09-14 11:47:03] [converterTests] [INFO] Full pipeline complete
Test Case '-[converterTests.PipelineIntegrationTests testFullRunNeverOverwritesItsMP3Source]' passed (7.720 seconds).
Test Case '-[converterTests.PipelineIntegrationTests testFullRunNeverOverwritesItsWAVSource]' started.
[2026-09-14 11:47:03] [converterTests] [INFO] Profile: youtube_master
[2026-09-14 11:47:03] [converterTests] [INFO] Scheduler profile: total=3 image=2 audio=2 video=1
[2026-09-14 11:47:03] [converterTests] [INFO] Full pipeline start
[2026-09-14 11:47:03] [converterTests] [INFO] Source audio renamed: track.wav -> 1_source.wav
[2026-09-14 11:47:03] [converterTests] [INFO] Source audio: 1_source.wav
[2026-09-14 11:47:03] [converterTests] [INFO] Full step: external RF64/BW64 audio deliverables
[2026-09-14 11:47:03] [converterTests] [INFO] Full step: PNG variants
[2026-09-14 11:47:03] [converterTests] [INFO] Created 8K PNG: 1_8K.png
[2026-09-14 11:47:03] [converterTests] [INFO] Created 4K PNG: 1_4K.png
[2026-09-14 11:47:03] [converterTests] [INFO] Full step: NFT assets
[2026-09-14 11:47:03] [converterTests] [INFO] Created NFT set: 1
[2026-09-14 11:47:03] [converterTests] [INFO] Full step: 2K PNG
[2026-09-14 11:47:03] [converterTests] [INFO] Created 2K PNG: 1_2K.png
[2026-09-14 11:47:03] [converterTests] [INFO] Full step: 3K PNG
[2026-09-14 11:47:03] [converterTests] [INFO] Created 3K PNG: 1_3K.png
[2026-09-14 11:47:03] [converterTests] [INFO] Full step: 3K JPG deliverables
[2026-09-14 11:47:04] [converterTests] [INFO] Created 1MB JPG: 1_3K_1MB.jpg
[2026-09-14 11:47:04] [converterTests] [INFO] Created 5MB JPG: 1_3K_5MB.jpg
[2026-09-14 11:47:04] [converterTests] [INFO] Full step: 8K JPG deliverables
[2026-09-14 11:47:04] [converterTests] [INFO] Created 1MB JPG: 1_8K_1MB.jpg
[2026-09-14 11:47:04] [converterTests] [INFO] Created 2MB JPG: 1_8K_2MB.jpg
[2026-09-14 11:47:04] [converterTests] [INFO] Created external FLAC: 1_RF64.flac
[2026-09-14 11:47:04] [converterTests] [INFO] Created 20MB JPG: 1_8K_20MB.jpg
[2026-09-14 11:47:04] [converterTests] [INFO] Created WAV: 1.wav
[2026-09-14 11:47:04] [converterTests] [INFO] Created external WAV: 1_RF64.wav
[2026-09-14 11:47:04] [converterTests] [INFO] Created external BW64 WAV: 1_BW64.wav
[2026-09-14 11:47:05] [converterTests] [INFO] Created MP3: 1.mp3
[2026-09-14 11:47:05] [converterTests] [INFO] Created M4A: 1.m4a
[2026-09-14 11:47:05] [converterTests] [INFO] Full step: M4A -> MP4
[2026-09-14 11:47:05] [converterTests] [INFO] Main video encoders: hevc_videotoolbox, libx265
[2026-09-14 11:47:06] [converterTests] [INFO] Created MP4: 1_8K.mp4 [encoder=hevc_videotoolbox]
[2026-09-14 11:47:06] [converterTests] [INFO] Full step: portrait short stills
[2026-09-14 11:47:06] [converterTests] [INFO] Created portrait still: 1_Short_8K.png
[2026-09-14 11:47:06] [converterTests] [INFO] Created 1MB JPG: 1_Short_8K_1MB.jpg
[2026-09-14 11:47:06] [converterTests] [INFO] Created 2MB JPG: 1_Short_8K_2MB.jpg
[2026-09-14 11:47:06] [converterTests] [INFO] Created portrait still: 1_Short_CenterCut_8K.png
[2026-09-14 11:47:06] [converterTests] [INFO] Created 1MB JPG: 1_Short_CenterCut_8K_1MB.jpg
[2026-09-14 11:47:07] [converterTests] [INFO] Created 2MB JPG: 1_Short_CenterCut_8K_2MB.jpg
[2026-09-14 11:47:07] [converterTests] [INFO] Full step: PNG -> Short: 1_Short_8K.png
[2026-09-14 11:47:07] [converterTests] [INFO] Short video encoders: libx264, h264_videotoolbox
[2026-09-14 11:47:08] [converterTests] [INFO] Created portrait short MP4: 1_8K_Short.mp4 [encoder=libx264]
[2026-09-14 11:47:09] [converterTests] [INFO] Created portrait short MP4: 1_8K_Short_FullSong.mp4 [encoder=libx264]
[2026-09-14 11:47:09] [converterTests] [INFO] Created portrait short MP4 (centre cut): 1_8K_Short_CenterCut.mp4 [encoder=libx264]
[2026-09-14 11:47:10] [converterTests] [INFO] Created portrait short MP4 (centre cut): 1_8K_Short_FullSong_CenterCut.mp4 [encoder=libx264]
[2026-09-14 11:47:10] [converterTests] [INFO] Full pipeline complete
Test Case '-[converterTests.PipelineIntegrationTests testFullRunNeverOverwritesItsWAVSource]' passed (7.136 seconds).
Test Case '-[converterTests.PipelineIntegrationTests testFullRunPreflightsTheSourceBeforeRenamingIt]' started.
[2026-09-14 11:47:10] [converterTests] [INFO] Full pipeline start
Test Case '-[converterTests.PipelineIntegrationTests testFullRunPreflightsTheSourceBeforeRenamingIt]' passed (0.029 seconds).
Test Case '-[converterTests.PipelineIntegrationTests testFullRunTreatsASquareSourceAsTheLandscapeImage]' started.
[2026-09-14 11:47:10] [converterTests] [WARN] Square source image 'artwork.png' is treated as the landscape master; it will be fitted into a 320x180 frame.
Test Case '-[converterTests.PipelineIntegrationTests testFullRunTreatsASquareSourceAsTheLandscapeImage]' passed (0.144 seconds).
Test Case '-[converterTests.PipelineIntegrationTests testImageBatchActionsSkipPortraitShortStills]' started.
[2026-09-14 11:47:10] [converterTests] [INFO] PNG variants: art_Short_8K_reference.png
[2026-09-14 11:47:10] [converterTests] [INFO] Created 8K PNG: art_Short_8K_reference_8K.png
[2026-09-14 11:47:10] [converterTests] [INFO] Created 4K PNG: art_Short_8K_reference_4K.png
[2026-09-14 11:47:10] [converterTests] [INFO] Run_pix image: art_Short_8K_reference_4K.png
[2026-09-14 11:47:10] [converterTests] [INFO] Full step: PNG variants
[2026-09-14 11:47:10] [converterTests] [INFO] Skip existing 8K PNG: art_Short_8K_reference_8K.png
[2026-09-14 11:47:10] [converterTests] [INFO] Skip existing 4K PNG: art_Short_8K_reference_4K.png
[2026-09-14 11:47:10] [converterTests] [INFO] Full step: NFT assets
[2026-09-14 11:47:10] [converterTests] [INFO] Full step: 2K PNG
[2026-09-14 11:47:10] [converterTests] [INFO] Created 2K PNG: art_Short_8K_reference_2K.png
[2026-09-14 11:47:10] [converterTests] [INFO] Full step: 3K PNG
[2026-09-14 11:47:11] [converterTests] [INFO] Created 3K PNG: art_Short_8K_reference_3K.png
[2026-09-14 11:47:11] [converterTests] [INFO] Full step: 3K JPG deliverables
[2026-09-14 11:47:11] [converterTests] [INFO] Created NFT set: art_Short_8K_reference
[2026-09-14 11:47:11] [converterTests] [INFO] Full step: 8K JPG deliverables
[2026-09-14 11:47:11] [converterTests] [INFO] Created 1MB JPG: art_Short_8K_reference_3K_1MB.jpg
[2026-09-14 11:47:11] [converterTests] [INFO] Created 5MB JPG: art_Short_8K_reference_3K_5MB.jpg
[2026-09-14 11:47:11] [converterTests] [INFO] Created 1MB JPG: art_Short_8K_reference_8K_1MB.jpg
[2026-09-14 11:47:11] [converterTests] [INFO] Created 2MB JPG: art_Short_8K_reference_8K_2MB.jpg
[2026-09-14 11:47:11] [converterTests] [INFO] Created 20MB JPG: art_Short_8K_reference_8K_20MB.jpg
[2026-09-14 11:47:11] [converterTests] [INFO] Run_pix image: art_Short_8K_reference_8K.png
[2026-09-14 11:47:11] [converterTests] [INFO] Full step: PNG variants
[2026-09-14 11:47:11] [converterTests] [INFO] Skip existing 8K PNG: art_Short_8K_reference_8K.png
[2026-09-14 11:47:11] [converterTests] [INFO] Skip existing 4K PNG: art_Short_8K_reference_4K.png
[2026-09-14 11:47:11] [converterTests] [INFO] Full step: NFT assets
[2026-09-14 11:47:11] [converterTests] [INFO] Full step: 2K PNG
[2026-09-14 11:47:11] [converterTests] [INFO] Skip existing 2K PNG: art_Short_8K_reference_2K.png
[2026-09-14 11:47:11] [converterTests] [INFO] Full step: 3K PNG
[2026-09-14 11:47:11] [converterTests] [INFO] Skip existing 3K PNG: art_Short_8K_reference_3K.png
[2026-09-14 11:47:11] [converterTests] [INFO] Full step: 3K JPG deliverables
[2026-09-14 11:47:11] [converterTests] [INFO] Skip existing 1MB JPG: art_Short_8K_reference_3K_1MB.jpg
[2026-09-14 11:47:11] [converterTests] [INFO] Skip existing 5MB JPG: art_Short_8K_reference_3K_5MB.jpg
[2026-09-14 11:47:11] [converterTests] [INFO] Full step: 8K JPG deliverables
[2026-09-14 11:47:11] [converterTests] [INFO] Skip existing NFT set: art_Short_8K_reference
[2026-09-14 11:47:11] [converterTests] [INFO] Skip existing 1MB JPG: art_Short_8K_reference_8K_1MB.jpg
[2026-09-14 11:47:11] [converterTests] [INFO] Skip existing 2MB JPG: art_Short_8K_reference_8K_2MB.jpg
[2026-09-14 11:47:11] [converterTests] [INFO] Skip existing 20MB JPG: art_Short_8K_reference_8K_20MB.jpg
[2026-09-14 11:47:11] [converterTests] [INFO] Run_pix image: art_Short_8K_reference.png
[2026-09-14 11:47:11] [converterTests] [INFO] Full step: PNG variants
[2026-09-14 11:47:11] [converterTests] [INFO] Skip existing 8K PNG: art_Short_8K_reference_8K.png
[2026-09-14 11:47:11] [converterTests] [INFO] Skip existing 4K PNG: art_Short_8K_reference_4K.png
[2026-09-14 11:47:11] [converterTests] [INFO] Full step: NFT assets
[2026-09-14 11:47:11] [converterTests] [INFO] Full step: 2K PNG
[2026-09-14 11:47:11] [converterTests] [INFO] Skip existing 2K PNG: art_Short_8K_reference_2K.png
[2026-09-14 11:47:11] [converterTests] [INFO] Full step: 3K PNG
[2026-09-14 11:47:11] [converterTests] [INFO] Skip existing 3K PNG: art_Short_8K_reference_3K.png
[2026-09-14 11:47:11] [converterTests] [INFO] Full step: 3K JPG deliverables
[2026-09-14 11:47:11] [converterTests] [INFO] Skip existing NFT set: art_Short_8K_reference
[2026-09-14 11:47:11] [converterTests] [INFO] Full step: 8K JPG deliverables
[2026-09-14 11:47:11] [converterTests] [INFO] Skip existing 1MB JPG: art_Short_8K_reference_3K_1MB.jpg
[2026-09-14 11:47:11] [converterTests] [INFO] Skip existing 1MB JPG: art_Short_8K_reference_8K_1MB.jpg
[2026-09-14 11:47:11] [converterTests] [INFO] Skip existing 5MB JPG: art_Short_8K_reference_3K_5MB.jpg
[2026-09-14 11:47:11] [converterTests] [INFO] Skip existing 2MB JPG: art_Short_8K_reference_8K_2MB.jpg
[2026-09-14 11:47:11] [converterTests] [INFO] Skip existing 20MB JPG: art_Short_8K_reference_8K_20MB.jpg
[2026-09-14 11:47:11] [converterTests] [INFO] PNG -> JPG: art_Short_8K_reference_2K.png
[2026-09-14 11:47:11] [converterTests] [INFO] Created JPG image: art_Short_8K_reference_2K.jpg
[2026-09-14 11:47:11] [converterTests] [INFO] PNG -> JPG: art_Short_8K_reference_3K.png
[2026-09-14 11:47:11] [converterTests] [INFO] Created JPG image: art_Short_8K_reference_3K.jpg
[2026-09-14 11:47:11] [converterTests] [INFO] PNG -> JPG: art_Short_8K_reference_4K.png
[2026-09-14 11:47:11] [converterTests] [INFO] Created JPG image: art_Short_8K_reference_4K.jpg
[2026-09-14 11:47:11] [converterTests] [INFO] PNG -> JPG: art_Short_8K_reference_8K.png
[2026-09-14 11:47:11] [converterTests] [INFO] Created JPG image: art_Short_8K_reference_8K.jpg
[2026-09-14 11:47:11] [converterTests] [INFO] PNG -> JPG: art_Short_8K_reference_NFT2K.png
[2026-09-14 11:47:11] [converterTests] [INFO] Created JPG image: art_Short_8K_reference_NFT2K.jpg
[2026-09-14 11:47:11] [converterTests] [INFO] PNG -> JPG: art_Short_8K_reference_NFT3K.png
[2026-09-14 11:47:11] [converterTests] [INFO] Created JPG image: art_Short_8K_reference_NFT3K.jpg
[2026-09-14 11:47:11] [converterTests] [INFO] PNG -> JPG: art_Short_8K_reference_NFT8K.png
[2026-09-14 11:47:11] [converterTests] [INFO] Created JPG image: art_Short_8K_reference_NFT8K.jpg
[2026-09-14 11:47:11] [converterTests] [INFO] PNG -> JPG: art_Short_8K_reference.png
[2026-09-14 11:47:11] [converterTests] [INFO] Created JPG image: art_Short_8K_reference.jpg
Test Case '-[converterTests.PipelineIntegrationTests testImageBatchActionsSkipPortraitShortStills]' passed (0.819 seconds).
Test Case '-[converterTests.PipelineIntegrationTests testImageConversionsAndDerivativesProduceVerifiedOutputs]' started.
[2026-09-14 11:47:12] [converterTests] [INFO] Created PNG: cover.png
[2026-09-14 11:47:12] [converterTests] [INFO] Created PNG: scan.png
[2026-09-14 11:47:13] [converterTests] [INFO] Created JPG image: poster.jpg
[2026-09-14 11:47:13] [converterTests] [INFO] Created 8K PNG: poster_8K.png
[2026-09-14 11:47:13] [converterTests] [INFO] Created 4K PNG: poster_4K.png
[2026-09-14 11:47:14] [converterTests] [INFO] Created NFT set: poster
[2026-09-14 11:47:15] [converterTests] [INFO] Created 3K PNG: poster_3K.png
[2026-09-14 11:47:15] [converterTests] [INFO] Created 2K PNG: poster_2K.png
[2026-09-14 11:47:15] [converterTests] [INFO] Created 1MB JPG: poster_8K_1MB.jpg
Test Case '-[converterTests.PipelineIntegrationTests testImageConversionsAndDerivativesProduceVerifiedOutputs]' passed (4.334 seconds).
Test Case '-[converterTests.PipelineIntegrationTests testImageOutputsAreNormalizedToSRGB]' started.
[2026-09-14 11:47:16] [converterTests] [INFO] Created PNG: cmyk_source.png
Test Case '-[converterTests.PipelineIntegrationTests testImageOutputsAreNormalizedToSRGB]' passed (0.481 seconds).
Test Case '-[converterTests.PipelineIntegrationTests testImagePreflightDecodesEachFileVersionOnce]' started.
Test Case '-[converterTests.PipelineIntegrationTests testImagePreflightDecodesEachFileVersionOnce]' passed (1.018 seconds).
Test Case '-[converterTests.PipelineIntegrationTests testLoudnessContinueOnErrorNormalizesRemainingFilesThenSummarizes]' started.
[2026-09-14 11:47:17] [converterTests] [INFO] Loudness normalize a.wav: integrated target=-12 LUFS
[2026-09-14 11:47:20] [converterTests] [INFO] Created loudness-normalized media: a_loudness_m12LUFS.wav [integrated=-12.05 LUFS gain=9.75 dB]
[2026-09-14 11:47:20] [converterTests] [INFO] Loudness normalize b.wav: integrated target=-12 LUFS
[2026-09-14 11:47:20] [converterTests] [ERROR] Loudness normalize failed for b.wav: WAV format mismatch for /private/var/folders/7l/ry9rvd3d72z864w_jd2my37m0000gn/T/converter-tests.AC659849-D780-4EFD-BF58-D30B4C7353F8/Output/b.wav (got='' expected='WAVE')
[2026-09-14 11:47:20] [converterTests] [INFO] Loudness normalize c.wav: integrated target=-12 LUFS
[2026-09-14 11:47:22] [converterTests] [INFO] Created loudness-normalized media: c_loudness_m12LUFS.wav [integrated=-11.95 LUFS gain=9.65 dB]
Test Case '-[converterTests.PipelineIntegrationTests testLoudnessContinueOnErrorNormalizesRemainingFilesThenSummarizes]' passed (6.666 seconds).
Test Case '-[converterTests.PipelineIntegrationTests testLoudnessDoesNotApplyBassBoost]' started.
[2026-09-14 11:47:26] [converterTests] [INFO] Created loudness-normalized media: two_tone_loudness_m12LUFS.wav [integrated=-12.05 LUFS gain=4.35 dB]
[2026-09-14 11:47:29] [converterTests] [INFO] Created bass-adjusted media: two_tone_bass.wav
Test Case '-[converterTests.PipelineIntegrationTests testLoudnessDoesNotApplyBassBoost]' passed (5.713 seconds).
Test Case '-[converterTests.PipelineIntegrationTests testLoudnessNormalizeKeepsPeakConstrainedMP4Transparent]' started.
[2026-09-14 11:47:33] [converterTests] [WARN] Created closest-safe loudness media without compression: peak_limited_loudness_m12LUFS.mp4 [integrated=-14.85 LUFS target=-12.00 gain=1.56 dB requested=4.35 dB peak=-2.56 dBFS]
Test Case '-[converterTests.PipelineIntegrationTests testLoudnessNormalizeKeepsPeakConstrainedMP4Transparent]' passed (5.287 seconds).
Test Case '-[converterTests.PipelineIntegrationTests testLoudnessNormalizeProcessesAudioAndMP4Inputs]' started.
[2026-09-14 11:47:35] [converterTests] [INFO] Loudness normalize level_flac.flac: integrated target=-12 LUFS
[2026-09-14 11:47:38] [converterTests] [INFO] Created loudness-normalized media: level_flac_loudness_m12LUFS.flac [integrated=-12.05 LUFS gain=9.75 dB]
[2026-09-14 11:47:38] [converterTests] [INFO] Loudness normalize level_m4a.m4a: integrated target=-12 LUFS
[2026-09-14 11:47:41] [converterTests] [INFO] Created loudness-normalized media: level_m4a_loudness_m12LUFS.m4a [integrated=-12.00 LUFS gain=6.79 dB]
[2026-09-14 11:47:41] [converterTests] [INFO] Loudness normalize level_mp3.mp3: integrated target=-12 LUFS
[2026-09-14 11:47:43] [converterTests] [INFO] Created loudness-normalized media: level_mp3_loudness_m12LUFS.mp3 [integrated=-12.05 LUFS gain=4.05 dB]
[2026-09-14 11:47:43] [converterTests] [INFO] Loudness normalize level_video.mp4: integrated target=-12 LUFS
[2026-09-14 11:47:46] [converterTests] [INFO] Created loudness-normalized media: level_video_loudness_m12LUFS.mp4 [integrated=-12.05 LUFS gain=9.75 dB]
[2026-09-14 11:47:46] [converterTests] [INFO] Loudness normalize level_wav.wav: integrated target=-12 LUFS
[2026-09-14 11:47:49] [converterTests] [INFO] Created loudness-normalized media: level_wav_loudness_m12LUFS.wav [integrated=-12.05 LUFS gain=15.75 dB]
[2026-09-14 11:47:49] [converterTests] [INFO] Loudness normalize complete: processed=5 failed=0
Test Case '-[converterTests.PipelineIntegrationTests testLoudnessNormalizeProcessesAudioAndMP4Inputs]' passed (18.735 seconds).
Test Case '-[converterTests.PipelineIntegrationTests testLoudnessPreservingQCPolicyMeasuresOnlyTheLeadingLimitDurationSeconds]' started.
[2026-09-14 11:47:56] [converterTests] [INFO] Source already exceeds delivery QC on: true peak -0.57 dBTP (limit -1.00). Verifying the render does not worsen these, rather than altering the audio.
[2026-09-14 11:47:56] [converterTests] [INFO] Source already exceeds delivery QC on: true peak -0.57 dBTP (limit -1.00). Verifying the render does not worsen these, rather than altering the audio.
Test Case '-[converterTests.PipelineIntegrationTests testLoudnessPreservingQCPolicyMeasuresOnlyTheLeadingLimitDurationSeconds]' passed (3.115 seconds).
Test Case '-[converterTests.PipelineIntegrationTests testLoudnessPreservingQCPolicyRebasesOnlyTheBreachedTruePeakCeiling]' started.
[2026-09-14 11:47:58] [converterTests] [INFO] Source already exceeds delivery QC on: true peak -0.57 dBTP (limit -1.00). Verifying the render does not worsen these, rather than altering the audio.
Test Case '-[converterTests.PipelineIntegrationTests testLoudnessPreservingQCPolicyRebasesOnlyTheBreachedTruePeakCeiling]' passed (1.550 seconds).
Test Case '-[converterTests.PipelineIntegrationTests testLoudnessPreservingQCPolicyReturnsTheInputPolicyForACleanSource]' started.
Test Case '-[converterTests.PipelineIntegrationTests testLoudnessPreservingQCPolicyReturnsTheInputPolicyForACleanSource]' passed (1.543 seconds).
Test Case '-[converterTests.PipelineIntegrationTests testLoudnessStopsAtFirstFailureWithoutContinueOnError]' started.
[2026-09-14 11:48:00] [converterTests] [INFO] Loudness normalize a.wav: integrated target=-12 LUFS
[2026-09-14 11:48:02] [converterTests] [INFO] Created loudness-normalized media: a_loudness_m12LUFS.wav [integrated=-12.05 LUFS gain=9.75 dB]
[2026-09-14 11:48:02] [converterTests] [INFO] Loudness normalize b.wav: integrated target=-12 LUFS
[2026-09-14 11:48:02] [converterTests] [ERROR] Loudness normalize failed for b.wav: WAV format mismatch for /private/var/folders/7l/ry9rvd3d72z864w_jd2my37m0000gn/T/converter-tests.08D57B64-634C-47AD-9B46-1867B875483D/Output/b.wav (got='' expected='WAVE')
Test Case '-[converterTests.PipelineIntegrationTests testLoudnessStopsAtFirstFailureWithoutContinueOnError]' passed (3.374 seconds).
Test Case '-[converterTests.PipelineIntegrationTests testLoudScanReportsFourSummaryLines]' started.
Test Case '-[converterTests.PipelineIntegrationTests testLoudScanReportsFourSummaryLines]' passed (1.817 seconds).
Test Case '-[converterTests.PipelineIntegrationTests testLUFSRebaseMovesOnlyTheBreachedBound]' started.
[2026-09-14 11:48:06] [converterTests] [INFO] Source already exceeds delivery QC on: integrated loudness -25.25 LUFS (minimum -20.00). Verifying the render does not worsen these, rather than altering the audio.
[2026-09-14 11:48:07] [converterTests] [INFO] Source already exceeds delivery QC on: true peak 0.01 dBTP (limit 0.00); integrated loudness -0.15 LUFS (maximum -4.00). Verifying the render does not worsen these, rather than altering the audio.
Test Case '-[converterTests.PipelineIntegrationTests testLUFSRebaseMovesOnlyTheBreachedBound]' passed (2.483 seconds).
Test Case '-[converterTests.PipelineIntegrationTests testMainVideoFallsBackToSoftwareHEVCWhenHardwareIsUnavailable]' started.
[2026-09-14 11:48:08] [converterTests] [INFO] Main video encoders: libx265
[2026-09-14 11:48:10] [converterTests] [INFO] Created MP4: track_8K.mp4 [encoder=libx265]
Test Case '-[converterTests.PipelineIntegrationTests testMainVideoFallsBackToSoftwareHEVCWhenHardwareIsUnavailable]' passed (3.618 seconds).
Test Case '-[converterTests.PipelineIntegrationTests testMainVideoRenderFallsBackToSoftwareEncoder]' started.
[2026-09-14 11:48:12] [converterTests] [INFO] Main video encoders: libx264
[2026-09-14 11:48:14] [converterTests] [INFO] Created MP4: track_8K.mp4 [encoder=libx264]
Test Case '-[converterTests.PipelineIntegrationTests testMainVideoRenderFallsBackToSoftwareEncoder]' passed (3.630 seconds).
Test Case '-[converterTests.PipelineIntegrationTests testMasterCanonicalWAVFallsBackWhenTwoPassMeasurementIsOutOfRange]' started.
Test Case '-[converterTests.PipelineIntegrationTests testMasterCanonicalWAVFallsBackWhenTwoPassMeasurementIsOutOfRange]' passed (4.068 seconds).
Test Case '-[converterTests.PipelineIntegrationTests testMasterCanonicalWAVRemediatesOutOfPolicyLoudness]' started.
[2026-09-14 11:48:19] [converterTests] [INFO] Normalize WAV before mastering: needs_master.wav
[2026-09-14 11:48:19] [converterTests] [INFO] Normalize WAV: needs_master.wav
[2026-09-14 11:48:21] [converterTests] [INFO] Master WAV: needs_master.wav
[2026-09-14 11:48:22] [converterTests] [INFO] Mastered WAV: needs_master.wav [two-pass]
Test Case '-[converterTests.PipelineIntegrationTests testMasterCanonicalWAVRemediatesOutOfPolicyLoudness]' passed (4.483 seconds).
Test Case '-[converterTests.PipelineIntegrationTests testMasterCommandProducesMasteredOutputsWithinPolicy]' started.
[2026-09-14 11:48:23] [converterTests] [INFO] Master needs_master.wav: target=-40 LUFS
[2026-09-14 11:48:24] [converterTests] [INFO] Master WAV: .converter-tmp.node1_local.44346.b3155417-2003-4cdb-80cd-5dd9a80f886a.needs_master_master_source.55D56BBC-D152-4250-9773-8FF4B1036CAD.wav
[2026-09-14 11:48:26] [converterTests] [INFO] Mastered WAV: .converter-tmp.node1_local.44346.b3155417-2003-4cdb-80cd-5dd9a80f886a.needs_master_master_source.55D56BBC-D152-4250-9773-8FF4B1036CAD.wav [two-pass]
[2026-09-14 11:48:27] [converterTests] [INFO] Created mastered media: needs_master_mastered.wav
[2026-09-14 11:48:27] [converterTests] [INFO] Master complete: processed=1 failed=0
Test Case '-[converterTests.PipelineIntegrationTests testMasterCommandProducesMasteredOutputsWithinPolicy]' passed (4.867 seconds).
Test Case '-[converterTests.PipelineIntegrationTests testMP3CleanDoesNotEnforceDeliveryQCOnStreamCopyCleanup]' started.
[2026-09-14 11:48:29] [converterTests] [INFO] Cleaned MP3 metadata: hot_artwork_track.mp3
Test Case '-[converterTests.PipelineIntegrationTests testMP3CleanDoesNotEnforceDeliveryQCOnStreamCopyCleanup]' passed (2.100 seconds).
Test Case '-[converterTests.PipelineIntegrationTests testMP3CleanIsAStreamCopyThatPreservesTheAudio]' started.
[2026-09-14 11:48:31] [converterTests] [INFO] Cleaned MP3 metadata: tagged_441.mp3
Test Case '-[converterTests.PipelineIntegrationTests testMP3CleanIsAStreamCopyThatPreservesTheAudio]' passed (1.606 seconds).
Test Case '-[converterTests.PipelineIntegrationTests testMP3CleanRemovesArtworkAndExtraStreams]' started.
[2026-09-14 11:48:33] [converterTests] [INFO] Cleaned MP3 metadata: artwork_track.mp3
Test Case '-[converterTests.PipelineIntegrationTests testMP3CleanRemovesArtworkAndExtraStreams]' passed (2.011 seconds).
Test Case '-[converterTests.PipelineIntegrationTests testMP3HashAcceptsArtworkAndNonProjectBitrateMP3]' started.
[2026-09-14 11:48:34] [converterTests] [INFO] Hash MP3 filenames
[2026-09-14 11:48:34] [converterTests] [INFO] Renamed mp3: hash_artwork_track.mp3 -> 1199DB3B.mp3
Test Case '-[converterTests.PipelineIntegrationTests testMP3HashAcceptsArtworkAndNonProjectBitrateMP3]' passed (0.548 seconds).
Test Case '-[converterTests.PipelineIntegrationTests testMP4ToShortDoesNotReingestItsOwnShortDeliverables]' started.
[2026-09-14 11:48:35] [converterTests] [INFO] MP4 -> Short: clip.mp4
[2026-09-14 11:48:36] [converterTests] [INFO] Short video encoders: libx264, h264_videotoolbox
[2026-09-14 11:48:38] [converterTests] [INFO] Created short MP4: clip_Short.mp4 [encoder=libx264]
Test Case '-[converterTests.PipelineIntegrationTests testMP4ToShortDoesNotReingestItsOwnShortDeliverables]' passed (4.136 seconds).
Test Case '-[converterTests.PipelineIntegrationTests testMP4ToShortUsesTheConfiguredScaler]' started.
Test Case '-[converterTests.PipelineIntegrationTests testMP4ToShortUsesTheConfiguredScaler]' passed (0.002 seconds).
Test Case '-[converterTests.PipelineIntegrationTests testNFTToShortAcceptsPortrait8KPNGWithoutLandscapeMainRender]' started.
[2026-09-14 11:48:39] [converterTests] [INFO] NFT -> Short source audio: song.flac
[2026-09-14 11:48:39] [converterTests] [INFO] NFT -> Short source image: Vertical_8K.png
[2026-09-14 11:48:40] [converterTests] [INFO] Short video encoders: libx264, h264_videotoolbox
[2026-09-14 11:48:42] [converterTests] [INFO] Created portrait short MP4: song_8K_Short.mp4 [encoder=libx264]
[2026-09-14 11:48:45] [converterTests] [INFO] Created portrait short MP4: song_8K_Short_FullSong.mp4 [encoder=libx264]
[2026-09-14 11:48:48] [converterTests] [INFO] Created portrait short MP4 (centre cut): song_8K_Short_CenterCut.mp4 [encoder=libx264]
[2026-09-14 11:48:50] [converterTests] [INFO] Created portrait short MP4 (centre cut): song_8K_Short_FullSong_CenterCut.mp4 [encoder=libx264]
Test Case '-[converterTests.PipelineIntegrationTests testNFTToShortAcceptsPortrait8KPNGWithoutLandscapeMainRender]' passed (12.849 seconds).
Test Case '-[converterTests.PipelineIntegrationTests testNFTToShortBuildsShortFromGenericAudioAndNFTImage]' started.
[2026-09-14 11:48:51] [converterTests] [INFO] Short step: create NFT8K image
[2026-09-14 11:48:52] [converterTests] [INFO] Created 8K PNG: poster_8K.png
[2026-09-14 11:48:52] [converterTests] [INFO] Created 4K PNG: poster_4K.png
[2026-09-14 11:48:53] [converterTests] [INFO] Created NFT set: poster
[2026-09-14 11:48:53] [converterTests] [INFO] NFT -> Short source audio: song.aac
[2026-09-14 11:48:53] [converterTests] [INFO] NFT -> Short source image: poster_NFT8K.png
[2026-09-14 11:48:54] [converterTests] [INFO] Short video encoders: libx264, h264_videotoolbox
[2026-09-14 11:48:56] [converterTests] [INFO] Created portrait short MP4: song_8K_Short.mp4 [encoder=libx264]
[2026-09-14 11:49:00] [converterTests] [INFO] Created portrait short MP4: song_8K_Short_FullSong.mp4 [encoder=libx264]
[2026-09-14 11:49:02] [converterTests] [INFO] Created portrait short MP4 (centre cut): song_8K_Short_CenterCut.mp4 [encoder=libx264]
[2026-09-14 11:49:04] [converterTests] [INFO] Created portrait short MP4 (centre cut): song_8K_Short_FullSong_CenterCut.mp4 [encoder=libx264]
Test Case '-[converterTests.PipelineIntegrationTests testNFTToShortBuildsShortFromGenericAudioAndNFTImage]' passed (14.436 seconds).
Test Case '-[converterTests.PipelineIntegrationTests testNFTToShortComparesAgainstTrimmedSourceSegmentLoudness]' started.
[2026-09-14 11:49:06] [converterTests] [INFO] Short step: create NFT8K image
[2026-09-14 11:49:06] [converterTests] [INFO] Created 8K PNG: poster_8K.png
[2026-09-14 11:49:06] [converterTests] [INFO] Created 4K PNG: poster_4K.png
[2026-09-14 11:49:07] [converterTests] [INFO] Created NFT set: poster
[2026-09-14 11:49:07] [converterTests] [INFO] NFT -> Short source audio: dynamic_loudness.mp3
[2026-09-14 11:49:07] [converterTests] [INFO] NFT -> Short source image: poster_NFT8K.png
[2026-09-14 11:49:08] [converterTests] [INFO] Short video encoders: libx264, h264_videotoolbox
[2026-09-14 11:49:11] [converterTests] [INFO] Created portrait short MP4: dynamic_loudness_8K_Short.mp4 [encoder=libx264]
[2026-09-14 11:49:14] [converterTests] [INFO] Created portrait short MP4: dynamic_loudness_8K_Short_FullSong.mp4 [encoder=libx264]
[2026-09-14 11:49:16] [converterTests] [INFO] Created portrait short MP4 (centre cut): dynamic_loudness_8K_Short_CenterCut.mp4 [encoder=libx264]
[2026-09-14 11:49:18] [converterTests] [INFO] Created portrait short MP4 (centre cut): dynamic_loudness_8K_Short_FullSong_CenterCut.mp4 [encoder=libx264]
Test Case '-[converterTests.PipelineIntegrationTests testNFTToShortComparesAgainstTrimmedSourceSegmentLoudness]' passed (13.048 seconds).
Test Case '-[converterTests.PipelineIntegrationTests testNFTToShortPreservesSourceLoudnessOnLandscapePath]' started.
[2026-09-14 11:49:19] [converterTests] [INFO] Short step: create NFT8K image
[2026-09-14 11:49:19] [converterTests] [INFO] Created 8K PNG: poster_8K.png
[2026-09-14 11:49:19] [converterTests] [INFO] Created 4K PNG: poster_4K.png
[2026-09-14 11:49:20] [converterTests] [INFO] Created NFT set: poster
[2026-09-14 11:49:20] [converterTests] [INFO] NFT -> Short source audio: loud_song.flac
[2026-09-14 11:49:20] [converterTests] [INFO] NFT -> Short source image: poster_NFT8K.png
[2026-09-14 11:49:22] [converterTests] [INFO] Short video encoders: libx264, h264_videotoolbox
[2026-09-14 11:49:24] [converterTests] [INFO] Created portrait short MP4: loud_song_8K_Short.mp4 [encoder=libx264]
[2026-09-14 11:49:28] [converterTests] [INFO] Created portrait short MP4: loud_song_8K_Short_FullSong.mp4 [encoder=libx264]
[2026-09-14 11:49:30] [converterTests] [INFO] Created portrait short MP4 (centre cut): loud_song_8K_Short_CenterCut.mp4 [encoder=libx264]
[2026-09-14 11:49:33] [converterTests] [INFO] Created portrait short MP4 (centre cut): loud_song_8K_Short_FullSong_CenterCut.mp4 [encoder=libx264]
Test Case '-[converterTests.PipelineIntegrationTests testNFTToShortPreservesSourceLoudnessOnLandscapePath]' passed (14.233 seconds).
Test Case '-[converterTests.PipelineIntegrationTests testNFTToShortPreservesSourceLoudnessOnPortraitPath]' started.
[2026-09-14 11:49:34] [converterTests] [INFO] NFT -> Short source audio: hot_song.mp3
[2026-09-14 11:49:34] [converterTests] [INFO] NFT -> Short source image: Vertical_8K.png
[2026-09-14 11:49:35] [converterTests] [INFO] Source already exceeds delivery QC on: true peak -0.34 dBTP (limit -1.00). Verifying the render does not worsen these, rather than altering the audio.
[2026-09-14 11:49:35] [converterTests] [INFO] Short video encoders: libx264, h264_videotoolbox
[2026-09-14 11:49:37] [converterTests] [INFO] Created portrait short MP4: hot_song_8K_Short.mp4 [encoder=libx264]
[2026-09-14 11:49:39] [converterTests] [INFO] Source already exceeds delivery QC on: true peak -0.34 dBTP (limit -1.00). Verifying the render does not worsen these, rather than altering the audio.
[2026-09-14 11:49:41] [converterTests] [INFO] Created portrait short MP4: hot_song_8K_Short_FullSong.mp4 [encoder=libx264]
[2026-09-14 11:49:41] [converterTests] [INFO] Source already exceeds delivery QC on: true peak -0.34 dBTP (limit -1.00). Verifying the render does not worsen these, rather than altering the audio.
[2026-09-14 11:49:43] [converterTests] [INFO] Created portrait short MP4 (centre cut): hot_song_8K_Short_CenterCut.mp4 [encoder=libx264]
[2026-09-14 11:49:43] [converterTests] [INFO] Source already exceeds delivery QC on: true peak -0.34 dBTP (limit -1.00). Verifying the render does not worsen these, rather than altering the audio.
[2026-09-14 11:49:46] [converterTests] [INFO] Created portrait short MP4 (centre cut): hot_song_8K_Short_FullSong_CenterCut.mp4 [encoder=libx264]
Test Case '-[converterTests.PipelineIntegrationTests testNFTToShortPreservesSourceLoudnessOnPortraitPath]' passed (13.666 seconds).
Test Case '-[converterTests.PipelineIntegrationTests testNoiseAddsLeadingAndTrailingNoiseToAudioMedia]' started.
[2026-09-14 11:49:47] [converterTests] [INFO] Add noise noise_flac.flac: before=0.500 silence=2 after=0.500 level=-12 LUFS
[2026-09-14 11:49:53] [converterTests] [INFO] Created noise-padded media: noise_flac_noise_0_5s.flac
[2026-09-14 11:49:53] [converterTests] [INFO] Add noise noise_m4a.m4a: before=0.500 silence=2 after=0.500 level=-12 LUFS
[2026-09-14 11:49:59] [converterTests] [INFO] Created noise-padded media: noise_m4a_noise_0_5s.m4a
[2026-09-14 11:49:59] [converterTests] [INFO] Add noise noise_mp3.mp3: before=0.500 silence=2 after=0.500 level=-12 LUFS
[2026-09-14 11:50:05] [converterTests] [INFO] Created noise-padded media: noise_mp3_noise_0_5s.mp3
[2026-09-14 11:50:05] [converterTests] [INFO] Add noise noise_video.mp4: before=0.500 silence=2 after=0.500 level=-12 LUFS
[2026-09-14 11:50:09] [converterTests] [INFO] Noise MP4 video encoders: hevc_videotoolbox, libx265
[2026-09-14 11:50:11] [converterTests] [INFO] Created noise-padded media: noise_video_noise_0_5s.mp4
[2026-09-14 11:50:11] [converterTests] [INFO] Add noise noise_wav.wav: before=0.500 silence=2 after=0.500 level=-12 LUFS
[2026-09-14 11:50:17] [converterTests] [INFO] Created noise-padded media: noise_wav_noise_0_5s.wav
Test Case '-[converterTests.PipelineIntegrationTests testNoiseAddsLeadingAndTrailingNoiseToAudioMedia]' passed (37.445 seconds).
Test Case '-[converterTests.PipelineIntegrationTests testNoiseIgnoresPreviouslyGeneratedNoiseOutputs]' started.
Test Case '-[converterTests.PipelineIntegrationTests testNoiseIgnoresPreviouslyGeneratedNoiseOutputs]' passed (0.136 seconds).
Test Case '-[converterTests.PipelineIntegrationTests testNoiseOutputIsReproducibleAcrossReruns]' started.
[2026-09-14 11:50:30] [converterTests] [INFO] Created noise-padded media: repeat_flac_noise_0_5s.flac
[2026-09-14 11:50:36] [converterTests] [INFO] Created noise-padded media: repeat_flac_noise_0_5s.flac
[2026-09-14 11:50:42] [converterTests] [INFO] Created noise-padded media: repeat_wav_noise_0_5s.wav
[2026-09-14 11:50:47] [converterTests] [INFO] Created noise-padded media: repeat_wav_noise_0_5s.wav
Test Case '-[converterTests.PipelineIntegrationTests testNoiseOutputIsReproducibleAcrossReruns]' passed (23.337 seconds).
Test Case '-[converterTests.PipelineIntegrationTests testNoisePaddingStaysAtTargetAfterFLACDeliveryEncode]' started.
[2026-09-14 11:50:54] [converterTests] [INFO] Created noise-padded media: delivery_noise_noise_6s.flac
Test Case '-[converterTests.PipelineIntegrationTests testNoisePaddingStaysAtTargetAfterFLACDeliveryEncode]' passed (8.315 seconds).
Test Case '-[converterTests.PipelineIntegrationTests testNoisePaddingVerifierRejectsSilentProgramme]' started.
Test Case '-[converterTests.PipelineIntegrationTests testNoisePaddingVerifierRejectsSilentProgramme]' passed (1.614 seconds).
Test Case '-[converterTests.PipelineIntegrationTests testNoiseSegmentUsesDynamicLoudnormForProductionDurations]' started.
Test Case '-[converterTests.PipelineIntegrationTests testNoiseSegmentUsesDynamicLoudnormForProductionDurations]' passed (1.618 seconds).
Test Case '-[converterTests.PipelineIntegrationTests testNoiseVerifiesPaddingOncePerFile]' started.
[2026-09-14 11:50:59] [converterTests] [INFO] Add noise track.wav: before=1 silence=2 after=1 level=-12 LUFS
[2026-09-14 11:51:05] [converterTests] [INFO] Created noise-padded media: track_noise_1s.wav
Test Case '-[converterTests.PipelineIntegrationTests testNoiseVerifiesPaddingOncePerFile]' passed (6.334 seconds).
Test Case '-[converterTests.PipelineIntegrationTests testPaddedMP4EncoderLadderReportsEveryFailedRung]' started.
[2026-09-14 11:51:07] [converterTests] [INFO] Silence MP4 video encoders: libx264, libx265
[2026-09-14 11:51:07] [converterTests] [WARN] silence MP4 video encoder failed (libx264): Command failed: /opt/homebrew/bin/ffmpeg -hide_banner -nostdin -v error -y -i /var/folders/7l/ry9rvd3d72z864w_jd2my37m0000gn/T/converter-tests.6C2DBB5F-5348-4A2C-8AEF-DC73858EB846/Output/clip.mp4 -i /var/folders/7l/ry9rvd3d72z864w_jd2my37m0000gn/T/converter-tests.6C2DBB5F-5348-4A2C-8AEF-DC73858EB846/Output/.converter-tmp.node1_local.44346.851aff92-4cd8-4c9e-b4a6-563868c8acb8.clip_silence_padded.4D6DCF81-1BB6-4211-BDC5-A4DDC5B1C1C3.wav -map 0:v:0 -map 1:a:0 -vf tpad=start_duration=1.000000:stop_duration=1.000000:start_mode=clone:stop_mode=clone,format=yuv420p,setparams=color_primaries=bt709:color_trc=bt709:colorspace=bt709:range=limited -c:v libx264 -preset no_such_preset -crf 22 -pix_fmt yuv420p -color_primaries bt709 -color_trc bt709 -colorspace bt709 -color_range tv -tag:v avc1 -c:a alac -sample_fmt s32p -bits_per_raw_sample 24 -ar 48000 -ac 2 -t 3.500000 -map_metadata 0 -map_chapters 0 -movflags +faststart /var/folders/7l/ry9rvd3d72z864w_jd2my37m0000gn/T/converter-tests.6C2DBB5F-5348-4A2C-8AEF-DC73858EB846/Output/.converter-tmp.node1_local.44346.851aff92-4cd8-4c9e-b4a6-563868c8acb8.clip_silence_1s.50DF489D-3871-4668-B69D-12F60C2ADDD0.mp4 | [out#0/mp4 @ 0x700c086c0] Nothing was written into output file, because at least one of its streams received no packets.
[2026-09-14 11:51:07] [converterTests] [WARN] silence MP4 video encoder failed (libx265): Command failed: /opt/homebrew/bin/ffmpeg -hide_banner -nostdin -v error -y -i /var/folders/7l/ry9rvd3d72z864w_jd2my37m0000gn/T/converter-tests.6C2DBB5F-5348-4A2C-8AEF-DC73858EB846/Output/clip.mp4 -i /var/folders/7l/ry9rvd3d72z864w_jd2my37m0000gn/T/converter-tests.6C2DBB5F-5348-4A2C-8AEF-DC73858EB846/Output/.converter-tmp.node1_local.44346.851aff92-4cd8-4c9e-b4a6-563868c8acb8.clip_silence_padded.4D6DCF81-1BB6-4211-BDC5-A4DDC5B1C1C3.wav -map 0:v:0 -map 1:a:0 -vf tpad=start_duration=1.000000:stop_duration=1.000000:start_mode=clone:stop_mode=clone,format=yuv420p,setparams=color_primaries=bt709:color_trc=bt709:colorspace=bt709:range=limited -c:v libx265 -preset no_such_preset -crf 22 -pix_fmt yuv420p -color_primaries bt709 -color_trc bt709 -colorspace bt709 -color_range tv -tag:v hvc1 -c:a alac -sample_fmt s32p -bits_per_raw_sample 24 -ar 48000 -ac 2 -t 3.500000 -map_metadata 0 -map_chapters 0 -movflags +faststart /var/folders/7l/ry9rvd3d72z864w_jd2my37m0000gn/T/converter-tests.6C2DBB5F-5348-4A2C-8AEF-DC73858EB846/Output/.converter-tmp.node1_local.44346.851aff92-4cd8-4c9e-b4a6-563868c8acb8.clip_silence_1s.50DF489D-3871-4668-B69D-12F60C2ADDD0.mp4 | [out#0/mp4 @ 0x87cc086c0] Nothing was written into output file, because at least one of its streams received no packets.
Test Case '-[converterTests.PipelineIntegrationTests testPaddedMP4EncoderLadderReportsEveryFailedRung]' passed (2.165 seconds).
Test Case '-[converterTests.PipelineIntegrationTests testPortraitShortStillsMatchTheirRenderFraming]' started.
[2026-09-14 11:51:08] [converterTests] [INFO] Profile: youtube_master
[2026-09-14 11:51:08] [converterTests] [INFO] Scheduler profile: total=3 image=2 audio=2 video=1
[2026-09-14 11:51:08] [converterTests] [INFO] Created portrait still: art_Short_8K.png
[2026-09-14 11:51:08] [converterTests] [INFO] Created 1MB JPG: art_Short_8K_1MB.jpg
[2026-09-14 11:51:08] [converterTests] [INFO] Created 2MB JPG: art_Short_8K_2MB.jpg
[2026-09-14 11:51:09] [converterTests] [INFO] Created portrait still: art_Short_CenterCut_8K.png
[2026-09-14 11:51:09] [converterTests] [INFO] Created 1MB JPG: art_Short_CenterCut_8K_1MB.jpg
[2026-09-14 11:51:09] [converterTests] [INFO] Created 2MB JPG: art_Short_CenterCut_8K_2MB.jpg
Test Case '-[converterTests.PipelineIntegrationTests testPortraitShortStillsMatchTheirRenderFraming]' passed (2.285 seconds).
Test Case '-[converterTests.PipelineIntegrationTests testProbeCacheInvalidatesWhenFileFingerprintChanges]' started.
Test Case '-[converterTests.PipelineIntegrationTests testProbeCacheInvalidatesWhenFileFingerprintChanges]' passed (0.285 seconds).
Test Case '-[converterTests.PipelineIntegrationTests testPublishTempReplacesExistingDestination]' started.
Test Case '-[converterTests.PipelineIntegrationTests testPublishTempReplacesExistingDestination]' passed (0.003 seconds).
Test Case '-[converterTests.PipelineIntegrationTests testRejectsEmptyAudioInputWithoutPublishingOutputs]' started.
Test Case '-[converterTests.PipelineIntegrationTests testRejectsEmptyAudioInputWithoutPublishingOutputs]' passed (0.002 seconds).
Test Case '-[converterTests.PipelineIntegrationTests testRejectsEmptyImageInputWithoutPublishingOutputs]' started.
Test Case '-[converterTests.PipelineIntegrationTests testRejectsEmptyImageInputWithoutPublishingOutputs]' passed (0.002 seconds).
Test Case '-[converterTests.PipelineIntegrationTests testRejectsFLACExtensionWithMP3Payload]' started.
Test Case '-[converterTests.PipelineIntegrationTests testRejectsFLACExtensionWithMP3Payload]' passed (0.140 seconds).
Test Case '-[converterTests.PipelineIntegrationTests testRejectsJPEGExtensionWithPNGPayload]' started.
Test Case '-[converterTests.PipelineIntegrationTests testRejectsJPEGExtensionWithPNGPayload]' passed (0.204 seconds).
Test Case '-[converterTests.PipelineIntegrationTests testRejectsM4AExtensionWithMP3Payload]' started.
Test Case '-[converterTests.PipelineIntegrationTests testRejectsM4AExtensionWithMP3Payload]' passed (0.139 seconds).
Test Case '-[converterTests.PipelineIntegrationTests testRejectsMP3ExtensionWithWAVPayload]' started.
Test Case '-[converterTests.PipelineIntegrationTests testRejectsMP3ExtensionWithWAVPayload]' passed (0.139 seconds).
Test Case '-[converterTests.PipelineIntegrationTests testRejectsMP4ExtensionWithImagePayload]' started.
Test Case '-[converterTests.PipelineIntegrationTests testRejectsMP4ExtensionWithImagePayload]' passed (0.135 seconds).
Test Case '-[converterTests.PipelineIntegrationTests testRejectsPNGExtensionWithJPEGPayload]' started.
Test Case '-[converterTests.PipelineIntegrationTests testRejectsPNGExtensionWithJPEGPayload]' passed (0.215 seconds).
Test Case '-[converterTests.PipelineIntegrationTests testRejectsSilentMP3Input]' started.
Test Case '-[converterTests.PipelineIntegrationTests testRejectsSilentMP3Input]' passed (0.334 seconds).
Test Case '-[converterTests.PipelineIntegrationTests testRejectsStereoImbalancedOutputWhenPolicyIsStrict]' started.
[2026-09-14 11:51:14] [converterTests] [INFO] Created M4A: imbalanced.m4a
Test Case '-[converterTests.PipelineIntegrationTests testRejectsStereoImbalancedOutputWhenPolicyIsStrict]' passed (2.717 seconds).
Test Case '-[converterTests.PipelineIntegrationTests testRejectsWAVBinaryGarbage]' started.
Test Case '-[converterTests.PipelineIntegrationTests testRejectsWAVBinaryGarbage]' passed (0.003 seconds).
Test Case '-[converterTests.PipelineIntegrationTests testRunCapsCapturedOutputAt64MiBOnBothStreams]' started.
Test Case '-[converterTests.PipelineIntegrationTests testRunCapsCapturedOutputAt64MiBOnBothStreams]' passed (7.850 seconds).
Test Case '-[converterTests.PipelineIntegrationTests testRunCapturedOutputCapBoundaryKeepsExactCapAndDropsOneByteOver]' started.
Test Case '-[converterTests.PipelineIntegrationTests testRunCapturedOutputCapBoundaryKeepsExactCapAndDropsOneByteOver]' passed (6.463 seconds).
Test Case '-[converterTests.PipelineIntegrationTests testRunDrainsLargeChildOutputWithoutDeadlock]' started.
Test Case '-[converterTests.PipelineIntegrationTests testRunDrainsLargeChildOutputWithoutDeadlock]' passed (0.210 seconds).
Test Case '-[converterTests.PipelineIntegrationTests testRunGivesChildrenNoStdin]' started.
Test Case '-[converterTests.PipelineIntegrationTests testRunGivesChildrenNoStdin]' passed (0.072 seconds).
Test Case '-[converterTests.PipelineIntegrationTests testRunHandlesLargeStderrWithoutDeadlock]' started.
Test Case '-[converterTests.PipelineIntegrationTests testRunHandlesLargeStderrWithoutDeadlock]' passed (0.422 seconds).
Test Case '-[converterTests.PipelineIntegrationTests testRunHandlesRepeatedLaunchesWithoutPipeHandleExhaustion]' started.
Test Case '-[converterTests.PipelineIntegrationTests testRunHandlesRepeatedLaunchesWithoutPipeHandleExhaustion]' passed (27.356 seconds).
Test Case '-[converterTests.PipelineIntegrationTests testRunTimeoutDoesNotWaitForGrandchildHoldingThePipe]' started.
Test Case '-[converterTests.PipelineIntegrationTests testRunTimeoutDoesNotWaitForGrandchildHoldingThePipe]' passed (1.073 seconds).
Test Case '-[converterTests.PipelineIntegrationTests testRunTimeoutEscalatesToSIGKILLWhenChildIgnoresSIGTERM]' started.
Test Case '-[converterTests.PipelineIntegrationTests testRunTimeoutEscalatesToSIGKILLWhenChildIgnoresSIGTERM]' passed (8.069 seconds).
Test Case '-[converterTests.PipelineIntegrationTests testSchedulerRespectsResourceClassLimits]' started.
Test Case '-[converterTests.PipelineIntegrationTests testSchedulerRespectsResourceClassLimits]' passed (3.471 seconds).
Test Case '-[converterTests.PipelineIntegrationTests testShortAcceptsGenericAudioOnlyInputFormat]' started.
[2026-09-14 11:52:09] [converterTests] [INFO] Short source audio: song.aac
[2026-09-14 11:52:09] [converterTests] [INFO] Short source image: poster.png
[2026-09-14 11:52:11] [converterTests] [INFO] Short video encoders: libx264, h264_videotoolbox
[2026-09-14 11:52:13] [converterTests] [INFO] Created portrait short MP4: song_8K_Short.mp4 [encoder=libx264]
[2026-09-14 11:52:16] [converterTests] [INFO] Created portrait short MP4: song_8K_Short_FullSong.mp4 [encoder=libx264]
[2026-09-14 11:52:19] [converterTests] [INFO] Created portrait short MP4 (centre cut): song_8K_Short_CenterCut.mp4 [encoder=libx264]
[2026-09-14 11:52:21] [converterTests] [INFO] Created portrait short MP4 (centre cut): song_8K_Short_FullSong_CenterCut.mp4 [encoder=libx264]
Test Case '-[converterTests.PipelineIntegrationTests testShortAcceptsGenericAudioOnlyInputFormat]' passed (13.052 seconds).
Test Case '-[converterTests.PipelineIntegrationTests testShortBuildsLongSongFullSongVariant]' started.
[2026-09-14 11:52:23] [converterTests] [INFO] Short source audio: song.mp3
[2026-09-14 11:52:23] [converterTests] [INFO] Short source image: poster.png
[2026-09-14 11:52:26] [converterTests] [INFO] Short video encoders: libx264, h264_videotoolbox
[2026-09-14 11:52:34] [converterTests] [INFO] Created portrait short MP4: song_8K_Short.mp4 [encoder=libx264]
[2026-09-14 11:52:49] [converterTests] [INFO] Created portrait short MP4: song_8K_Short_FullSong.mp4 [encoder=libx264]
[2026-09-14 11:52:55] [converterTests] [INFO] Created portrait short MP4 (centre cut): song_8K_Short_CenterCut.mp4 [encoder=libx264]
[2026-09-14 11:53:03] [converterTests] [INFO] Created portrait short MP4 (centre cut): song_8K_Short_FullSong_CenterCut.mp4 [encoder=libx264]
Test Case '-[converterTests.PipelineIntegrationTests testShortBuildsLongSongFullSongVariant]' passed (47.527 seconds).
Test Case '-[converterTests.PipelineIntegrationTests testShortBuildsOnlyPortraitMP4FromDirectImageAndAudio]' started.
[2026-09-14 11:53:10] [converterTests] [INFO] Short source audio: song.flac
[2026-09-14 11:53:10] [converterTests] [INFO] Short source image: poster.png
[2026-09-14 11:53:11] [converterTests] [INFO] Short video encoders: libx264, h264_videotoolbox
[2026-09-14 11:53:14] [converterTests] [INFO] Created portrait short MP4: song_8K_Short.mp4 [encoder=libx264]
[2026-09-14 11:53:17] [converterTests] [INFO] Created portrait short MP4: song_8K_Short_FullSong.mp4 [encoder=libx264]
[2026-09-14 11:53:19] [converterTests] [INFO] Created portrait short MP4 (centre cut): song_8K_Short_CenterCut.mp4 [encoder=libx264]
[2026-09-14 11:53:21] [converterTests] [INFO] Created portrait short MP4 (centre cut): song_8K_Short_FullSong_CenterCut.mp4 [encoder=libx264]
Test Case '-[converterTests.PipelineIntegrationTests testShortBuildsOnlyPortraitMP4FromDirectImageAndAudio]' passed (13.162 seconds).
Test Case '-[converterTests.PipelineIntegrationTests testShortCapBoundaryAndFullSongCompanionDecision]' started.
Test Case '-[converterTests.PipelineIntegrationTests testShortCapBoundaryAndFullSongCompanionDecision]' passed (0.010 seconds).
Test Case '-[converterTests.PipelineIntegrationTests testShortFromHotMP3IsNotRejectedForClippedSamplesItInherits]' started.
[2026-09-14 11:53:23] [converterTests] [INFO] Short source audio: hot_master.mp3
[2026-09-14 11:53:23] [converterTests] [INFO] Short source image: poster.png
[2026-09-14 11:53:25] [converterTests] [INFO] Source already exceeds delivery QC on: clipped samples 18239 (limit 0). Verifying the render does not worsen these, rather than altering the audio.
[2026-09-14 11:53:25] [converterTests] [INFO] Short video encoders: libx264, h264_videotoolbox
[2026-09-14 11:53:27] [converterTests] [INFO] Created portrait short MP4: hot_master_8K_Short.mp4 [encoder=libx264]
[2026-09-14 11:53:27] [converterTests] [INFO] Source already exceeds delivery QC on: clipped samples 18239 (limit 0). Verifying the render does not worsen these, rather than altering the audio.
[2026-09-14 11:53:30] [converterTests] [INFO] Created portrait short MP4 (centre cut): hot_master_8K_Short_CenterCut.mp4 [encoder=libx264]
Test Case '-[converterTests.PipelineIntegrationTests testShortFromHotMP3IsNotRejectedForClippedSamplesItInherits]' passed (7.427 seconds).
Test Case '-[converterTests.PipelineIntegrationTests testShortMP4OutputStemsDoNotRepeatShortSuffixes]' started.
Test Case '-[converterTests.PipelineIntegrationTests testShortMP4OutputStemsDoNotRepeatShortSuffixes]' passed (0.003 seconds).
Test Case '-[converterTests.PipelineIntegrationTests testShortRendersNarrowPortraitMP4Inputs]' started.
[2026-09-14 11:53:31] [converterTests] [INFO] Short video encoders: libx264, h264_videotoolbox
[2026-09-14 11:53:33] [converterTests] [INFO] Created short MP4: tall_source_Short.mp4 [encoder=libx264]
Test Case '-[converterTests.PipelineIntegrationTests testShortRendersNarrowPortraitMP4Inputs]' passed (3.630 seconds).
Test Case '-[converterTests.PipelineIntegrationTests testShortVideoHardCapsAt58SecondsEvenIfConfigRequestsMore]' started.
[2026-09-14 11:53:36] [converterTests] [INFO] Short video encoders: libx264, h264_videotoolbox
[2026-09-14 11:53:43] [converterTests] [INFO] Created short MP4: long_source_Short.mp4 [encoder=libx264]
Test Case '-[converterTests.PipelineIntegrationTests testShortVideoHardCapsAt58SecondsEvenIfConfigRequestsMore]' passed (9.433 seconds).
Test Case '-[converterTests.PipelineIntegrationTests testShortVideoRenderFallsBackToSoftwareEncoder]' started.
[2026-09-14 11:53:44] [converterTests] [INFO] Main video encoders: hevc_videotoolbox, libx265
[2026-09-14 11:53:46] [converterTests] [INFO] Created MP4: track_8K.mp4 [encoder=hevc_videotoolbox]
[2026-09-14 11:53:47] [converterTests] [INFO] Short video encoders: libx264
[2026-09-14 11:53:49] [converterTests] [INFO] Created short MP4: track_8K_Short.mp4 [encoder=libx264]
Test Case '-[converterTests.PipelineIntegrationTests testShortVideoRenderFallsBackToSoftwareEncoder]' passed (5.957 seconds).
Test Case '-[converterTests.PipelineIntegrationTests testSilenceAddsLeadingAndTrailingPaddingToWAVFLACAndMP4]' started.
[2026-09-14 11:53:50] [converterTests] [INFO] Add silence pad_flac.flac: before=0.500 after=0.500
[2026-09-14 11:53:52] [converterTests] [INFO] Created silence-padded media: pad_flac_silence_0_5s.flac
[2026-09-14 11:53:52] [converterTests] [INFO] Add silence pad_video.mp4: before=0.500 after=0.500
[2026-09-14 11:53:54] [converterTests] [INFO] Silence MP4 video encoders: hevc_videotoolbox, libx265
[2026-09-14 11:53:56] [converterTests] [INFO] Created silence-padded media: pad_video_silence_0_5s.mp4
[2026-09-14 11:53:56] [converterTests] [INFO] Add silence pad_wav.wav: before=0.500 after=0.500
[2026-09-14 11:53:58] [converterTests] [INFO] Created silence-padded media: pad_wav_silence_0_5s.wav
Test Case '-[converterTests.PipelineIntegrationTests testSilenceAddsLeadingAndTrailingPaddingToWAVFLACAndMP4]' passed (11.894 seconds).
Test Case '-[converterTests.PipelineIntegrationTests testSilenceIgnoresPreviouslyGeneratedSilenceOutputs]' started.
Test Case '-[converterTests.PipelineIntegrationTests testSilenceIgnoresPreviouslyGeneratedSilenceOutputs]' passed (0.132 seconds).
Test Case '-[converterTests.PipelineIntegrationTests testSilenceMP4UsesH264SafeTagForSoftwareEncoder]' started.
[2026-09-14 11:54:01] [converterTests] [INFO] Add silence software_pad_video.mp4: before=0.500 after=0.500
[2026-09-14 11:54:03] [converterTests] [INFO] Silence MP4 video encoders: libx264
[2026-09-14 11:54:05] [converterTests] [INFO] Created silence-padded media: software_pad_video_silence_0_5s.mp4
Test Case '-[converterTests.PipelineIntegrationTests testSilenceMP4UsesH264SafeTagForSoftwareEncoder]' passed (4.750 seconds).
Test Case '-[converterTests.PipelineIntegrationTests testSilentChannelIsReportedAsStereoImbalance]' started.
Test Case '-[converterTests.PipelineIntegrationTests testSilentChannelIsReportedAsStereoImbalance]' passed (0.334 seconds).
Test Case '-[converterTests.PipelineIntegrationTests testSourceSegmentQCIsMeasuredOncePerSegmentAndRate]' started.
Test Case '-[converterTests.PipelineIntegrationTests testSourceSegmentQCIsMeasuredOncePerSegmentAndRate]' passed (4.042 seconds).
Test Case '-[converterTests.PipelineIntegrationTests testTailFadeProcessesMP3WAVAndFLACWithoutTruncating]' started.
[2026-09-14 11:54:11] [converterTests] [INFO] Fade tail tail_flac.flac: duration=0.500
[2026-09-14 11:54:13] [converterTests] [INFO] Created faded audio: tail_flac_faded_0.5s.flac
[2026-09-14 11:54:13] [converterTests] [INFO] Fade tail tail_mp3.mp3: duration=0.500
[2026-09-14 11:54:15] [converterTests] [INFO] Created faded audio: tail_mp3_faded_0.5s.mp3
[2026-09-14 11:54:15] [converterTests] [INFO] Fade tail tail_wav.wav: duration=0.500
[2026-09-14 11:54:18] [converterTests] [INFO] Created faded audio: tail_wav_faded_0.5s.wav
Test Case '-[converterTests.PipelineIntegrationTests testTailFadeProcessesMP3WAVAndFLACWithoutTruncating]' passed (9.025 seconds).
Test Case '-[converterTests.PipelineIntegrationTests testUnifiedHashIgnoresNestedDirectories]' started.
[2026-09-14 11:54:20] [converterTests] [INFO] Hash WAV, FLAC, MP3, and MP4 filenames
[2026-09-14 11:54:20] [converterTests] [WARN] No .wav, .flac, .mp3, or .mp4 files found in '/var/folders/7l/ry9rvd3d72z864w_jd2my37m0000gn/T/converter-tests.A9D5CEE6-F402-4A91-84BA-C1EC2AF4A223/Output'.
Test Case '-[converterTests.PipelineIntegrationTests testUnifiedHashIgnoresNestedDirectories]' passed (0.068 seconds).
Test Case '-[converterTests.PipelineIntegrationTests testUnifiedHashRenamesWAVFLACMP3AndMP4Together]' started.
[2026-09-14 11:54:20] [converterTests] [INFO] Hash WAV, FLAC, MP3, and MP4 filenames
[2026-09-14 11:54:20] [converterTests] [INFO] Renamed wav: mix_wave.wav -> A6552CB3.wav
[2026-09-14 11:54:21] [converterTests] [INFO] Renamed flac: mix_flac.flac -> 5CDF3EE5.flac
[2026-09-14 11:54:21] [converterTests] [INFO] Renamed mp3: mix_mp3.mp3 -> 1199DB3B.mp3
[2026-09-14 11:54:21] [converterTests] [INFO] Renamed mp4: mix_video.mp4 -> 2B06BCBF.mp4
[2026-09-14 11:54:21] [converterTests] [INFO] Hash rename complete: renamed=4/4 failed=0
Test Case '-[converterTests.PipelineIntegrationTests testUnifiedHashRenamesWAVFLACMP3AndMP4Together]' passed (2.348 seconds).
Test Case '-[converterTests.PipelineIntegrationTests testVideoRenderStreamCopiesAnAlreadyStandardALACSource]' started.
[2026-09-14 11:54:23] [converterTests] [INFO] Main video encoders: hevc_videotoolbox, libx265
[2026-09-14 11:54:25] [converterTests] [INFO] Created MP4: alac_track_8K.mp4 [encoder=hevc_videotoolbox]
Test Case '-[converterTests.PipelineIntegrationTests testVideoRenderStreamCopiesAnAlreadyStandardALACSource]' passed (3.417 seconds).
Test Case '-[converterTests.PipelineIntegrationTests testVisualSubsCreatesVerifiedPNGViaPublishedOutput]' started.
[2026-09-14 11:54:25] [converterTests] [INFO] Created visualsubs PNG: /var/folders/7l/ry9rvd3d72z864w_jd2my37m0000gn/T/converter-tests.14079683-76CC-404E-9F9E-68E63C158EE5/Output/dots.png
Test Case '-[converterTests.PipelineIntegrationTests testVisualSubsCreatesVerifiedPNGViaPublishedOutput]' passed (0.341 seconds).
Test Case '-[converterTests.PipelineIntegrationTests testVisualSubsReservesCenterMarkerAgainstRandomDots]' started.
[2026-09-14 11:54:26] [converterTests] [INFO] Created visualsubs PNG: /var/folders/7l/ry9rvd3d72z864w_jd2my37m0000gn/T/converter-tests.3E78B7A2-EB0D-4EF5-A913-F748B6723125/Output/center_guard.png
Test Case '-[converterTests.PipelineIntegrationTests testVisualSubsReservesCenterMarkerAgainstRandomDots]' passed (0.276 seconds).
Test Case '-[converterTests.PipelineIntegrationTests testWAVHashAcceptsNonStandardRIFFInput]' started.
[2026-09-14 11:54:26] [converterTests] [INFO] Hash WAV filenames
[2026-09-14 11:54:26] [converterTests] [INFO] Renamed wav: plain_hash.wav -> A6552CB3.wav
Test Case '-[converterTests.PipelineIntegrationTests testWAVHashAcceptsNonStandardRIFFInput]' passed (0.616 seconds).
Test Case '-[converterTests.PipelineIntegrationTests testWAVToM4AAcceptsNonStandardRIFFInput]' started.
[2026-09-14 11:54:29] [converterTests] [INFO] Created M4A: plain_input.m4a
Test Case '-[converterTests.PipelineIntegrationTests testWAVToM4AAcceptsNonStandardRIFFInput]' passed (3.268 seconds).
Test Case '-[converterTests.PipelineIntegrationTests testWAVToMP3ContinueOnErrorConvertsRemainingFilesThenSummarizes]' started.
[2026-09-14 11:54:30] [converterTests] [INFO] WAV -> MP3: a.wav
[2026-09-14 11:54:32] [converterTests] [INFO] Created MP3: a.mp3
[2026-09-14 11:54:32] [converterTests] [INFO] WAV -> MP3: b.wav
[2026-09-14 11:54:32] [converterTests] [ERROR] WAV format mismatch for /private/var/folders/7l/ry9rvd3d72z864w_jd2my37m0000gn/T/converter-tests.2FC74094-544E-42D2-8E60-F78ADFF4AAC9/Output/b.wav (got='' expected='WAVE')
[2026-09-14 11:54:32] [converterTests] [INFO] WAV -> MP3: c.wav
[2026-09-14 11:54:34] [converterTests] [INFO] Created MP3: c.mp3
Test Case '-[converterTests.PipelineIntegrationTests testWAVToMP3ContinueOnErrorConvertsRemainingFilesThenSummarizes]' passed (5.440 seconds).
Test Case '-[converterTests.PipelineIntegrationTests testWAVToMP3StopsAtFirstFailureWithoutContinueOnError]' started.
[2026-09-14 11:54:35] [converterTests] [INFO] WAV -> MP3: a.wav
[2026-09-14 11:54:38] [converterTests] [INFO] Created MP3: a.mp3
[2026-09-14 11:54:38] [converterTests] [INFO] WAV -> MP3: b.wav
[2026-09-14 11:54:38] [converterTests] [ERROR] WAV format mismatch for /private/var/folders/7l/ry9rvd3d72z864w_jd2my37m0000gn/T/converter-tests.E014DA5E-ABE5-4526-BE17-BE330CFBEEC4/Output/b.wav (got='' expected='WAVE')
Test Case '-[converterTests.PipelineIntegrationTests testWAVToMP3StopsAtFirstFailureWithoutContinueOnError]' passed (2.809 seconds).
Test Case '-[converterTests.PipelineIntegrationTests testWorkspaceIgnoresHostDirectoryAndDebugOverrides]' started.
Test Case '-[converterTests.PipelineIntegrationTests testWorkspaceIgnoresHostDirectoryAndDebugOverrides]' passed (0.003 seconds).
Test Suite 'PipelineIntegrationTests' passed at 2026-09-14 11:54:38.540.
	 Executed 138 tests, with 0 failures (0 unexpected) in 669.202 (669.214) seconds
Test Suite 'converterPackageTests.xctest' passed at 2026-09-14 11:54:38.541.
	 Executed 263 tests, with 0 failures (0 unexpected) in 676.297 (676.320) seconds
Test Suite 'All tests' passed at 2026-09-14 11:54:38.541.
	 Executed 263 tests, with 0 failures (0 unexpected) in 676.297 (676.323) seconds
ffmpeg invocations for one -noise file: 40
◇ Test run started.
↳ Testing Library Version: 1902
↳ Target Platform: arm64e-apple-macos14.0
✔ Test run with 0 tests in 0 suites passed after 0.001 seconds.
