=== Phase E on Node2.local — 27.0, Apple Swift version 6.4 (swiftlang-6.4.0.34.1 clang-2100.3.34.1)
=== clone HEAD: eb6b9418ef6c8ec96d4fe89a4318b7a2f2822917  (main tip after the Swift 6.4 manifest commit)
=== working tree: 0 modified paths

=== 1. debug build (warnings are errors)
Building for debugging...
[Pre-planning 1 / 125]
[Planning deferred tasks]
[38 / 68]
[41 / 70] converter
[50 / 126]
[51 / 126]
[56 / 126]
[62 / 126] BW64Bridge
[63 / 126]
[67 / 126]
[69 / 126]
[72 / 126]
[76 / 126]
[78 / 126]
[79 / 126]
[89 / 126] converter-product
[92 / 126] converter-product
[103 / 126] converterTests-product
[104 / 126] converterTests-product
[105 / 126]
[107 / 126] converter-product
[107 / 126] converter
[107 / 126] converter-product
[109 / 126] converter-product
[111 / 126] converter
[116 / 127] converterTests-product
[130 / 163]
[135 / 163]
[137 / 163]
[138 / 163]
[141 / 163]
[143 / 163]
[146 / 163]
[147 / 163]
[152 / 163] converterTests-product
[157 / 163] converterTests-product
[159 / 163] converterTests-product
Build complete! (13,83 secs)
[debug build exit: 0]

=== 2. strict release build
Building for production...
[Planning deferred tasks]
[14 / 20] converter-product
[25 / 59]
[28 / 59]
[34 / 59]
[36 / 59]
[40 / 59]
[43 / 59]
[46 / 59]
[50 / 59]
[52 / 59]
[53 / 59]
[55 / 59] converter-product
[57 / 59] converter-product
[58 / 59] converter-product
Build complete! (20,08 secs)
[release build exit: 0]

=== 3. committed binary checksum
converter: OK
[checksum exit: 0]

=== 4. swiftlint budget
swiftlint 0.65.1: 461 violations (19 error-level) — budget 461 / 19 recorded with swiftlint 0.65.1
no new violations
[lint exit: 0]

=== 5. python tooling
6 files already formatted
All checks passed!
Success: no issues found in 6 source files
python tooling clean: ruff 0.16.7, mypy 2.3.1 (compiled: yes)
[python exit: 0]

=== 6. secret scan (full history)
[90m12:24AM[0m [32mINF[0m [1m318 commits scanned.[0m
[90m12:24AM[0m [32mINF[0m [1mscanned ~9200618 bytes (9.20 MB) in 980ms[0m
[90m12:24AM[0m [32mINF[0m [1mno leaks found[0m
[gitleaks exit: 0]

=== 7. SAST

A new version of Semgrep is available. See https://semgrep.dev/docs/upgrading
If Semgrep missed a finding, please send us feedback to let us know!
See https://semgrep.dev/docs/reporting-false-negatives/
[semgrep exit: 0]

=== 8. cppcheck (bridge)
Checking Sources/BW64Bridge/bw64_bridge.cpp ...
Checking Sources/BW64Bridge/bw64_bridge.cpp: __clang__=__clang__...
[cppcheck exit: 0]

=== 9. clang-tidy (bridge)
first-party clang-tidy findings: 0

=== 10. placeholder sweep
TODO/FIXME/HACK/XXX/STUB in first-party sources: 0
try!/as!/fatalError in first-party sources:      0

=== 11. full test suite
Building for debugging...
[Planning deferred tasks]
[5 / 16] converter
[14 / 35] converter-product
[16 / 35] converter-product
[18 / 35] converter-product
[22 / 37] converter
[27 / 40] converter
[29 / 40] converter
[29 / 40] BW64Bridge
[29 / 41] converter
[29 / 41] converter-product
[29 / 41] converter
[29 / 41] converter-product
[31 / 41] converter-product
[37 / 42] converterTests-product
[39 / 50]
[40 / 50]
[45 / 50] converterTests-product
[48 / 51] converterTests-product
[50 / 51] converterTests-product
Build complete! (7,06 secs)
Test Suite 'All tests' started at 2026-09-16 00:25:15.519.
Test Suite 'converterTests.xctest' started at 2026-09-16 00:25:15.520.
Test Suite 'ConverterTests' started at 2026-09-16 00:25:15.520.
Test Case '-[converterTests.ConverterTests testAlbumActionParsesAndSortsNaturallyIgnoringExtension]' started.
Test Case '-[converterTests.ConverterTests testAlbumActionParsesAndSortsNaturallyIgnoringExtension]' passed (0.040 seconds).
Test Case '-[converterTests.ConverterTests testAlbumCandidatesCollapseSameStemFamiliesAndSkipDerivedOutputs]' started.
[2026-09-16 00:25:15] [converterTests] [WARN] Album track 01.flac has same-stem conversions beside it; ignoring 01.wav, 01.mp3.
Test Case '-[converterTests.ConverterTests testAlbumCandidatesCollapseSameStemFamiliesAndSkipDerivedOutputs]' passed (0.002 seconds).
Test Case '-[converterTests.ConverterTests testAlbumFileFlagRejectionNamesAlbumTxtAndDirectoryCommands]' started.
Test Case '-[converterTests.ConverterTests testAlbumFileFlagRejectionNamesAlbumTxtAndDirectoryCommands]' passed (0.000 seconds).
Test Case '-[converterTests.ConverterTests testAlbumTrackSortParsesOnlyASCIIDigitPrefixes]' started.
Test Case '-[converterTests.ConverterTests testAlbumTrackSortParsesOnlyASCIIDigitPrefixes]' passed (0.001 seconds).
Test Case '-[converterTests.ConverterTests testArchivalSuffixOnlySkipsAudioThatSitsBesideItsSource]' started.
[2026-09-16 00:25:15] [converterTests] [INFO] Source audio renamed: Mirage_bass_80Hz_4dB_RF64.flac -> 1_source.flac
Test Case '-[converterTests.ConverterTests testArchivalSuffixOnlySkipsAudioThatSitsBesideItsSource]' passed (0.002 seconds).
Test Case '-[converterTests.ConverterTests testArchiveProfileIsNoLongerAcceptedOrAdvertised]' started.
[2026-09-16 00:25:15] [converterTests] [WARN] Duplicate config key 'PROFILE' in /var/folders/bl/0_vgy5fd1t94djrp8z4pw9zm0000gn/T/converter-tests.4F66E14F-7CE3-46D3-825B-4CE0607CD385/config.txt; using the last value 'archive'
Test Case '-[converterTests.ConverterTests testArchiveProfileIsNoLongerAcceptedOrAdvertised]' passed (0.003 seconds).
Test Case '-[converterTests.ConverterTests testAstatsMetricsFailClosedAndTreatSilentChannelAsInfiniteImbalance]' started.
Test Case '-[converterTests.ConverterTests testAstatsMetricsFailClosedAndTreatSilentChannelAsInfiniteImbalance]' passed (0.001 seconds).
Test Case '-[converterTests.ConverterTests testAstatsParserIgnoresOtherFiltersSharingTheSameStderr]' started.
Test Case '-[converterTests.ConverterTests testAstatsParserIgnoresOtherFiltersSharingTheSameStderr]' passed (0.000 seconds).
Test Case '-[converterTests.ConverterTests testAsyncSemaphoreCancellationBeforeSuspensionStillThrows]' started.
Test Case '-[converterTests.ConverterTests testAsyncSemaphoreCancellationBeforeSuspensionStillThrows]' passed (0.000 seconds).
Test Case '-[converterTests.ConverterTests testAsyncSemaphoreCancellationResumesOnlyTheCancelledWaiter]' started.
Test Case '-[converterTests.ConverterTests testAsyncSemaphoreCancellationResumesOnlyTheCancelledWaiter]' passed (0.000 seconds).
Test Case '-[converterTests.ConverterTests testAsyncSemaphoreSignalRacingCancellationLeavesNoMarkerBehind]' started.
Test Case '-[converterTests.ConverterTests testAsyncSemaphoreSignalRacingCancellationLeavesNoMarkerBehind]' passed (0.006 seconds).
Test Case '-[converterTests.ConverterTests testAsyncSemaphoreWaitFastPathRefusesCancelledTask]' started.
Test Case '-[converterTests.ConverterTests testAsyncSemaphoreWaitFastPathRefusesCancelledTask]' passed (0.000 seconds).
Test Case '-[converterTests.ConverterTests testAsyncSemaphoreWithPermitCapsConcurrencyAndReleasesOnThrow]' started.
Test Case '-[converterTests.ConverterTests testAsyncSemaphoreWithPermitCapsConcurrencyAndReleasesOnThrow]' passed (0.093 seconds).
Test Case '-[converterTests.ConverterTests testAsyncSemaphoreWithPermitRefusesCancelledTask]' started.
Test Case '-[converterTests.ConverterTests testAsyncSemaphoreWithPermitRefusesCancelledTask]' passed (0.000 seconds).
Test Case '-[converterTests.ConverterTests testAudioConversionRefusesToWriteOverItsSource]' started.
Test Case '-[converterTests.ConverterTests testAudioConversionRefusesToWriteOverItsSource]' passed (0.001 seconds).
Test Case '-[converterTests.ConverterTests testBassParsesDefaultsAndManualValues]' started.
Test Case '-[converterTests.ConverterTests testBassParsesDefaultsAndManualValues]' passed (0.000 seconds).
Test Case '-[converterTests.ConverterTests testBassRejectsInvalidArguments]' started.
Test Case '-[converterTests.ConverterTests testBassRejectsInvalidArguments]' passed (0.000 seconds).
Test Case '-[converterTests.ConverterTests testBuiltInFastPreviewProfileOverridesRenderDefaults]' started.
Test Case '-[converterTests.ConverterTests testBuiltInFastPreviewProfileOverridesRenderDefaults]' passed (0.001 seconds).
Test Case '-[converterTests.ConverterTests testCancellingAPermittedOperationTerminatesItsChildProcess]' started.
Test Case '-[converterTests.ConverterTests testCancellingAPermittedOperationTerminatesItsChildProcess]' passed (0.303 seconds).
Test Case '-[converterTests.ConverterTests testCancellingOnePermitLeavesTheSiblingsChildRunning]' started.
Test Case '-[converterTests.ConverterTests testCancellingOnePermitLeavesTheSiblingsChildRunning]' passed (3.015 seconds).
Test Case '-[converterTests.ConverterTests testCanonicalPCMComparisonScansWholeFileAndEnforcesPerSampleTolerance]' started.
Test Case '-[converterTests.ConverterTests testCanonicalPCMComparisonScansWholeFileAndEnforcesPerSampleTolerance]' passed (0.028 seconds).
Test Case '-[converterTests.ConverterTests testCanonicalPCMSampleDecodingAndLengthBoundaries]' started.
Test Case '-[converterTests.ConverterTests testCanonicalPCMSampleDecodingAndLengthBoundaries]' passed (0.001 seconds).
Test Case '-[converterTests.ConverterTests testCleanActionEntryPointPreservesUserFiles]' started.
[2026-09-16 00:25:19] [converterTests] [INFO] Profile: youtube_master
[2026-09-16 00:25:19] [converterTests] [INFO] Scheduler profile: total=3 image=2 audio=2 video=1
[2026-09-16 00:25:19] [converterTests] [WARN] Recovered previous version from publish backup: /var/folders/bl/0_vgy5fd1t94djrp8z4pw9zm0000gn/T/172A4A6E-165E-4AE1-B536-3339C6BFC962/lost.wav
[2026-09-16 00:25:19] [converterTests] [INFO] Removed transient file: .x.normalized.wav
[2026-09-16 00:25:19] [converterTests] [INFO] Removed transient file: .x.normalized
Test Case '-[converterTests.ConverterTests testCleanActionEntryPointPreservesUserFiles]' passed (0.004 seconds).
Test Case '-[converterTests.ConverterTests testCleanTransientsRemovesOnlyHiddenNormalizedFiles]' started.
[2026-09-16 00:25:19] [converterTests] [INFO] Removed transient file: .x.normalized.wav
[2026-09-16 00:25:19] [converterTests] [INFO] Removed transient file: .x.normalized
Test Case '-[converterTests.ConverterTests testCleanTransientsRemovesOnlyHiddenNormalizedFiles]' passed (0.003 seconds).
Test Case '-[converterTests.ConverterTests testCLIRejectsActionScopedOptionsAndOutOfRangePacing]' started.
Test Case '-[converterTests.ConverterTests testCLIRejectsActionScopedOptionsAndOutOfRangePacing]' passed (0.001 seconds).
Test Case '-[converterTests.ConverterTests testCLIRejectsNonFiniteSharpnessValue]' started.
Test Case '-[converterTests.ConverterTests testCLIRejectsNonFiniteSharpnessValue]' passed (0.000 seconds).
Test Case '-[converterTests.ConverterTests testCLIRejectsZeroSeedUnboundedSharpnessRepeatedActionsAndOptionLikeValues]' started.
Test Case '-[converterTests.ConverterTests testCLIRejectsZeroSeedUnboundedSharpnessRepeatedActionsAndOptionLikeValues]' passed (0.000 seconds).
Test Case '-[converterTests.ConverterTests testConfigFileStartingWithUTF8BOMAppliesItsFirstKey]' started.
Test Case '-[converterTests.ConverterTests testConfigFileStartingWithUTF8BOMAppliesItsFirstKey]' passed (0.001 seconds).
Test Case '-[converterTests.ConverterTests testConfigRangeRulesAcceptTheirBoundaryValues]' started.
[2026-09-16 00:25:19] [converterTests] [WARN] Duplicate config key 'WAV_WRITE_BEXT' in /var/folders/bl/0_vgy5fd1t94djrp8z4pw9zm0000gn/T/converter-tests.2FCE6B84-BF72-4247-8C12-19629B33295A/config.txt; using the last value '0'
[2026-09-16 00:25:19] [converterTests] [WARN] Duplicate config key 'WAV_WRITE_BEXT' in /var/folders/bl/0_vgy5fd1t94djrp8z4pw9zm0000gn/T/converter-tests.2FCE6B84-BF72-4247-8C12-19629B33295A/config.txt; using the last value '1'
[2026-09-16 00:25:19] [converterTests] [WARN] Duplicate config key 'FLAC_COMPRESSION_LEVEL' in /var/folders/bl/0_vgy5fd1t94djrp8z4pw9zm0000gn/T/converter-tests.2FCE6B84-BF72-4247-8C12-19629B33295A/config.txt; using the last value '0'
[2026-09-16 00:25:19] [converterTests] [WARN] Duplicate config key 'FLAC_COMPRESSION_LEVEL' in /var/folders/bl/0_vgy5fd1t94djrp8z4pw9zm0000gn/T/converter-tests.2FCE6B84-BF72-4247-8C12-19629B33295A/config.txt; using the last value '12'
[2026-09-16 00:25:19] [converterTests] [WARN] Duplicate config key 'IMAGE_AIPIX_PNG_COMPRESSION_LEVEL' in /var/folders/bl/0_vgy5fd1t94djrp8z4pw9zm0000gn/T/converter-tests.2FCE6B84-BF72-4247-8C12-19629B33295A/config.txt; using the last value '9'
[2026-09-16 00:25:19] [converterTests] [WARN] Duplicate config key 'IMAGE_JPG_TO_PNG_COMPRESSION_LEVEL' in /var/folders/bl/0_vgy5fd1t94djrp8z4pw9zm0000gn/T/converter-tests.2FCE6B84-BF72-4247-8C12-19629B33295A/config.txt; using the last value '9'
[2026-09-16 00:25:19] [converterTests] [WARN] Duplicate config key 'IMAGE_PNG_TO_JPEG_QUALITY' in /var/folders/bl/0_vgy5fd1t94djrp8z4pw9zm0000gn/T/converter-tests.2FCE6B84-BF72-4247-8C12-19629B33295A/config.txt; using the last value '1'
[2026-09-16 00:25:19] [converterTests] [WARN] Duplicate config key 'IMAGE_PNG_TO_JPEG_QUALITY' in /var/folders/bl/0_vgy5fd1t94djrp8z4pw9zm0000gn/T/converter-tests.2FCE6B84-BF72-4247-8C12-19629B33295A/config.txt; using the last value '100'
[2026-09-16 00:25:19] [converterTests] [WARN] Duplicate config key 'VIDEO_MP4_SOFTWARE_CRF' in /var/folders/bl/0_vgy5fd1t94djrp8z4pw9zm0000gn/T/converter-tests.2FCE6B84-BF72-4247-8C12-19629B33295A/config.txt; using the last value '0'
[2026-09-16 00:25:19] [converterTests] [WARN] Duplicate config key 'VIDEO_MP4_SOFTWARE_CRF' in /var/folders/bl/0_vgy5fd1t94djrp8z4pw9zm0000gn/T/converter-tests.2FCE6B84-BF72-4247-8C12-19629B33295A/config.txt; using the last value '51'
[2026-09-16 00:25:19] [converterTests] [WARN] Duplicate config key 'SHORT_MP4_VIDEO_CRF' in /var/folders/bl/0_vgy5fd1t94djrp8z4pw9zm0000gn/T/converter-tests.2FCE6B84-BF72-4247-8C12-19629B33295A/config.txt; using the last value '23.5'
[2026-09-16 00:25:19] [converterTests] [WARN] Duplicate config key 'VIDEO_MP4_VT_QUALITY' in /var/folders/bl/0_vgy5fd1t94djrp8z4pw9zm0000gn/T/converter-tests.2FCE6B84-BF72-4247-8C12-19629B33295A/config.txt; using the last value '1'
[2026-09-16 00:25:19] [converterTests] [WARN] Duplicate config key 'VIDEO_MP4_VT_QUALITY' in /var/folders/bl/0_vgy5fd1t94djrp8z4pw9zm0000gn/T/converter-tests.2FCE6B84-BF72-4247-8C12-19629B33295A/config.txt; using the last value '100'
[2026-09-16 00:25:19] [converterTests] [WARN] Duplicate config key 'SHORT_MP4_VT_QUALITY' in /var/folders/bl/0_vgy5fd1t94djrp8z4pw9zm0000gn/T/converter-tests.2FCE6B84-BF72-4247-8C12-19629B33295A/config.txt; using the last value '100'
[2026-09-16 00:25:19] [converterTests] [WARN] Duplicate config key 'CRC_CHUNK_BYTES' in /var/folders/bl/0_vgy5fd1t94djrp8z4pw9zm0000gn/T/converter-tests.2FCE6B84-BF72-4247-8C12-19629B33295A/config.txt; using the last value '1'
[2026-09-16 00:25:19] [converterTests] [WARN] Duplicate config key 'CRC_CHUNK_BYTES' in /var/folders/bl/0_vgy5fd1t94djrp8z4pw9zm0000gn/T/converter-tests.2FCE6B84-BF72-4247-8C12-19629B33295A/config.txt; using the last value '67108864'
[2026-09-16 00:25:19] [converterTests] [WARN] Duplicate config key 'IMAGE_3K_JPG_1MB_TARGET_BYTES' in /var/folders/bl/0_vgy5fd1t94djrp8z4pw9zm0000gn/T/converter-tests.2FCE6B84-BF72-4247-8C12-19629B33295A/config.txt; using the last value '1'
[2026-09-16 00:25:19] [converterTests] [WARN] Duplicate config key 'DURATION_TOLERANCE_SEC' in /var/folders/bl/0_vgy5fd1t94djrp8z4pw9zm0000gn/T/converter-tests.2FCE6B84-BF72-4247-8C12-19629B33295A/config.txt; using the last value '0'
[2026-09-16 00:25:19] [converterTests] [WARN] Duplicate config key 'IMAGE_AIPIX_SHARPNESS' in /var/folders/bl/0_vgy5fd1t94djrp8z4pw9zm0000gn/T/converter-tests.2FCE6B84-BF72-4247-8C12-19629B33295A/config.txt; using the last value '0'
Test Case '-[converterTests.ConverterTests testConfigRangeRulesAcceptTheirBoundaryValues]' passed (0.015 seconds).
Test Case '-[converterTests.ConverterTests testContainsChunkRejectsMalformedRIFFStructures]' started.
Test Case '-[converterTests.ConverterTests testContainsChunkRejectsMalformedRIFFStructures]' passed (0.002 seconds).
Test Case '-[converterTests.ConverterTests testContainsChunkWalksChunksInsteadOfScanningBytes]' started.
Test Case '-[converterTests.ConverterTests testContainsChunkWalksChunksInsteadOfScanningBytes]' passed (0.001 seconds).
Test Case '-[converterTests.ConverterTests testCRC32IsIndependentOfReadChunkBoundaries]' started.
Test Case '-[converterTests.ConverterTests testCRC32IsIndependentOfReadChunkBoundaries]' passed (0.036 seconds).
Test Case '-[converterTests.ConverterTests testCRC32MatchesReferenceImplementationAcrossChunkBoundaries]' started.
Test Case '-[converterTests.ConverterTests testCRC32MatchesReferenceImplementationAcrossChunkBoundaries]' passed (0.011 seconds).
Test Case '-[converterTests.ConverterTests testDependencyBootstrapEnrichesPathWithHomebrewLocations]' started.
Test Case '-[converterTests.ConverterTests testDependencyBootstrapEnrichesPathWithHomebrewLocations]' passed (0.000 seconds).
Test Case '-[converterTests.ConverterTests testDependencyManifestMatchesCurrentRuntimeTools]' started.
Test Case '-[converterTests.ConverterTests testDependencyManifestMatchesCurrentRuntimeTools]' passed (0.000 seconds).
Test Case '-[converterTests.ConverterTests testDependencyProbeGivesToolsNoStdin]' started.
Test Case '-[converterTests.ConverterTests testDependencyProbeGivesToolsNoStdin]' passed (0.471 seconds).
Test Case '-[converterTests.ConverterTests testDerivedMediaPredicatesRecogniseRepeatedPaddingMarkers]' started.
Test Case '-[converterTests.ConverterTests testDerivedMediaPredicatesRecogniseRepeatedPaddingMarkers]' passed (0.008 seconds).
Test Case '-[converterTests.ConverterTests testDuplicateConfigKeyIsReportedAndLastValueWins]' started.
Test Case '-[converterTests.ConverterTests testDuplicateConfigKeyIsReportedAndLastValueWins]' passed (0.009 seconds).
Test Case '-[converterTests.ConverterTests testEncoderLadderReportsEveryRungAndStopsOnEncoderIndependentFailure]' started.
[2026-09-16 00:25:19] [converterTests] [WARN] test encoder failed (a): a exploded
[2026-09-16 00:25:19] [converterTests] [WARN] test encoder failed (b): b exploded
[2026-09-16 00:25:19] [converterTests] [WARN] test encoder failed (c): c exploded
[2026-09-16 00:25:19] [converterTests] [WARN] test encoder failed (a): audio wrong
[2026-09-16 00:25:19] [converterTests] [WARN] test: skipping remaining encoders — this failure is not encoder-related.
[2026-09-16 00:25:19] [converterTests] [WARN] test encoder failed (a): no
Test Case '-[converterTests.ConverterTests testEncoderLadderReportsEveryRungAndStopsOnEncoderIndependentFailure]' passed (0.003 seconds).
Test Case '-[converterTests.ConverterTests testEnsureWritableDirectoryRejectsARegularFile]' started.
Test Case '-[converterTests.ConverterTests testEnsureWritableDirectoryRejectsARegularFile]' passed (0.002 seconds).
Test Case '-[converterTests.ConverterTests testEntryPointMapsArgumentErrorsToExitCodeTwo]' started.
[2026-09-16 00:25:19] [xctest] [ERROR] Unknown option '--not-an-option'. Run xctest -help for the list of actions and options.
[2026-09-16 00:25:19] [xctest] [DEBUG] converter/CLI.swift:347
[2026-09-16 00:25:19] [xctest] [ERROR] Only one action may be given; got '-full' and '-album'. Run xctest -help.
[2026-09-16 00:25:19] [xctest] [DEBUG] converter/CLI.swift:164
Test Case '-[converterTests.ConverterTests testEntryPointMapsArgumentErrorsToExitCodeTwo]' passed (0.003 seconds).
Test Case '-[converterTests.ConverterTests testEntryPointResolvesABareExecutableNameAgainstTheRunningBinary]' started.
Test Case '-[converterTests.ConverterTests testEntryPointResolvesABareExecutableNameAgainstTheRunningBinary]' passed (0.001 seconds).
Test Case '-[converterTests.ConverterTests testEveryConfigRuleRejectsAnInvalidValueNamingTheKey]' started.
[2026-09-16 00:25:19] [converterTests] [WARN] Duplicate config key 'PROFILE' in /var/folders/bl/0_vgy5fd1t94djrp8z4pw9zm0000gn/T/converter-tests.5DE565F4-52C6-4B08-914C-84640033515A/config.txt; using the last value 'bogus'
[2026-09-16 00:25:19] [converterTests] [WARN] Duplicate config key 'PREFLIGHT_SECONDS' in /var/folders/bl/0_vgy5fd1t94djrp8z4pw9zm0000gn/T/converter-tests.5DE565F4-52C6-4B08-914C-84640033515A/config.txt; using the last value '0'
[2026-09-16 00:25:19] [converterTests] [WARN] Duplicate config key 'PREFLIGHT_SECONDS' in /var/folders/bl/0_vgy5fd1t94djrp8z4pw9zm0000gn/T/converter-tests.5DE565F4-52C6-4B08-914C-84640033515A/config.txt; using the last value '-1'
[2026-09-16 00:25:19] [converterTests] [WARN] Duplicate config key 'PREFLIGHT_SECONDS' in /var/folders/bl/0_vgy5fd1t94djrp8z4pw9zm0000gn/T/converter-tests.5DE565F4-52C6-4B08-914C-84640033515A/config.txt; using the last value 'abc'
[2026-09-16 00:25:19] [converterTests] [WARN] Duplicate config key 'DURATION_TOLERANCE_SEC' in /var/folders/bl/0_vgy5fd1t94djrp8z4pw9zm0000gn/T/converter-tests.5DE565F4-52C6-4B08-914C-84640033515A/config.txt; using the last value '-1'
[2026-09-16 00:25:19] [converterTests] [WARN] Duplicate config key 'DURATION_TOLERANCE_SEC' in /var/folders/bl/0_vgy5fd1t94djrp8z4pw9zm0000gn/T/converter-tests.5DE565F4-52C6-4B08-914C-84640033515A/config.txt; using the last value 'nan'
[2026-09-16 00:25:19] [converterTests] [WARN] Duplicate config key 'CRC_CHUNK_BYTES' in /var/folders/bl/0_vgy5fd1t94djrp8z4pw9zm0000gn/T/converter-tests.5DE565F4-52C6-4B08-914C-84640033515A/config.txt; using the last value '0'
[2026-09-16 00:25:19] [converterTests] [WARN] Duplicate config key 'CRC_CHUNK_BYTES' in /var/folders/bl/0_vgy5fd1t94djrp8z4pw9zm0000gn/T/converter-tests.5DE565F4-52C6-4B08-914C-84640033515A/config.txt; using the last value '67108865'
[2026-09-16 00:25:19] [converterTests] [WARN] Duplicate config key 'WAV_SAMPLE_RATE' in /var/folders/bl/0_vgy5fd1t94djrp8z4pw9zm0000gn/T/converter-tests.5DE565F4-52C6-4B08-914C-84640033515A/config.txt; using the last value '0'
[2026-09-16 00:25:19] [converterTests] [WARN] Duplicate config key 'WAV_SAMPLE_RATE' in /var/folders/bl/0_vgy5fd1t94djrp8z4pw9zm0000gn/T/converter-tests.5DE565F4-52C6-4B08-914C-84640033515A/config.txt; using the last value '48000'
[2026-09-16 00:25:19] [converterTests] [WARN] Duplicate config key 'WAV_CODEC' in /var/folders/bl/0_vgy5fd1t94djrp8z4pw9zm0000gn/T/converter-tests.5DE565F4-52C6-4B08-914C-84640033515A/config.txt; using the last value 'pcm_s16le'
[2026-09-16 00:25:19] [converterTests] [WARN] Duplicate config key 'WAV_CHANNELS' in /var/folders/bl/0_vgy5fd1t94djrp8z4pw9zm0000gn/T/converter-tests.5DE565F4-52C6-4B08-914C-84640033515A/config.txt; using the last value '3'
[2026-09-16 00:25:19] [converterTests] [WARN] Duplicate config key 'WAV_CHANNELS' in /var/folders/bl/0_vgy5fd1t94djrp8z4pw9zm0000gn/T/converter-tests.5DE565F4-52C6-4B08-914C-84640033515A/config.txt; using the last value '1'
[2026-09-16 00:25:19] [converterTests] [WARN] Duplicate config key 'WAV_WRITE_BEXT' in /var/folders/bl/0_vgy5fd1t94djrp8z4pw9zm0000gn/T/converter-tests.5DE565F4-52C6-4B08-914C-84640033515A/config.txt; using the last value '2'
[2026-09-16 00:25:19] [converterTests] [WARN] Duplicate config key 'MP3_SAMPLE_RATE' in /var/folders/bl/0_vgy5fd1t94djrp8z4pw9zm0000gn/T/converter-tests.5DE565F4-52C6-4B08-914C-84640033515A/config.txt; using the last value '0'
[2026-09-16 00:25:19] [converterTests] [WARN] Duplicate config key 'MP3_SAMPLE_RATE' in /var/folders/bl/0_vgy5fd1t94djrp8z4pw9zm0000gn/T/converter-tests.5DE565F4-52C6-4B08-914C-84640033515A/config.txt; using the last value '44100'
[2026-09-16 00:25:19] [converterTests] [WARN] Duplicate config key 'MP3_BITRATE' in /var/folders/bl/0_vgy5fd1t94djrp8z4pw9zm0000gn/T/converter-tests.5DE565F4-52C6-4B08-914C-84640033515A/config.txt; using the last value '128k'
[2026-09-16 00:25:19] [converterTests] [WARN] Duplicate config key 'MP3_CHANNELS' in /var/folders/bl/0_vgy5fd1t94djrp8z4pw9zm0000gn/T/converter-tests.5DE565F4-52C6-4B08-914C-84640033515A/config.txt; using the last value '0'
[2026-09-16 00:25:19] [converterTests] [WARN] Duplicate config key 'MP3_CHANNELS' in /var/folders/bl/0_vgy5fd1t94djrp8z4pw9zm0000gn/T/converter-tests.5DE565F4-52C6-4B08-914C-84640033515A/config.txt; using the last value '1'
[2026-09-16 00:25:19] [converterTests] [WARN] Duplicate config key 'MP3_MIN_BITRATE_BPS' in /var/folders/bl/0_vgy5fd1t94djrp8z4pw9zm0000gn/T/converter-tests.5DE565F4-52C6-4B08-914C-84640033515A/config.txt; using the last value '0'
[2026-09-16 00:25:19] [converterTests] [WARN] Duplicate config key 'FLAC_SAMPLE_RATE' in /var/folders/bl/0_vgy5fd1t94djrp8z4pw9zm0000gn/T/converter-tests.5DE565F4-52C6-4B08-914C-84640033515A/config.txt; using the last value '0'
[2026-09-16 00:25:19] [converterTests] [WARN] Duplicate config key 'FLAC_CHANNELS' in /var/folders/bl/0_vgy5fd1t94djrp8z4pw9zm0000gn/T/converter-tests.5DE565F4-52C6-4B08-914C-84640033515A/config.txt; using the last value '3'
[2026-09-16 00:25:19] [converterTests] [WARN] Duplicate config key 'FLAC_COMPRESSION_LEVEL' in /var/folders/bl/0_vgy5fd1t94djrp8z4pw9zm0000gn/T/converter-tests.5DE565F4-52C6-4B08-914C-84640033515A/config.txt; using the last value '13'
[2026-09-16 00:25:19] [converterTests] [WARN] Duplicate config key 'M4A_SAMPLE_RATE' in /var/folders/bl/0_vgy5fd1t94djrp8z4pw9zm0000gn/T/converter-tests.5DE565F4-52C6-4B08-914C-84640033515A/config.txt; using the last value '0'
[2026-09-16 00:25:19] [converterTests] [WARN] Duplicate config key 'M4A_SAMPLE_RATE' in /var/folders/bl/0_vgy5fd1t94djrp8z4pw9zm0000gn/T/converter-tests.5DE565F4-52C6-4B08-914C-84640033515A/config.txt; using the last value '44100'
[2026-09-16 00:25:19] [converterTests] [WARN] Duplicate config key 'M4A_CHANNELS' in /var/folders/bl/0_vgy5fd1t94djrp8z4pw9zm0000gn/T/converter-tests.5DE565F4-52C6-4B08-914C-84640033515A/config.txt; using the last value '3'
[2026-09-16 00:25:19] [converterTests] [WARN] Duplicate config key 'M4A_CHANNELS' in /var/folders/bl/0_vgy5fd1t94djrp8z4pw9zm0000gn/T/converter-tests.5DE565F4-52C6-4B08-914C-84640033515A/config.txt; using the last value '1'
[2026-09-16 00:25:19] [converterTests] [WARN] Duplicate config key 'AUDIO_QC_TARGET_LUFS' in /var/folders/bl/0_vgy5fd1t94djrp8z4pw9zm0000gn/T/converter-tests.5DE565F4-52C6-4B08-914C-84640033515A/config.txt; using the last value '-4'
[2026-09-16 00:25:19] [converterTests] [WARN] Duplicate config key 'AUDIO_QC_LUFS_TOLERANCE' in /var/folders/bl/0_vgy5fd1t94djrp8z4pw9zm0000gn/T/converter-tests.5DE565F4-52C6-4B08-914C-84640033515A/config.txt; using the last value '-1'
[2026-09-16 00:25:19] [converterTests] [WARN] Duplicate config key 'AUDIO_QC_MAX_TRUE_PEAK_DBTP' in /var/folders/bl/0_vgy5fd1t94djrp8z4pw9zm0000gn/T/converter-tests.5DE565F4-52C6-4B08-914C-84640033515A/config.txt; using the last value '1'
[2026-09-16 00:25:19] [converterTests] [WARN] Duplicate config key 'AUDIO_QC_MAX_LOUDNESS_RANGE' in /var/folders/bl/0_vgy5fd1t94djrp8z4pw9zm0000gn/T/converter-tests.5DE565F4-52C6-4B08-914C-84640033515A/config.txt; using the last value '-1'
[2026-09-16 00:25:19] [converterTests] [WARN] Duplicate config key 'AUDIO_QC_MAX_DC_OFFSET' in /var/folders/bl/0_vgy5fd1t94djrp8z4pw9zm0000gn/T/converter-tests.5DE565F4-52C6-4B08-914C-84640033515A/config.txt; using the last value '-1'
[2026-09-16 00:25:19] [converterTests] [WARN] Duplicate config key 'AUDIO_QC_MAX_STEREO_IMBALANCE_DB' in /var/folders/bl/0_vgy5fd1t94djrp8z4pw9zm0000gn/T/converter-tests.5DE565F4-52C6-4B08-914C-84640033515A/config.txt; using the last value '-1'
[2026-09-16 00:25:19] [converterTests] [WARN] Duplicate config key 'AUDIO_QC_MAX_CLIPPED_SAMPLES' in /var/folders/bl/0_vgy5fd1t94djrp8z4pw9zm0000gn/T/converter-tests.5DE565F4-52C6-4B08-914C-84640033515A/config.txt; using the last value '-1'
[2026-09-16 00:25:19] [converterTests] [WARN] Duplicate config key 'AUDIO_QC_MINIMUM_ANALYSIS_SECONDS' in /var/folders/bl/0_vgy5fd1t94djrp8z4pw9zm0000gn/T/converter-tests.5DE565F4-52C6-4B08-914C-84640033515A/config.txt; using the last value '0'
[2026-09-16 00:25:19] [converterTests] [WARN] Duplicate config key 'SHORT_AUDIO_QC_TARGET_LUFS' in /var/folders/bl/0_vgy5fd1t94djrp8z4pw9zm0000gn/T/converter-tests.5DE565F4-52C6-4B08-914C-84640033515A/config.txt; using the last value '-80'
[2026-09-16 00:25:19] [converterTests] [WARN] Duplicate config key 'SHORT_AUDIO_QC_LUFS_TOLERANCE' in /var/folders/bl/0_vgy5fd1t94djrp8z4pw9zm0000gn/T/converter-tests.5DE565F4-52C6-4B08-914C-84640033515A/config.txt; using the last value '-1'
[2026-09-16 00:25:19] [converterTests] [WARN] Duplicate config key 'SHORT_AUDIO_QC_MAX_LOUDNESS_RANGE' in /var/folders/bl/0_vgy5fd1t94djrp8z4pw9zm0000gn/T/converter-tests.5DE565F4-52C6-4B08-914C-84640033515A/config.txt; using the last value '-1'
[2026-09-16 00:25:19] [converterTests] [WARN] Duplicate config key 'MASTERING_TARGET_LUFS' in /var/folders/bl/0_vgy5fd1t94djrp8z4pw9zm0000gn/T/converter-tests.5DE565F4-52C6-4B08-914C-84640033515A/config.txt; using the last value '0'
[2026-09-16 00:25:19] [converterTests] [WARN] Duplicate config key 'MASTERING_MAX_TRUE_PEAK_DBTP' in /var/folders/bl/0_vgy5fd1t94djrp8z4pw9zm0000gn/T/converter-tests.5DE565F4-52C6-4B08-914C-84640033515A/config.txt; using the last value '0.5'
[2026-09-16 00:25:19] [converterTests] [WARN] Duplicate config key 'MASTERING_MAX_LOUDNESS_RANGE' in /var/folders/bl/0_vgy5fd1t94djrp8z4pw9zm0000gn/T/converter-tests.5DE565F4-52C6-4B08-914C-84640033515A/config.txt; using the last value '-1'
[2026-09-16 00:25:19] [converterTests] [WARN] Duplicate config key 'VIDEO_MP4_ENCODER' in /var/folders/bl/0_vgy5fd1t94djrp8z4pw9zm0000gn/T/converter-tests.5DE565F4-52C6-4B08-914C-84640033515A/config.txt; using the last value ''
[2026-09-16 00:25:19] [converterTests] [WARN] Duplicate config key 'VIDEO_MP4_VT_QUALITY' in /var/folders/bl/0_vgy5fd1t94djrp8z4pw9zm0000gn/T/converter-tests.5DE565F4-52C6-4B08-914C-84640033515A/config.txt; using the last value '0'
[2026-09-16 00:25:19] [converterTests] [WARN] Duplicate config key 'VIDEO_MP4_VT_QUALITY' in /var/folders/bl/0_vgy5fd1t94djrp8z4pw9zm0000gn/T/converter-tests.5DE565F4-52C6-4B08-914C-84640033515A/config.txt; using the last value '101'
[2026-09-16 00:25:19] [converterTests] [WARN] Duplicate config key 'VIDEO_MP4_VT_QUALITY' in /var/folders/bl/0_vgy5fd1t94djrp8z4pw9zm0000gn/T/converter-tests.5DE565F4-52C6-4B08-914C-84640033515A/config.txt; using the last value 'abc'
[2026-09-16 00:25:19] [converterTests] [WARN] Duplicate config key 'VIDEO_MP4_SOFTWARE_PRESET' in /var/folders/bl/0_vgy5fd1t94djrp8z4pw9zm0000gn/T/converter-tests.5DE565F4-52C6-4B08-914C-84640033515A/config.txt; using the last value ''
[2026-09-16 00:25:19] [converterTests] [WARN] Duplicate config key 'VIDEO_MP4_SOFTWARE_CRF' in /var/folders/bl/0_vgy5fd1t94djrp8z4pw9zm0000gn/T/converter-tests.5DE565F4-52C6-4B08-914C-84640033515A/config.txt; using the last value '52'
[2026-09-16 00:25:19] [converterTests] [WARN] Duplicate config key 'VIDEO_MP4_SOFTWARE_CRF' in /var/folders/bl/0_vgy5fd1t94djrp8z4pw9zm0000gn/T/converter-tests.5DE565F4-52C6-4B08-914C-84640033515A/config.txt; using the last value '-1'
[2026-09-16 00:25:19] [converterTests] [WARN] Duplicate config key 'VIDEO_MP4_INPUT_FPS' in /var/folders/bl/0_vgy5fd1t94djrp8z4pw9zm0000gn/T/converter-tests.5DE565F4-52C6-4B08-914C-84640033515A/config.txt; using the last value '0'
[2026-09-16 00:25:19] [converterTests] [WARN] Duplicate config key 'VIDEO_MP4_INPUT_FPS' in /var/folders/bl/0_vgy5fd1t94djrp8z4pw9zm0000gn/T/converter-tests.5DE565F4-52C6-4B08-914C-84640033515A/config.txt; using the last value '1/0'
[2026-09-16 00:25:19] [converterTests] [WARN] Duplicate config key 'VIDEO_MP4_AUDIO_SAMPLE_RATE' in /var/folders/bl/0_vgy5fd1t94djrp8z4pw9zm0000gn/T/converter-tests.5DE565F4-52C6-4B08-914C-84640033515A/config.txt; using the last value '0'
[2026-09-16 00:25:19] [converterTests] [WARN] Duplicate config key 'VIDEO_MP4_AUDIO_SAMPLE_RATE' in /var/folders/bl/0_vgy5fd1t94djrp8z4pw9zm0000gn/T/converter-tests.5DE565F4-52C6-4B08-914C-84640033515A/config.txt; using the last value '44100'
[2026-09-16 00:25:19] [converterTests] [WARN] Duplicate config key 'VIDEO_MP4_WIDTH' in /var/folders/bl/0_vgy5fd1t94djrp8z4pw9zm0000gn/T/converter-tests.5DE565F4-52C6-4B08-914C-84640033515A/config.txt; using the last value '0'
[2026-09-16 00:25:19] [converterTests] [WARN] Duplicate config key 'VIDEO_MP4_HEIGHT' in /var/folders/bl/0_vgy5fd1t94djrp8z4pw9zm0000gn/T/converter-tests.5DE565F4-52C6-4B08-914C-84640033515A/config.txt; using the last value '0'
[2026-09-16 00:25:19] [converterTests] [WARN] Duplicate config key 'VIDEO_MP4_SCALE_FILTER' in /var/folders/bl/0_vgy5fd1t94djrp8z4pw9zm0000gn/T/converter-tests.5DE565F4-52C6-4B08-914C-84640033515A/config.txt; using the last value ''
[2026-09-16 00:25:19] [converterTests] [WARN] Duplicate config key 'VIDEO_MP4_SCALE_FILTER' in /var/folders/bl/0_vgy5fd1t94djrp8z4pw9zm0000gn/T/converter-tests.5DE565F4-52C6-4B08-914C-84640033515A/config.txt; using the last value 'bogus'
[2026-09-16 00:25:19] [converterTests] [WARN] Duplicate config key 'VIDEO_MP4_SCALE_FILTER' in /var/folders/bl/0_vgy5fd1t94djrp8z4pw9zm0000gn/T/converter-tests.5DE565F4-52C6-4B08-914C-84640033515A/config.txt; using the last value 'lanczos,scale=1:1'
[2026-09-16 00:25:19] [converterTests] [WARN] Duplicate config key 'VIDEO_MP4_PIXEL_FORMAT' in /var/folders/bl/0_vgy5fd1t94djrp8z4pw9zm0000gn/T/converter-tests.5DE565F4-52C6-4B08-914C-84640033515A/config.txt; using the last value ''
[2026-09-16 00:25:19] [converterTests] [WARN] Duplicate config key 'VIDEO_MP4_TAG' in /var/folders/bl/0_vgy5fd1t94djrp8z4pw9zm0000gn/T/converter-tests.5DE565F4-52C6-4B08-914C-84640033515A/config.txt; using the last value ''
[2026-09-16 00:25:19] [converterTests] [WARN] Duplicate config key 'VIDEO_MP4_VERIFY_CODEC' in /var/folders/bl/0_vgy5fd1t94djrp8z4pw9zm0000gn/T/converter-tests.5DE565F4-52C6-4B08-914C-84640033515A/config.txt; using the last value ''
[2026-09-16 00:25:19] [converterTests] [WARN] Duplicate config key 'VIDEO_COLOR_PRIMARIES' in /var/folders/bl/0_vgy5fd1t94djrp8z4pw9zm0000gn/T/converter-tests.5DE565F4-52C6-4B08-914C-84640033515A/config.txt; using the last value ''
[2026-09-16 00:25:19] [converterTests] [WARN] Duplicate config key 'VIDEO_COLOR_PRIMARIES' in /var/folders/bl/0_vgy5fd1t94djrp8z4pw9zm0000gn/T/converter-tests.5DE565F4-52C6-4B08-914C-84640033515A/config.txt; using the last value 'bt709,x=1'
[2026-09-16 00:25:19] [converterTests] [WARN] Duplicate config key 'VIDEO_COLOR_TRANSFER' in /var/folders/bl/0_vgy5fd1t94djrp8z4pw9zm0000gn/T/converter-tests.5DE565F4-52C6-4B08-914C-84640033515A/config.txt; using the last value ''
[2026-09-16 00:25:19] [converterTests] [WARN] Duplicate config key 'VIDEO_COLOR_TRANSFER' in /var/folders/bl/0_vgy5fd1t94djrp8z4pw9zm0000gn/T/converter-tests.5DE565F4-52C6-4B08-914C-84640033515A/config.txt; using the last value 'bt709:y'
[2026-09-16 00:25:19] [converterTests] [WARN] Duplicate config key 'VIDEO_COLOR_SPACE' in /var/folders/bl/0_vgy5fd1t94djrp8z4pw9zm0000gn/T/converter-tests.5DE565F4-52C6-4B08-914C-84640033515A/config.txt; using the last value ''
[2026-09-16 00:25:19] [converterTests] [WARN] Duplicate config key 'VIDEO_COLOR_SPACE' in /var/folders/bl/0_vgy5fd1t94djrp8z4pw9zm0000gn/T/converter-tests.5DE565F4-52C6-4B08-914C-84640033515A/config.txt; using the last value 'bt709 z'
[2026-09-16 00:25:19] [converterTests] [WARN] Duplicate config key 'VIDEO_COLOR_RANGE' in /var/folders/bl/0_vgy5fd1t94djrp8z4pw9zm0000gn/T/converter-tests.5DE565F4-52C6-4B08-914C-84640033515A/config.txt; using the last value ''
[2026-09-16 00:25:19] [converterTests] [WARN] Duplicate config key 'VIDEO_COLOR_RANGE' in /var/folders/bl/0_vgy5fd1t94djrp8z4pw9zm0000gn/T/converter-tests.5DE565F4-52C6-4B08-914C-84640033515A/config.txt; using the last value 'wide'
[2026-09-16 00:25:19] [converterTests] [WARN] Duplicate config key 'SHORT_MP4_CLIP_SECONDS' in /var/folders/bl/0_vgy5fd1t94djrp8z4pw9zm0000gn/T/converter-tests.5DE565F4-52C6-4B08-914C-84640033515A/config.txt; using the last value '0'
[2026-09-16 00:25:19] [converterTests] [WARN] Duplicate config key 'SHORT_MP4_FPS' in /var/folders/bl/0_vgy5fd1t94djrp8z4pw9zm0000gn/T/converter-tests.5DE565F4-52C6-4B08-914C-84640033515A/config.txt; using the last value '0'
[2026-09-16 00:25:19] [converterTests] [WARN] Duplicate config key 'SHORT_MP4_SCALE_W' in /var/folders/bl/0_vgy5fd1t94djrp8z4pw9zm0000gn/T/converter-tests.5DE565F4-52C6-4B08-914C-84640033515A/config.txt; using the last value '0'
[2026-09-16 00:25:19] [converterTests] [WARN] Duplicate config key 'SHORT_MP4_SCALE_H' in /var/folders/bl/0_vgy5fd1t94djrp8z4pw9zm0000gn/T/converter-tests.5DE565F4-52C6-4B08-914C-84640033515A/config.txt; using the last value '0'
[2026-09-16 00:25:19] [converterTests] [WARN] Duplicate config key 'SHORT_MP4_VIDEO_PRESET' in /var/folders/bl/0_vgy5fd1t94djrp8z4pw9zm0000gn/T/converter-tests.5DE565F4-52C6-4B08-914C-84640033515A/config.txt; using the last value ''
[2026-09-16 00:25:19] [converterTests] [WARN] Duplicate config key 'SHORT_MP4_VIDEO_CRF' in /var/folders/bl/0_vgy5fd1t94djrp8z4pw9zm0000gn/T/converter-tests.5DE565F4-52C6-4B08-914C-84640033515A/config.txt; using the last value '52'
[2026-09-16 00:25:19] [converterTests] [WARN] Duplicate config key 'SHORT_MP4_VT_QUALITY' in /var/folders/bl/0_vgy5fd1t94djrp8z4pw9zm0000gn/T/converter-tests.5DE565F4-52C6-4B08-914C-84640033515A/config.txt; using the last value '0'
[2026-09-16 00:25:19] [converterTests] [WARN] Duplicate config key 'SHORT_MP4_AUDIO_SAMPLE_RATE' in /var/folders/bl/0_vgy5fd1t94djrp8z4pw9zm0000gn/T/converter-tests.5DE565F4-52C6-4B08-914C-84640033515A/config.txt; using the last value '44100'
[2026-09-16 00:25:19] [converterTests] [WARN] Duplicate config key 'SHORT_MP4_VIDEO_CODEC' in /var/folders/bl/0_vgy5fd1t94djrp8z4pw9zm0000gn/T/converter-tests.5DE565F4-52C6-4B08-914C-84640033515A/config.txt; using the last value ''
[2026-09-16 00:25:19] [converterTests] [WARN] Duplicate config key 'SHORT_MP4_PIXEL_FORMAT' in /var/folders/bl/0_vgy5fd1t94djrp8z4pw9zm0000gn/T/converter-tests.5DE565F4-52C6-4B08-914C-84640033515A/config.txt; using the last value ''
[2026-09-16 00:25:19] [converterTests] [WARN] Duplicate config key 'SHORT_MP4_VERIFY_CODEC' in /var/folders/bl/0_vgy5fd1t94djrp8z4pw9zm0000gn/T/converter-tests.5DE565F4-52C6-4B08-914C-84640033515A/config.txt; using the last value ''
[2026-09-16 00:25:19] [converterTests] [WARN] Duplicate config key 'IMAGE_8K_WIDTH' in /var/folders/bl/0_vgy5fd1t94djrp8z4pw9zm0000gn/T/converter-tests.5DE565F4-52C6-4B08-914C-84640033515A/config.txt; using the last value '0'
[2026-09-16 00:25:19] [converterTests] [WARN] Duplicate config key 'IMAGE_8K_HEIGHT' in /var/folders/bl/0_vgy5fd1t94djrp8z4pw9zm0000gn/T/converter-tests.5DE565F4-52C6-4B08-914C-84640033515A/config.txt; using the last value '0'
[2026-09-16 00:25:19] [converterTests] [WARN] Duplicate config key 'IMAGE_4K_WIDTH' in /var/folders/bl/0_vgy5fd1t94djrp8z4pw9zm0000gn/T/converter-tests.5DE565F4-52C6-4B08-914C-84640033515A/config.txt; using the last value '0'
[2026-09-16 00:25:19] [converterTests] [WARN] Duplicate config key 'IMAGE_4K_HEIGHT' in /var/folders/bl/0_vgy5fd1t94djrp8z4pw9zm0000gn/T/converter-tests.5DE565F4-52C6-4B08-914C-84640033515A/config.txt; using the last value '0'
[2026-09-16 00:25:19] [converterTests] [WARN] Duplicate config key 'IMAGE_3K_SIZE' in /var/folders/bl/0_vgy5fd1t94djrp8z4pw9zm0000gn/T/converter-tests.5DE565F4-52C6-4B08-914C-84640033515A/config.txt; using the last value '0'
[2026-09-16 00:25:19] [converterTests] [WARN] Duplicate config key 'IMAGE_2K_SIZE' in /var/folders/bl/0_vgy5fd1t94djrp8z4pw9zm0000gn/T/converter-tests.5DE565F4-52C6-4B08-914C-84640033515A/config.txt; using the last value '0'
[2026-09-16 00:25:19] [converterTests] [WARN] Duplicate config key 'IMAGE_AIPIX_SHARPNESS' in /var/folders/bl/0_vgy5fd1t94djrp8z4pw9zm0000gn/T/converter-tests.5DE565F4-52C6-4B08-914C-84640033515A/config.txt; using the last value '-0.1'
[2026-09-16 00:25:19] [converterTests] [WARN] Duplicate config key 'IMAGE_AIPIX_FILTER' in /var/folders/bl/0_vgy5fd1t94djrp8z4pw9zm0000gn/T/converter-tests.5DE565F4-52C6-4B08-914C-84640033515A/config.txt; using the last value ''
[2026-09-16 00:25:19] [converterTests] [WARN] Duplicate config key 'IMAGE_AIPIX_PNG_COMPRESSION_LEVEL' in /var/folders/bl/0_vgy5fd1t94djrp8z4pw9zm0000gn/T/converter-tests.5DE565F4-52C6-4B08-914C-84640033515A/config.txt; using the last value '10'
[2026-09-16 00:25:19] [converterTests] [WARN] Duplicate config key 'IMAGE_JPG_TO_PNG_COMPRESSION_LEVEL' in /var/folders/bl/0_vgy5fd1t94djrp8z4pw9zm0000gn/T/converter-tests.5DE565F4-52C6-4B08-914C-84640033515A/config.txt; using the last value '10'
[2026-09-16 00:25:19] [converterTests] [WARN] Duplicate config key 'IMAGE_PNG_TO_JPEG_QUALITY' in /var/folders/bl/0_vgy5fd1t94djrp8z4pw9zm0000gn/T/converter-tests.5DE565F4-52C6-4B08-914C-84640033515A/config.txt; using the last value '0'
[2026-09-16 00:25:19] [converterTests] [WARN] Duplicate config key 'IMAGE_PNG_TO_JPEG_QUALITY' in /var/folders/bl/0_vgy5fd1t94djrp8z4pw9zm0000gn/T/converter-tests.5DE565F4-52C6-4B08-914C-84640033515A/config.txt; using the last value '101'
[2026-09-16 00:25:19] [converterTests] [WARN] Duplicate config key 'IMAGE_JPEG_SAMPLING_FACTOR' in /var/folders/bl/0_vgy5fd1t94djrp8z4pw9zm0000gn/T/converter-tests.5DE565F4-52C6-4B08-914C-84640033515A/config.txt; using the last value ''
[2026-09-16 00:25:19] [converterTests] [WARN] Duplicate config key 'IMAGE_OUTPUT_COLORSPACE' in /var/folders/bl/0_vgy5fd1t94djrp8z4pw9zm0000gn/T/converter-tests.5DE565F4-52C6-4B08-914C-84640033515A/config.txt; using the last value ''
[2026-09-16 00:25:19] [converterTests] [WARN] Duplicate config key 'IMAGE_3K_JPG_1MB_TARGET_BYTES' in /var/folders/bl/0_vgy5fd1t94djrp8z4pw9zm0000gn/T/converter-tests.5DE565F4-52C6-4B08-914C-84640033515A/config.txt; using the last value '0'
[2026-09-16 00:25:19] [converterTests] [WARN] Duplicate config key 'IMAGE_3K_JPG_5MB_TARGET_BYTES' in /var/folders/bl/0_vgy5fd1t94djrp8z4pw9zm0000gn/T/converter-tests.5DE565F4-52C6-4B08-914C-84640033515A/config.txt; using the last value '0'
[2026-09-16 00:25:19] [converterTests] [WARN] Duplicate config key 'IMAGE_8K_JPG_1MB_TARGET_BYTES' in /var/folders/bl/0_vgy5fd1t94djrp8z4pw9zm0000gn/T/converter-tests.5DE565F4-52C6-4B08-914C-84640033515A/config.txt; using the last value '0'
[2026-09-16 00:25:19] [converterTests] [WARN] Duplicate config key 'IMAGE_8K_JPG_2MB_TARGET_BYTES' in /var/folders/bl/0_vgy5fd1t94djrp8z4pw9zm0000gn/T/converter-tests.5DE565F4-52C6-4B08-914C-84640033515A/config.txt; using the last value '0'
[2026-09-16 00:25:19] [converterTests] [WARN] Duplicate config key 'IMAGE_8K_JPG_20MB_TARGET_BYTES' in /var/folders/bl/0_vgy5fd1t94djrp8z4pw9zm0000gn/T/converter-tests.5DE565F4-52C6-4B08-914C-84640033515A/config.txt; using the last value '0'
[2026-09-16 00:25:19] [converterTests] [WARN] Duplicate config key 'ALBUM_SILENCE_SECS' in /var/folders/bl/0_vgy5fd1t94djrp8z4pw9zm0000gn/T/converter-tests.5DE565F4-52C6-4B08-914C-84640033515A/config.txt; using the last value '0'
[2026-09-16 00:25:19] [converterTests] [WARN] Duplicate config key 'WAV_FADE_DUR' in /var/folders/bl/0_vgy5fd1t94djrp8z4pw9zm0000gn/T/converter-tests.5DE565F4-52C6-4B08-914C-84640033515A/config.txt; using the last value '0'
Test Case '-[converterTests.ConverterTests testEveryConfigRuleRejectsAnInvalidValueNamingTheKey]' passed (0.097 seconds).
Test Case '-[converterTests.ConverterTests testEverySupportedConfigKeyIsDocumentedInRepositoryConfigWithItsDefault]' started.
Test Case '-[converterTests.ConverterTests testEverySupportedConfigKeyIsDocumentedInRepositoryConfigWithItsDefault]' passed (0.001 seconds).
Test Case '-[converterTests.ConverterTests testExplicitConfigThatDoesNotExistIsRejected]' started.
Test Case '-[converterTests.ConverterTests testExplicitConfigThatDoesNotExistIsRejected]' passed (0.001 seconds).
Test Case '-[converterTests.ConverterTests testExplicitPathsMustStayDirectlyInOutput]' started.
Test Case '-[converterTests.ConverterTests testExplicitPathsMustStayDirectlyInOutput]' passed (0.001 seconds).
Test Case '-[converterTests.ConverterTests testFadeActionsUseDefaultNormalCurve]' started.
Test Case '-[converterTests.ConverterTests testFadeActionsUseDefaultNormalCurve]' passed (0.000 seconds).
Test Case '-[converterTests.ConverterTests testFadeCutParsesCutAndFadeDurations]' started.
Test Case '-[converterTests.ConverterTests testFadeCutParsesCutAndFadeDurations]' passed (0.000 seconds).
Test Case '-[converterTests.ConverterTests testFadeCutRejectsMissingArguments]' started.
Test Case '-[converterTests.ConverterTests testFadeCutRejectsMissingArguments]' passed (0.000 seconds).
Test Case '-[converterTests.ConverterTests testFadeFLACAliasNoLongerFallsThroughToFullRun]' started.
Test Case '-[converterTests.ConverterTests testFadeFLACAliasNoLongerFallsThroughToFullRun]' passed (0.000 seconds).
Test Case '-[converterTests.ConverterTests testFadeOutParsesFlexibleTimeArguments]' started.
Test Case '-[converterTests.ConverterTests testFadeOutParsesFlexibleTimeArguments]' passed (0.000 seconds).
Test Case '-[converterTests.ConverterTests testFadeOutRejectsMissingArguments]' started.
Test Case '-[converterTests.ConverterTests testFadeOutRejectsMissingArguments]' passed (0.000 seconds).
Test Case '-[converterTests.ConverterTests testFadeOutRejectsTooManyArguments]' started.
Test Case '-[converterTests.ConverterTests testFadeOutRejectsTooManyArguments]' passed (0.000 seconds).
Test Case '-[converterTests.ConverterTests testFlexibleTimecodeParsingAcceptsSupportedFormsAndRejectsInvalidBounds]' started.
Test Case '-[converterTests.ConverterTests testFlexibleTimecodeParsingAcceptsSupportedFormsAndRejectsInvalidBounds]' passed (0.000 seconds).
Test Case '-[converterTests.ConverterTests testFullRunImageBaseNameStripsStackedDerivedSuffixes]' started.
Test Case '-[converterTests.ConverterTests testFullRunImageBaseNameStripsStackedDerivedSuffixes]' passed (0.000 seconds).
Test Case '-[converterTests.ConverterTests testFullRunRenamesItsSourceAudioToOneSource]' started.
[2026-09-16 00:25:19] [converterTests] [INFO] Source audio renamed: Mirage_bass_80Hz_4dB_RF64.flac -> 1_source.flac
[2026-09-16 00:25:19] [converterTests] [WARN] Full pipeline found multiple same-stem audio files; auto-selecting 1_source.flac and ignoring derived companions.
Test Case '-[converterTests.ConverterTests testFullRunRenamesItsSourceAudioToOneSource]' passed (0.002 seconds).
Test Case '-[converterTests.ConverterTests testFullRunRenamesTheWholeSourceFamilyAndKeepsRerunsStable]' started.
[2026-09-16 00:25:19] [converterTests] [WARN] Full pipeline found multiple same-stem audio files; auto-selecting song.flac and ignoring derived companions.
[2026-09-16 00:25:19] [converterTests] [INFO] Source audio renamed: song.flac -> 1_source.flac
[2026-09-16 00:25:19] [converterTests] [INFO] Source audio renamed: song.wav -> 1_source.wav
[2026-09-16 00:25:19] [converterTests] [INFO] Source audio renamed: song_BW64.wav -> 1_source_BW64.wav
[2026-09-16 00:25:19] [converterTests] [INFO] Source audio renamed: song_RF64.flac -> 1_source_RF64.flac
[2026-09-16 00:25:19] [converterTests] [WARN] Full pipeline found multiple same-stem audio files; auto-selecting 1_source.flac and ignoring derived companions.
Test Case '-[converterTests.ConverterTests testFullRunRenamesTheWholeSourceFamilyAndKeepsRerunsStable]' passed (0.002 seconds).
Test Case '-[converterTests.ConverterTests testFullRunSourceImagesRejectTwoLandscapeMasters]' started.
Test Case '-[converterTests.ConverterTests testFullRunSourceImagesRejectTwoLandscapeMasters]' passed (0.266 seconds).
Test Case '-[converterTests.ConverterTests testFullRunSourceImagesSplitByOrientation]' started.
Test Case '-[converterTests.ConverterTests testFullRunSourceImagesSplitByOrientation]' passed (0.401 seconds).
Test Case '-[converterTests.ConverterTests testGrayscaleOutputSatisfiesAnSRGBExpectation]' started.
Test Case '-[converterTests.ConverterTests testGrayscaleOutputSatisfiesAnSRGBExpectation]' passed (0.002 seconds).
Test Case '-[converterTests.ConverterTests testHashActionsDefaultToProjectOutputDirectory]' started.
Test Case '-[converterTests.ConverterTests testHashActionsDefaultToProjectOutputDirectory]' passed (0.002 seconds).
Test Case '-[converterTests.ConverterTests testHelpListAndMatrixSkipRuntimeDependencyBootstrap]' started.
Test Case '-[converterTests.ConverterTests testHelpListAndMatrixSkipRuntimeDependencyBootstrap]' passed (0.000 seconds).
Test Case '-[converterTests.ConverterTests testHelpTextDistinguishesAlbumTxtAndDirectoryAlbumBuilds]' started.
Test Case '-[converterTests.ConverterTests testHelpTextDistinguishesAlbumTxtAndDirectoryAlbumBuilds]' passed (0.002 seconds).
Test Case '-[converterTests.ConverterTests testHelpTextMentionsFullRunContract]' started.
Test Case '-[converterTests.ConverterTests testHelpTextMentionsFullRunContract]' passed (0.008 seconds).
Test Case '-[converterTests.ConverterTests testHomebrewInstallerIsPinnedAndIntegrityChecked]' started.
Test Case '-[converterTests.ConverterTests testHomebrewInstallerIsPinnedAndIntegrityChecked]' passed (0.143 seconds).
Test Case '-[converterTests.ConverterTests testInstallerSubprocessReportsStderrAndTimesOut]' started.
Test Case '-[converterTests.ConverterTests testInstallerSubprocessReportsStderrAndTimesOut]' passed (1.391 seconds).
Test Case '-[converterTests.ConverterTests testInvalidLoudnormConfigTargetIsRejectedDuringLoad]' started.
[2026-09-16 00:25:21] [converterTests] [WARN] Duplicate config key 'AUDIO_QC_TARGET_LUFS' in /var/folders/bl/0_vgy5fd1t94djrp8z4pw9zm0000gn/T/converter-tests.7CFDB5AF-2001-445E-A166-D813AB9DE0AC/config.txt; using the last value '-4'
Test Case '-[converterTests.ConverterTests testInvalidLoudnormConfigTargetIsRejectedDuringLoad]' passed (0.008 seconds).
Test Case '-[converterTests.ConverterTests testInvalidStringConfigIsRejectedDuringLoad]' started.
[2026-09-16 00:25:21] [converterTests] [WARN] Duplicate config key 'SHORT_MP4_CLIP_SECONDS' in /var/folders/bl/0_vgy5fd1t94djrp8z4pw9zm0000gn/T/converter-tests.6F97F7DD-E488-4898-85DC-8FAFFF773E78/config.txt; using the last value 'abc'
Test Case '-[converterTests.ConverterTests testInvalidStringConfigIsRejectedDuringLoad]' passed (0.006 seconds).
Test Case '-[converterTests.ConverterTests testLoudnessFallbackAcceptsMediaValidQCIssuesOnly]' started.
Test Case '-[converterTests.ConverterTests testLoudnessFallbackAcceptsMediaValidQCIssuesOnly]' passed (0.001 seconds).
Test Case '-[converterTests.ConverterTests testLoudnessFallbackOnlyExcusesAnInherentTruePeak]' started.
Test Case '-[converterTests.ConverterTests testLoudnessFallbackOnlyExcusesAnInherentTruePeak]' passed (0.001 seconds).
Test Case '-[converterTests.ConverterTests testLoudnessFiltersRejectBassAndEQFilters]' started.
Test Case '-[converterTests.ConverterTests testLoudnessFiltersRejectBassAndEQFilters]' passed (0.001 seconds).
Test Case '-[converterTests.ConverterTests testLoudnessParsesTargetLUFS]' started.
Test Case '-[converterTests.ConverterTests testLoudnessParsesTargetLUFS]' passed (0.000 seconds).
Test Case '-[converterTests.ConverterTests testLoudnessRejectsInvalidTargets]' started.
Test Case '-[converterTests.ConverterTests testLoudnessRejectsInvalidTargets]' passed (0.000 seconds).
Test Case '-[converterTests.ConverterTests testLoudnormArgumentClampsAreInclusiveAtTheExactBounds]' started.
Test Case '-[converterTests.ConverterTests testLoudnormArgumentClampsAreInclusiveAtTheExactBounds]' passed (0.001 seconds).
Test Case '-[converterTests.ConverterTests testLoudnormArgumentRoundingNeverLeavesTheAcceptedRange]' started.
Test Case '-[converterTests.ConverterTests testLoudnormArgumentRoundingNeverLeavesTheAcceptedRange]' passed (0.193 seconds).
Test Case '-[converterTests.ConverterTests testLoudnormArgumentsStayInsideFFmpegsAcceptedRanges]' started.
Test Case '-[converterTests.ConverterTests testLoudnormArgumentsStayInsideFFmpegsAcceptedRanges]' passed (0.000 seconds).
Test Case '-[converterTests.ConverterTests testLoudnormJSONParsingIgnoresBracesInInputMetadata]' started.
Test Case '-[converterTests.ConverterTests testLoudnormJSONParsingIgnoresBracesInInputMetadata]' passed (0.001 seconds).
Test Case '-[converterTests.ConverterTests testLoudnormJSONParsingToleratesSurroundingFilterOutput]' started.
Test Case '-[converterTests.ConverterTests testLoudnormJSONParsingToleratesSurroundingFilterOutput]' passed (0.000 seconds).
Test Case '-[converterTests.ConverterTests testMasterAndFLACAlbumCandidatesSkipDerivedOutputs]' started.
Test Case '-[converterTests.ConverterTests testMasterAndFLACAlbumCandidatesSkipDerivedOutputs]' passed (0.001 seconds).
Test Case '-[converterTests.ConverterTests testMatrixInitializationDoesNotRequireProjectOutputDirectory]' started.
Test Case '-[converterTests.ConverterTests testMatrixInitializationDoesNotRequireProjectOutputDirectory]' passed (0.000 seconds).
Test Case '-[converterTests.ConverterTests testMatrixTextMentionsCompletedAudioAndImageGraph]' started.
Test Case '-[converterTests.ConverterTests testMatrixTextMentionsCompletedAudioAndImageGraph]' passed (0.000 seconds).
Test Case '-[converterTests.ConverterTests testMissingAlbumFileErrorPointsAtTheExampleTemplate]' started.
Test Case '-[converterTests.ConverterTests testMissingAlbumFileErrorPointsAtTheExampleTemplate]' passed (0.000 seconds).
Test Case '-[converterTests.ConverterTests testMissingSourceAudioErrorNamesWhatWasSkipped]' started.
[2026-09-16 00:25:22] [converterTests] [INFO] Source audio renamed: Mirage.mp3 -> 1_source.mp3
[2026-09-16 00:25:22] [converterTests] [INFO] Source audio renamed: Mirage_RF64.wav -> 1_source_RF64.wav
Test Case '-[converterTests.ConverterTests testMissingSourceAudioErrorNamesWhatWasSkipped]' passed (0.002 seconds).
Test Case '-[converterTests.ConverterTests testNFTToShortFlagParsesAndOldMP3ToShortFlagIsRejected]' started.
Test Case '-[converterTests.ConverterTests testNFTToShortFlagParsesAndOldMP3ToShortFlagIsRejected]' passed (0.000 seconds).
Test Case '-[converterTests.ConverterTests testNoArgumentsShowHelpInsteadOfFullRun]' started.
Test Case '-[converterTests.ConverterTests testNoArgumentsShowHelpInsteadOfFullRun]' passed (0.000 seconds).
Test Case '-[converterTests.ConverterTests testNoiseParsesDefaultAndExplicitDuration]' started.
Test Case '-[converterTests.ConverterTests testNoiseParsesDefaultAndExplicitDuration]' passed (0.000 seconds).
Test Case '-[converterTests.ConverterTests testNoiseRejectsInvalidArguments]' started.
Test Case '-[converterTests.ConverterTests testNoiseRejectsInvalidArguments]' passed (0.000 seconds).
Test Case '-[converterTests.ConverterTests testNonFiniteConfigDoubleIsRejectedDuringLoad]' started.
[2026-09-16 00:25:22] [converterTests] [WARN] Duplicate config key 'AUDIO_QC_MINIMUM_ANALYSIS_SECONDS' in /var/folders/bl/0_vgy5fd1t94djrp8z4pw9zm0000gn/T/converter-tests.E3A23DBE-8F68-4AAA-8A3F-B6E8A2224F5C/config.txt; using the last value 'nan'
Test Case '-[converterTests.ConverterTests testNonFiniteConfigDoubleIsRejectedDuringLoad]' passed (0.002 seconds).
Test Case '-[converterTests.ConverterTests testNumericFormattingAndBitrateParsingUseStableFFmpegForms]' started.
Test Case '-[converterTests.ConverterTests testNumericFormattingAndBitrateParsingUseStableFFmpegForms]' passed (0.001 seconds).
Test Case '-[converterTests.ConverterTests testOrphanCleanupLeavesOtherHostsTempFilesAlone]' started.
Test Case '-[converterTests.ConverterTests testOrphanCleanupLeavesOtherHostsTempFilesAlone]' passed (0.002 seconds).
Test Case '-[converterTests.ConverterTests testOutputFileIsOnlyAcceptedBySingleOutputActions]' started.
Test Case '-[converterTests.ConverterTests testOutputFileIsOnlyAcceptedBySingleOutputActions]' passed (0.000 seconds).
Test Case '-[converterTests.ConverterTests testOutputNamingAndSuffixHelpersAreStable]' started.
Test Case '-[converterTests.ConverterTests testOutputNamingAndSuffixHelpersAreStable]' passed (0.001 seconds).
Test Case '-[converterTests.ConverterTests testParserRejectsDeprecatedInputOverrideFlags]' started.
Test Case '-[converterTests.ConverterTests testParserRejectsDeprecatedInputOverrideFlags]' passed (0.000 seconds).
Test Case '-[converterTests.ConverterTests testParserRejectsRecursiveDiscoveryFlag]' started.
Test Case '-[converterTests.ConverterTests testParserRejectsRecursiveDiscoveryFlag]' passed (0.000 seconds).
Test Case '-[converterTests.ConverterTests testParserRejectsRemovedJPEGAliasFlags]' started.
Test Case '-[converterTests.ConverterTests testParserRejectsRemovedJPEGAliasFlags]' passed (0.000 seconds).
Test Case '-[converterTests.ConverterTests testPixelFormatConfigMustBeAnFFmpegToken]' started.
[2026-09-16 00:25:22] [converterTests] [WARN] Duplicate config key 'VIDEO_MP4_PIXEL_FORMAT' in /var/folders/bl/0_vgy5fd1t94djrp8z4pw9zm0000gn/T/converter-tests.740942EC-E41C-46D3-8E77-252A45E6B1B8/config.txt; using the last value 'yuv420p,scale=16:16'
Test Case '-[converterTests.ConverterTests testPixelFormatConfigMustBeAnFFmpegToken]' passed (0.002 seconds).
Test Case '-[converterTests.ConverterTests testProcessRunnerNamesSignalDeaths]' started.
Test Case '-[converterTests.ConverterTests testProcessRunnerNamesSignalDeaths]' passed (0.068 seconds).
Test Case '-[converterTests.ConverterTests testProjectLoudnessDefaultsAreMinus12LUFS]' started.
Test Case '-[converterTests.ConverterTests testProjectLoudnessDefaultsAreMinus12LUFS]' passed (0.000 seconds).
Test Case '-[converterTests.ConverterTests testPublishBackupRecoveryRemovesStaleBackupWhenDestinationExists]' started.
Test Case '-[converterTests.ConverterTests testPublishBackupRecoveryRemovesStaleBackupWhenDestinationExists]' passed (0.001 seconds).
Test Case '-[converterTests.ConverterTests testPublishBackupRecoveryRestoresMissingDestination]' started.
[2026-09-16 00:25:22] [converterTests] [WARN] Recovered previous version from publish backup: /var/folders/bl/0_vgy5fd1t94djrp8z4pw9zm0000gn/T/converter-test-E241F9FC-8258-479C-A448-1CD1C7B928F1/song.mp3
Test Case '-[converterTests.ConverterTests testPublishBackupRecoveryRestoresMissingDestination]' passed (0.001 seconds).
Test Case '-[converterTests.ConverterTests testPublishTempKeepsDestinationWhenBackupMoveFails]' started.
Test Case '-[converterTests.ConverterTests testPublishTempKeepsDestinationWhenBackupMoveFails]' passed (0.007 seconds).
Test Case '-[converterTests.ConverterTests testPublishTempLeavesNoBackupBehind]' started.
Test Case '-[converterTests.ConverterTests testPublishTempLeavesNoBackupBehind]' passed (0.002 seconds).
Test Case '-[converterTests.ConverterTests testPublishTempRestoresPreviousVersionWhenTempMoveFails]' started.
Test Case '-[converterTests.ConverterTests testPublishTempRestoresPreviousVersionWhenTempMoveFails]' passed (0.003 seconds).
Test Case '-[converterTests.ConverterTests testRateConfigRejectsInfinity]' started.
[2026-09-16 00:25:22] [converterTests] [WARN] Duplicate config key 'SHORT_MP4_FPS' in /var/folders/bl/0_vgy5fd1t94djrp8z4pw9zm0000gn/T/converter-tests.54572E53-4920-4AE2-ADD6-9BC06DFDA765/config.txt; using the last value 'inf'
Test Case '-[converterTests.ConverterTests testRateConfigRejectsInfinity]' passed (0.002 seconds).
Test Case '-[converterTests.ConverterTests testRepositoryConfigKeysAreSupportedAndTheFileLoadsWithoutWarnings]' started.
Test Case '-[converterTests.ConverterTests testRepositoryConfigKeysAreSupportedAndTheFileLoadsWithoutWarnings]' passed (0.001 seconds).
Test Case '-[converterTests.ConverterTests testRequireDirectChildHandlesAbsolutePathsInsideAndOutsideOutDir]' started.
Test Case '-[converterTests.ConverterTests testRequireDirectChildHandlesAbsolutePathsInsideAndOutsideOutDir]' passed (0.001 seconds).
Test Case '-[converterTests.ConverterTests testRequireDirectChildRejectsRelativeEscapesSubfoldersAndSymlinkedSubfolders]' started.
Test Case '-[converterTests.ConverterTests testRequireDirectChildRejectsRelativeEscapesSubfoldersAndSymlinkedSubfolders]' passed (0.002 seconds).
Test Case '-[converterTests.ConverterTests testRequireDirectChildResolvesSymlinkedOutDirOnBothSides]' started.
Test Case '-[converterTests.ConverterTests testRequireDirectChildResolvesSymlinkedOutDirOnBothSides]' passed (0.001 seconds).
Test Case '-[converterTests.ConverterTests testResolveFullAudioPrefersHighestQualitySameStemSource]' started.
[2026-09-16 00:25:22] [converterTests] [WARN] Full pipeline found multiple same-stem audio files; auto-selecting song.flac and ignoring derived companions.
[2026-09-16 00:25:22] [converterTests] [INFO] Source audio renamed: song.flac -> 1_source.flac
[2026-09-16 00:25:22] [converterTests] [INFO] Source audio renamed: song.mp3 -> 1_source.mp3
[2026-09-16 00:25:22] [converterTests] [INFO] Source audio renamed: song.wav -> 1_source.wav
[2026-09-16 00:25:22] [converterTests] [INFO] Source audio renamed: song_BW64.flac -> 1_source_BW64.flac
[2026-09-16 00:25:22] [converterTests] [INFO] Source audio renamed: song_RF64.wav -> 1_source_RF64.wav
Test Case '-[converterTests.ConverterTests testResolveFullAudioPrefersHighestQualitySameStemSource]' passed (0.003 seconds).
Test Case '-[converterTests.ConverterTests testResolveFullImageCollapsesItsOwnDerivedOutputsOnRerun]' started.
[2026-09-16 00:25:23] [converterTests] [WARN] Square source image '9_NFT3K.png' is treated as the landscape master; it will be fitted into a 7680x4320 frame.
[2026-09-16 00:25:23] [converterTests] [WARN] Square source image '9_NFT8K.png' is treated as the landscape master; it will be fitted into a 7680x4320 frame.
[2026-09-16 00:25:23] [converterTests] [WARN] Full pipeline found multiple same-stem images; auto-selecting 9_8K.png and ignoring derived companions.
[2026-09-16 00:25:23] [converterTests] [WARN] Square source image '9_NFT3K.png' is treated as the landscape master; it will be fitted into a 7680x4320 frame.
[2026-09-16 00:25:23] [converterTests] [WARN] Square source image '9_NFT8K.png' is treated as the landscape master; it will be fitted into a 7680x4320 frame.
[2026-09-16 00:25:23] [converterTests] [WARN] Full pipeline found multiple same-stem images; auto-selecting 9.png and ignoring derived companions.
Test Case '-[converterTests.ConverterTests testResolveFullImageCollapsesItsOwnDerivedOutputsOnRerun]' passed (1.072 seconds).
Test Case '-[converterTests.ConverterTests testResolveFullImageStillRejectsTwoDistinctSources]' started.
Test Case '-[converterTests.ConverterTests testResolveFullImageStillRejectsTwoDistinctSources]' passed (0.407 seconds).
Test Case '-[converterTests.ConverterTests testSchedulerProfileKeepsExpectedConcurrencyCaps]' started.
Test Case '-[converterTests.ConverterTests testSchedulerProfileKeepsExpectedConcurrencyCaps]' passed (0.001 seconds).
Test Case '-[converterTests.ConverterTests testShortClipSecondsAcceptsTimecodesAndRejectsNonPositiveOrMalformedValues]' started.
[2026-09-16 00:25:23] [converterTests] [WARN] Duplicate config key 'SHORT_MP4_CLIP_SECONDS' in /var/folders/bl/0_vgy5fd1t94djrp8z4pw9zm0000gn/T/converter-tests.7840DCA9-CD84-4D3C-95F7-4680EE192564/config.txt; using the last value '58'
[2026-09-16 00:25:23] [converterTests] [WARN] Duplicate config key 'SHORT_MP4_CLIP_SECONDS' in /var/folders/bl/0_vgy5fd1t94djrp8z4pw9zm0000gn/T/converter-tests.7840DCA9-CD84-4D3C-95F7-4680EE192564/config.txt; using the last value '0:58'
[2026-09-16 00:25:23] [converterTests] [WARN] Duplicate config key 'SHORT_MP4_CLIP_SECONDS' in /var/folders/bl/0_vgy5fd1t94djrp8z4pw9zm0000gn/T/converter-tests.7840DCA9-CD84-4D3C-95F7-4680EE192564/config.txt; using the last value '1:30'
[2026-09-16 00:25:23] [converterTests] [WARN] Duplicate config key 'SHORT_MP4_CLIP_SECONDS' in /var/folders/bl/0_vgy5fd1t94djrp8z4pw9zm0000gn/T/converter-tests.7840DCA9-CD84-4D3C-95F7-4680EE192564/config.txt; using the last value '0:01:30.5'
[2026-09-16 00:25:23] [converterTests] [WARN] Duplicate config key 'SHORT_MP4_CLIP_SECONDS' in /var/folders/bl/0_vgy5fd1t94djrp8z4pw9zm0000gn/T/converter-tests.7840DCA9-CD84-4D3C-95F7-4680EE192564/config.txt; using the last value '0'
[2026-09-16 00:25:23] [converterTests] [WARN] Duplicate config key 'SHORT_MP4_CLIP_SECONDS' in /var/folders/bl/0_vgy5fd1t94djrp8z4pw9zm0000gn/T/converter-tests.7840DCA9-CD84-4D3C-95F7-4680EE192564/config.txt; using the last value '0:00'
[2026-09-16 00:25:23] [converterTests] [WARN] Duplicate config key 'SHORT_MP4_CLIP_SECONDS' in /var/folders/bl/0_vgy5fd1t94djrp8z4pw9zm0000gn/T/converter-tests.7840DCA9-CD84-4D3C-95F7-4680EE192564/config.txt; using the last value '-5'
[2026-09-16 00:25:23] [converterTests] [WARN] Duplicate config key 'SHORT_MP4_CLIP_SECONDS' in /var/folders/bl/0_vgy5fd1t94djrp8z4pw9zm0000gn/T/converter-tests.7840DCA9-CD84-4D3C-95F7-4680EE192564/config.txt; using the last value '1:75'
[2026-09-16 00:25:23] [converterTests] [WARN] Duplicate config key 'SHORT_MP4_CLIP_SECONDS' in /var/folders/bl/0_vgy5fd1t94djrp8z4pw9zm0000gn/T/converter-tests.7840DCA9-CD84-4D3C-95F7-4680EE192564/config.txt; using the last value 'abc'
[2026-09-16 00:25:23] [converterTests] [WARN] Duplicate config key 'SHORT_MP4_CLIP_SECONDS' in /var/folders/bl/0_vgy5fd1t94djrp8z4pw9zm0000gn/T/converter-tests.7840DCA9-CD84-4D3C-95F7-4680EE192564/config.txt; using the last value '1e300'
[2026-09-16 00:25:23] [converterTests] [WARN] Duplicate config key 'SHORT_MP4_CLIP_SECONDS' in /var/folders/bl/0_vgy5fd1t94djrp8z4pw9zm0000gn/T/converter-tests.7840DCA9-CD84-4D3C-95F7-4680EE192564/config.txt; using the last value '1:2:3:4'
Test Case '-[converterTests.ConverterTests testShortClipSecondsAcceptsTimecodesAndRejectsNonPositiveOrMalformedValues]' passed (0.025 seconds).
Test Case '-[converterTests.ConverterTests testShortDurationHelpersClampToInputDurationConfigAndHardLimit]' started.
[2026-09-16 00:25:23] [converterTests] [WARN] Duplicate config key 'SHORT_MP4_CLIP_SECONDS' in /var/folders/bl/0_vgy5fd1t94djrp8z4pw9zm0000gn/T/converter-tests.64E7A004-0058-4EBB-9BF5-114A4E42D6D6/config.txt; using the last value '0:30'
Test Case '-[converterTests.ConverterTests testShortDurationHelpersClampToInputDurationConfigAndHardLimit]' passed (0.002 seconds).
Test Case '-[converterTests.ConverterTests testShortFillModesUseDistinctTempStemsAndSuffixes]' started.
Test Case '-[converterTests.ConverterTests testShortFillModesUseDistinctTempStemsAndSuffixes]' passed (0.000 seconds).
Test Case '-[converterTests.ConverterTests testShortMP4StemsCoverLetterboxedAndCenterCutVariants]' started.
Test Case '-[converterTests.ConverterTests testShortMP4StemsCoverLetterboxedAndCenterCutVariants]' passed (0.000 seconds).
Test Case '-[converterTests.ConverterTests testSignalDeathIsNeverAnAllowedExitCode]' started.
Test Case '-[converterTests.ConverterTests testSignalDeathIsNeverAnAllowedExitCode]' passed (0.071 seconds).
Test Case '-[converterTests.ConverterTests testSilenceParsesDefaultAndExplicitDuration]' started.
Test Case '-[converterTests.ConverterTests testSilenceParsesDefaultAndExplicitDuration]' passed (0.001 seconds).
Test Case '-[converterTests.ConverterTests testSilenceRejectsInvalidArguments]' started.
Test Case '-[converterTests.ConverterTests testSilenceRejectsInvalidArguments]' passed (0.001 seconds).
Test Case '-[converterTests.ConverterTests testStaticLoudnessGainNeverAttenuatesQuietPeakConstrainedAudio]' started.
Test Case '-[converterTests.ConverterTests testStaticLoudnessGainNeverAttenuatesQuietPeakConstrainedAudio]' passed (0.002 seconds).
Test Case '-[converterTests.ConverterTests testStringAndURLHelpersNormalizeNamesWithoutFileSystemAccess]' started.
Test Case '-[converterTests.ConverterTests testStringAndURLHelpersNormalizeNamesWithoutFileSystemAccess]' passed (0.001 seconds).
Test Case '-[converterTests.ConverterTests testTailFadeParsesDefaultAndExplicitDuration]' started.
Test Case '-[converterTests.ConverterTests testTailFadeParsesDefaultAndExplicitDuration]' passed (0.000 seconds).
Test Case '-[converterTests.ConverterTests testTailFadeRejectsTooManyArguments]' started.
Test Case '-[converterTests.ConverterTests testTailFadeRejectsTooManyArguments]' passed (0.001 seconds).
Test Case '-[converterTests.ConverterTests testTimecodeRejectsAbsurdDurationsAndFFmpegNumberNeverTraps]' started.
Test Case '-[converterTests.ConverterTests testTimecodeRejectsAbsurdDurationsAndFFmpegNumberNeverTraps]' passed (0.005 seconds).
Test Case '-[converterTests.ConverterTests testTimecodeRejectsEmptyColonSeparatedComponents]' started.
Test Case '-[converterTests.ConverterTests testTimecodeRejectsEmptyColonSeparatedComponents]' passed (0.001 seconds).
Test Case '-[converterTests.ConverterTests testUnitMakeToolIgnoresHostConfigAndDebugOverrides]' started.
Test Case '-[converterTests.ConverterTests testUnitMakeToolIgnoresHostConfigAndDebugOverrides]' passed (0.001 seconds).
Test Case '-[converterTests.ConverterTests testUnknownConfigKeyIsReportedAtWarnLevelNamingKeyAndFile]' started.
Test Case '-[converterTests.ConverterTests testUnknownConfigKeyIsReportedAtWarnLevelNamingKeyAndFile]' passed (0.005 seconds).
Test Case '-[converterTests.ConverterTests testUnknownOptionsAndStrayPositionalsAreRejected]' started.
Test Case '-[converterTests.ConverterTests testUnknownOptionsAndStrayPositionalsAreRejected]' passed (0.001 seconds).
Test Case '-[converterTests.ConverterTests testUnusableInstalledToolsAreNamedWithTheirReason]' started.
Test Case '-[converterTests.ConverterTests testUnusableInstalledToolsAreNamedWithTheirReason]' passed (0.338 seconds).
Test Case '-[converterTests.ConverterTests testValidateRejectsH264VideoToolboxPrimaryAboveVideoToolboxSessionLimit]' started.
[2026-09-16 00:25:24] [converterTests] [WARN] Duplicate config key 'SHORT_MP4_VIDEO_CODEC' in /var/folders/bl/0_vgy5fd1t94djrp8z4pw9zm0000gn/T/converter-tests.C87066A2-1252-4773-983A-BB99615C7867/config.txt; using the last value 'h264_videotoolbox'
[2026-09-16 00:25:24] [converterTests] [WARN] Duplicate config key 'SHORT_MP4_VIDEO_FALLBACKS' in /var/folders/bl/0_vgy5fd1t94djrp8z4pw9zm0000gn/T/converter-tests.C87066A2-1252-4773-983A-BB99615C7867/config.txt; using the last value 'libx264'
[2026-09-16 00:25:24] [converterTests] [WARN] Duplicate config key 'SHORT_MP4_SCALE_W' in /var/folders/bl/0_vgy5fd1t94djrp8z4pw9zm0000gn/T/converter-tests.C87066A2-1252-4773-983A-BB99615C7867/config.txt; using the last value '4320'
[2026-09-16 00:25:24] [converterTests] [WARN] Duplicate config key 'SHORT_MP4_SCALE_H' in /var/folders/bl/0_vgy5fd1t94djrp8z4pw9zm0000gn/T/converter-tests.C87066A2-1252-4773-983A-BB99615C7867/config.txt; using the last value '7680'
[2026-09-16 00:25:24] [converterTests] [WARN] Duplicate config key 'SHORT_MP4_VIDEO_CODEC' in /var/folders/bl/0_vgy5fd1t94djrp8z4pw9zm0000gn/T/converter-tests.C87066A2-1252-4773-983A-BB99615C7867/config.txt; using the last value 'h264_videotoolbox'
[2026-09-16 00:25:24] [converterTests] [WARN] Duplicate config key 'SHORT_MP4_VIDEO_FALLBACKS' in /var/folders/bl/0_vgy5fd1t94djrp8z4pw9zm0000gn/T/converter-tests.C87066A2-1252-4773-983A-BB99615C7867/config.txt; using the last value 'libx264'
[2026-09-16 00:25:24] [converterTests] [WARN] Duplicate config key 'SHORT_MP4_SCALE_W' in /var/folders/bl/0_vgy5fd1t94djrp8z4pw9zm0000gn/T/converter-tests.C87066A2-1252-4773-983A-BB99615C7867/config.txt; using the last value '4098'
[2026-09-16 00:25:24] [converterTests] [WARN] Duplicate config key 'SHORT_MP4_SCALE_H' in /var/folders/bl/0_vgy5fd1t94djrp8z4pw9zm0000gn/T/converter-tests.C87066A2-1252-4773-983A-BB99615C7867/config.txt; using the last value '4096'
[2026-09-16 00:25:24] [converterTests] [WARN] Duplicate config key 'SHORT_MP4_VIDEO_CODEC' in /var/folders/bl/0_vgy5fd1t94djrp8z4pw9zm0000gn/T/converter-tests.C87066A2-1252-4773-983A-BB99615C7867/config.txt; using the last value 'h264_videotoolbox'
[2026-09-16 00:25:24] [converterTests] [WARN] Duplicate config key 'SHORT_MP4_VIDEO_FALLBACKS' in /var/folders/bl/0_vgy5fd1t94djrp8z4pw9zm0000gn/T/converter-tests.C87066A2-1252-4773-983A-BB99615C7867/config.txt; using the last value 'libx264'
[2026-09-16 00:25:24] [converterTests] [WARN] Duplicate config key 'SHORT_MP4_SCALE_W' in /var/folders/bl/0_vgy5fd1t94djrp8z4pw9zm0000gn/T/converter-tests.C87066A2-1252-4773-983A-BB99615C7867/config.txt; using the last value '4096'
[2026-09-16 00:25:24] [converterTests] [WARN] Duplicate config key 'SHORT_MP4_SCALE_H' in /var/folders/bl/0_vgy5fd1t94djrp8z4pw9zm0000gn/T/converter-tests.C87066A2-1252-4773-983A-BB99615C7867/config.txt; using the last value '4098'
[2026-09-16 00:25:24] [converterTests] [WARN] Duplicate config key 'SHORT_MP4_VIDEO_CODEC' in /var/folders/bl/0_vgy5fd1t94djrp8z4pw9zm0000gn/T/converter-tests.C87066A2-1252-4773-983A-BB99615C7867/config.txt; using the last value 'h264_videotoolbox'
[2026-09-16 00:25:24] [converterTests] [WARN] Duplicate config key 'SHORT_MP4_VIDEO_FALLBACKS' in /var/folders/bl/0_vgy5fd1t94djrp8z4pw9zm0000gn/T/converter-tests.C87066A2-1252-4773-983A-BB99615C7867/config.txt; using the last value 'libx264'
[2026-09-16 00:25:24] [converterTests] [WARN] Duplicate config key 'SHORT_MP4_SCALE_W' in /var/folders/bl/0_vgy5fd1t94djrp8z4pw9zm0000gn/T/converter-tests.C87066A2-1252-4773-983A-BB99615C7867/config.txt; using the last value '4096'
[2026-09-16 00:25:24] [converterTests] [WARN] Duplicate config key 'SHORT_MP4_SCALE_H' in /var/folders/bl/0_vgy5fd1t94djrp8z4pw9zm0000gn/T/converter-tests.C87066A2-1252-4773-983A-BB99615C7867/config.txt; using the last value '4096'
[2026-09-16 00:25:24] [converterTests] [WARN] Duplicate config key 'SHORT_MP4_VIDEO_CODEC' in /var/folders/bl/0_vgy5fd1t94djrp8z4pw9zm0000gn/T/converter-tests.C87066A2-1252-4773-983A-BB99615C7867/config.txt; using the last value 'libx264'
[2026-09-16 00:25:24] [converterTests] [WARN] Duplicate config key 'SHORT_MP4_VIDEO_FALLBACKS' in /var/folders/bl/0_vgy5fd1t94djrp8z4pw9zm0000gn/T/converter-tests.C87066A2-1252-4773-983A-BB99615C7867/config.txt; using the last value 'h264_videotoolbox'
[2026-09-16 00:25:24] [converterTests] [WARN] Duplicate config key 'SHORT_MP4_SCALE_W' in /var/folders/bl/0_vgy5fd1t94djrp8z4pw9zm0000gn/T/converter-tests.C87066A2-1252-4773-983A-BB99615C7867/config.txt; using the last value '4320'
[2026-09-16 00:25:24] [converterTests] [WARN] Duplicate config key 'SHORT_MP4_SCALE_H' in /var/folders/bl/0_vgy5fd1t94djrp8z4pw9zm0000gn/T/converter-tests.C87066A2-1252-4773-983A-BB99615C7867/config.txt; using the last value '7680'
[2026-09-16 00:25:24] [converterTests] [WARN] Duplicate config key 'VIDEO_MP4_ENCODER' in /var/folders/bl/0_vgy5fd1t94djrp8z4pw9zm0000gn/T/converter-tests.C87066A2-1252-4773-983A-BB99615C7867/config.txt; using the last value 'h264_videotoolbox'
[2026-09-16 00:25:24] [converterTests] [WARN] Duplicate config key 'VIDEO_MP4_WIDTH' in /var/folders/bl/0_vgy5fd1t94djrp8z4pw9zm0000gn/T/converter-tests.C87066A2-1252-4773-983A-BB99615C7867/config.txt; using the last value '7680'
[2026-09-16 00:25:24] [converterTests] [WARN] Duplicate config key 'VIDEO_MP4_HEIGHT' in /var/folders/bl/0_vgy5fd1t94djrp8z4pw9zm0000gn/T/converter-tests.C87066A2-1252-4773-983A-BB99615C7867/config.txt; using the last value '4320'
[2026-09-16 00:25:24] [converterTests] [WARN] Duplicate config key 'VIDEO_MP4_ENCODER' in /var/folders/bl/0_vgy5fd1t94djrp8z4pw9zm0000gn/T/converter-tests.C87066A2-1252-4773-983A-BB99615C7867/config.txt; using the last value 'hevc_videotoolbox'
[2026-09-16 00:25:24] [converterTests] [WARN] Duplicate config key 'VIDEO_MP4_WIDTH' in /var/folders/bl/0_vgy5fd1t94djrp8z4pw9zm0000gn/T/converter-tests.C87066A2-1252-4773-983A-BB99615C7867/config.txt; using the last value '7680'
[2026-09-16 00:25:24] [converterTests] [WARN] Duplicate config key 'VIDEO_MP4_HEIGHT' in /var/folders/bl/0_vgy5fd1t94djrp8z4pw9zm0000gn/T/converter-tests.C87066A2-1252-4773-983A-BB99615C7867/config.txt; using the last value '4320'
Test Case '-[converterTests.ConverterTests testValidateRejectsH264VideoToolboxPrimaryAboveVideoToolboxSessionLimit]' passed (0.020 seconds).
Test Case '-[converterTests.ConverterTests testVerifyCodecMapsEncoderFamilies]' started.
Test Case '-[converterTests.ConverterTests testVerifyCodecMapsEncoderFamilies]' passed (0.000 seconds).
Test Case '-[converterTests.ConverterTests testWAVHeaderRejectsTruncatedWAVXAndMismatchedContainers]' started.
Test Case '-[converterTests.ConverterTests testWAVHeaderRejectsTruncatedWAVXAndMismatchedContainers]' passed (0.001 seconds).
Test Case '-[converterTests.ConverterTests testYouTubeShortProfileKeepsLibx264PrimaryAtPortrait8K]' started.
Test Case '-[converterTests.ConverterTests testYouTubeShortProfileKeepsLibx264PrimaryAtPortrait8K]' passed (0.000 seconds).
Test Case '-[converterTests.ConverterTests testYouTubeShortProfileKeepsProjectMinus12LUFSTarget]' started.
Test Case '-[converterTests.ConverterTests testYouTubeShortProfileKeepsProjectMinus12LUFSTarget]' passed (0.000 seconds).
Test Suite 'ConverterTests' passed at 2026-09-16 00:25:24.196.
	 Executed 134 tests, with 0 failures (0 unexpected) in 8.665 (8.676) seconds
Test Suite 'PipelineIntegrationTests' started at 2026-09-16 00:25:24.197.
Test Case '-[converterTests.PipelineIntegrationTests testAcceptsLeadingSilenceWhenAudioBecomesAudibleLater]' started.
[2026-09-16 00:25:25] [converterTests] [INFO] Created WAV: leadingsilence.wav
Test Case '-[converterTests.PipelineIntegrationTests testAcceptsLeadingSilenceWhenAudioBecomesAudibleLater]' passed (1.801 seconds).
Test Case '-[converterTests.PipelineIntegrationTests testAIPixPreservesFullStemToAvoidUnderscoreCollisions]' started.
[2026-09-16 00:25:26] [converterTests] [INFO] PNG variants: art_1.png
[2026-09-16 00:25:26] [converterTests] [INFO] Created 8K PNG: art_1_8K.png
[2026-09-16 00:25:26] [converterTests] [INFO] Created 4K PNG: art_1_4K.png
[2026-09-16 00:25:26] [converterTests] [INFO] PNG variants: art_2.png
[2026-09-16 00:25:27] [converterTests] [INFO] Created 8K PNG: art_2_8K.png
[2026-09-16 00:25:27] [converterTests] [INFO] Created 4K PNG: art_2_4K.png
Test Case '-[converterTests.PipelineIntegrationTests testAIPixPreservesFullStemToAvoidUnderscoreCollisions]' passed (1.213 seconds).
Test Case '-[converterTests.PipelineIntegrationTests testAIPixRefusesToOverwriteItsOwnSource]' started.
Test Case '-[converterTests.PipelineIntegrationTests testAIPixRefusesToOverwriteItsOwnSource]' passed (0.204 seconds).
Test Case '-[converterTests.PipelineIntegrationTests testAlbumBuildAcceptsNonStandardRIFFWavInputs]' started.
[2026-09-16 00:25:28] [converterTests] [INFO] Created album WAV: /var/folders/bl/0_vgy5fd1t94djrp8z4pw9zm0000gn/T/converter-tests.A031314C-B293-4BB7-854F-7DD28874737B/Output/album.rf64.wav
Test Case '-[converterTests.PipelineIntegrationTests testAlbumBuildAcceptsNonStandardRIFFWavInputs]' passed (1.864 seconds).
Test Case '-[converterTests.PipelineIntegrationTests testAlbumBuildFromAlbumFileCreatesVerifiedRF64Wave]' started.
[2026-09-16 00:25:30] [converterTests] [INFO] Created album WAV: /var/folders/bl/0_vgy5fd1t94djrp8z4pw9zm0000gn/T/converter-tests.F4DCDD5F-B8E4-46D9-8CBD-D6FBEA639A3D/Output/album.rf64.wav
Test Case '-[converterTests.PipelineIntegrationTests testAlbumBuildFromAlbumFileCreatesVerifiedRF64Wave]' passed (1.861 seconds).
Test Case '-[converterTests.PipelineIntegrationTests testAlbumDurationToleranceIsStrictlyBelowTheGapItMustDetect]' started.
[2026-09-16 00:25:31] [converterTests] [WARN] Duplicate config key 'ALBUM_SILENCE_SECS' in /var/folders/bl/0_vgy5fd1t94djrp8z4pw9zm0000gn/T/converter-tests.7BDF41E9-FA68-4D67-BEA8-870BD9E8D3FD/config.txt; using the last value '2'
[2026-09-16 00:25:31] [converterTests] [WARN] Duplicate config key 'DURATION_TOLERANCE_SEC' in /var/folders/bl/0_vgy5fd1t94djrp8z4pw9zm0000gn/T/converter-tests.7BDF41E9-FA68-4D67-BEA8-870BD9E8D3FD/config.txt; using the last value '2'
[2026-09-16 00:25:31] [converterTests] [WARN] Duplicate config key 'ALBUM_SILENCE_SECS' in /var/folders/bl/0_vgy5fd1t94djrp8z4pw9zm0000gn/T/converter-tests.7BDF41E9-FA68-4D67-BEA8-870BD9E8D3FD/config.txt; using the last value '2'
[2026-09-16 00:25:31] [converterTests] [WARN] Duplicate config key 'DURATION_TOLERANCE_SEC' in /var/folders/bl/0_vgy5fd1t94djrp8z4pw9zm0000gn/T/converter-tests.7BDF41E9-FA68-4D67-BEA8-870BD9E8D3FD/config.txt; using the last value '0.5'
Test Case '-[converterTests.PipelineIntegrationTests testAlbumDurationToleranceIsStrictlyBelowTheGapItMustDetect]' passed (0.003 seconds).
Test Case '-[converterTests.PipelineIntegrationTests testAlbumFileFailsClosedOnMissingTracksUnlessContinueOnError]' started.
[2026-09-16 00:25:31] [converterTests] [ERROR] album.txt entry 'missing_track.wav': missing track /var/folders/bl/0_vgy5fd1t94djrp8z4pw9zm0000gn/T/converter-tests.7A4C3CD1-3D1E-4F26-9F61-0E15C45B2602/Output/missing_track.wav
[2026-09-16 00:25:32] [converterTests] [INFO] Created album WAV: /var/folders/bl/0_vgy5fd1t94djrp8z4pw9zm0000gn/T/converter-tests.7A4C3CD1-3D1E-4F26-9F61-0E15C45B2602/Output/album.rf64.wav
Test Case '-[converterTests.PipelineIntegrationTests testAlbumFileFailsClosedOnMissingTracksUnlessContinueOnError]' passed (2.203 seconds).
Test Case '-[converterTests.PipelineIntegrationTests testAlbumPipelineSortsMixedAudioNormalizesAndContinuesFullRun]' started.
[2026-09-16 00:25:33] [converterTests] [INFO] Profile: youtube_master
[2026-09-16 00:25:33] [converterTests] [INFO] Scheduler profile: total=3 image=2 audio=2 video=1
[2026-09-16 00:25:33] [converterTests] [INFO] Album pipeline start
[2026-09-16 00:25:33] [converterTests] [INFO] Album track order: 1 - Sun.mp3, 2 - Rain.wav, 10 - Storm.flac
[2026-09-16 00:25:33] [converterTests] [INFO] Album loudness normalize 1/3: 1 - Sun.mp3
[2026-09-16 00:25:34] [converterTests] [INFO] Album track ready: 1 - Sun.mp3 [integrated=-11.95 LUFS]
[2026-09-16 00:25:34] [converterTests] [INFO] Album loudness normalize 2/3: 2 - Rain.wav
[2026-09-16 00:25:35] [converterTests] [INFO] Album track ready: 2 - Rain.wav [integrated=-12.05 LUFS]
[2026-09-16 00:25:35] [converterTests] [INFO] Album loudness normalize 3/3: 10 - Storm.flac
[2026-09-16 00:25:36] [converterTests] [INFO] Album track ready: 10 - Storm.flac [integrated=-11.95 LUFS]
[2026-09-16 00:25:36] [converterTests] [INFO] Created album WAV: /var/folders/bl/0_vgy5fd1t94djrp8z4pw9zm0000gn/T/converter-tests.C6F9AE10-A432-4E48-A5BC-78ABB906D147/Output/album.wav
[2026-09-16 00:25:36] [converterTests] [INFO] Album source audio: album.wav
[2026-09-16 00:25:36] [converterTests] [INFO] Full step: use Horizontal_8K.png for main MP4
[2026-09-16 00:25:36] [converterTests] [INFO] Full step: use Vertical_8K.png for short MP4
[2026-09-16 00:25:36] [converterTests] [INFO] Full step: image deliverables from Horizontal_8K.png
[2026-09-16 00:25:36] [converterTests] [INFO] Full step: 4K PNG
[2026-09-16 00:25:36] [converterTests] [INFO] Full step: NFT assets
[2026-09-16 00:25:36] [converterTests] [INFO] Created 4K PNG: album_4K.png
[2026-09-16 00:25:36] [converterTests] [INFO] Full step: 2K PNG
[2026-09-16 00:25:36] [converterTests] [INFO] Created 2K PNG: album_2K.png
[2026-09-16 00:25:36] [converterTests] [INFO] Full step: 3K PNG
[2026-09-16 00:25:36] [converterTests] [INFO] Created 3K PNG: album_3K.png
[2026-09-16 00:25:36] [converterTests] [INFO] Full step: 3K JPG deliverables
[2026-09-16 00:25:36] [converterTests] [INFO] Created NFT set: album
[2026-09-16 00:25:36] [converterTests] [INFO] Full step: 8K JPG deliverables
[2026-09-16 00:25:36] [converterTests] [INFO] Full step: external RF64/BW64 audio deliverables
[2026-09-16 00:25:36] [converterTests] [INFO] Created 1MB JPG: album_3K_1MB.jpg
[2026-09-16 00:25:36] [converterTests] [INFO] Created 1MB JPG: album_8K_1MB.jpg
[2026-09-16 00:25:36] [converterTests] [INFO] Created 5MB JPG: album_3K_5MB.jpg
[2026-09-16 00:25:36] [converterTests] [INFO] Created 2MB JPG: album_8K_2MB.jpg
[2026-09-16 00:25:36] [converterTests] [INFO] Created 20MB JPG: album_8K_20MB.jpg
[2026-09-16 00:25:37] [converterTests] [INFO] Created external FLAC: album_RF64.flac
[2026-09-16 00:25:37] [converterTests] [INFO] Created external WAV: album_RF64.wav
[2026-09-16 00:25:38] [converterTests] [INFO] Created external BW64 WAV: album_BW64.wav
[2026-09-16 00:25:40] [converterTests] [INFO] Created MP3: album.mp3
[2026-09-16 00:25:40] [converterTests] [INFO] Created M4A: album.m4a
[2026-09-16 00:25:40] [converterTests] [INFO] Full step: M4A -> MP4
[2026-09-16 00:25:40] [converterTests] [INFO] Main video encoders: hevc_videotoolbox, libx265
[2026-09-16 00:25:42] [converterTests] [INFO] Created MP4: album_8K.mp4 [encoder=hevc_videotoolbox]
[2026-09-16 00:25:42] [converterTests] [INFO] Full step: portrait short stills
[2026-09-16 00:25:42] [converterTests] [INFO] Created portrait still: album_Short_8K.png
[2026-09-16 00:25:42] [converterTests] [INFO] Created 1MB JPG: album_Short_8K_1MB.jpg
[2026-09-16 00:25:42] [converterTests] [INFO] Created 2MB JPG: album_Short_8K_2MB.jpg
[2026-09-16 00:25:42] [converterTests] [INFO] Created portrait still: album_Short_CenterCut_8K.png
[2026-09-16 00:25:42] [converterTests] [INFO] Created 1MB JPG: album_Short_CenterCut_8K_1MB.jpg
[2026-09-16 00:25:42] [converterTests] [INFO] Created 2MB JPG: album_Short_CenterCut_8K_2MB.jpg
[2026-09-16 00:25:42] [converterTests] [INFO] Full step: PNG -> Short: album_Short_8K.png
[2026-09-16 00:25:42] [converterTests] [INFO] Short video encoders: libx264, h264_videotoolbox
[2026-09-16 00:25:43] [converterTests] [INFO] Created portrait short MP4: album_8K_Short.mp4 [encoder=libx264]
[2026-09-16 00:25:45] [converterTests] [INFO] Created portrait short MP4: album_8K_Short_FullSong.mp4 [encoder=libx264]
[2026-09-16 00:25:46] [converterTests] [INFO] Created portrait short MP4 (centre cut): album_8K_Short_CenterCut.mp4 [encoder=libx264]
[2026-09-16 00:25:47] [converterTests] [INFO] Created portrait short MP4 (centre cut): album_8K_Short_FullSong_CenterCut.mp4 [encoder=libx264]
[2026-09-16 00:25:47] [converterTests] [INFO] Album pipeline complete
Test Case '-[converterTests.PipelineIntegrationTests testAlbumPipelineSortsMixedAudioNormalizesAndContinuesFullRun]' passed (14.633 seconds).
Test Case '-[converterTests.PipelineIntegrationTests testAlbumRunKeepsOutputFileForTheAlbumWAVOnly]' started.
[2026-09-16 00:25:48] [converterTests] [INFO] Profile: youtube_master
[2026-09-16 00:25:48] [converterTests] [INFO] Scheduler profile: total=3 image=2 audio=2 video=1
[2026-09-16 00:25:48] [converterTests] [INFO] Album pipeline start
[2026-09-16 00:25:48] [converterTests] [INFO] Album track order: 01.wav, 02.wav
[2026-09-16 00:25:48] [converterTests] [INFO] Album loudness normalize 1/2: 01.wav
[2026-09-16 00:25:48] [converterTests] [INFO] Album track ready: 01.wav [integrated=-12.05 LUFS]
[2026-09-16 00:25:49] [converterTests] [INFO] Album loudness normalize 2/2: 02.wav
[2026-09-16 00:25:49] [converterTests] [INFO] Album track ready: 02.wav [integrated=-11.95 LUFS]
[2026-09-16 00:25:50] [converterTests] [INFO] Created album WAV: /var/folders/bl/0_vgy5fd1t94djrp8z4pw9zm0000gn/T/converter-tests.3BC063F3-DC2C-4A07-82DE-956B26378C65/Output/MyAlbum.wav
[2026-09-16 00:25:50] [converterTests] [INFO] Album source audio: MyAlbum.wav
[2026-09-16 00:25:50] [converterTests] [INFO] Full step: PNG variants
[2026-09-16 00:25:50] [converterTests] [INFO] Created 8K PNG: MyAlbum_8K.png
[2026-09-16 00:25:50] [converterTests] [INFO] Created 4K PNG: MyAlbum_4K.png
[2026-09-16 00:25:50] [converterTests] [INFO] Full step: NFT assets
[2026-09-16 00:25:50] [converterTests] [INFO] Full step: 2K PNG
[2026-09-16 00:25:50] [converterTests] [INFO] Created 2K PNG: MyAlbum_2K.png
[2026-09-16 00:25:50] [converterTests] [INFO] Full step: 3K PNG
[2026-09-16 00:25:50] [converterTests] [INFO] Full step: external RF64/BW64 audio deliverables
[2026-09-16 00:25:50] [converterTests] [INFO] Created 3K PNG: MyAlbum_3K.png
[2026-09-16 00:25:50] [converterTests] [INFO] Full step: 3K JPG deliverables
[2026-09-16 00:25:50] [converterTests] [INFO] Created 1MB JPG: MyAlbum_3K_1MB.jpg
[2026-09-16 00:25:50] [converterTests] [INFO] Created NFT set: MyAlbum
[2026-09-16 00:25:50] [converterTests] [INFO] Full step: 8K JPG deliverables
[2026-09-16 00:25:50] [converterTests] [INFO] Created 5MB JPG: MyAlbum_3K_5MB.jpg
[2026-09-16 00:25:50] [converterTests] [INFO] Created 1MB JPG: MyAlbum_8K_1MB.jpg
[2026-09-16 00:25:50] [converterTests] [INFO] Created 2MB JPG: MyAlbum_8K_2MB.jpg
[2026-09-16 00:25:50] [converterTests] [INFO] Created 20MB JPG: MyAlbum_8K_20MB.jpg
[2026-09-16 00:25:50] [converterTests] [INFO] Created external FLAC: MyAlbum_RF64.flac
[2026-09-16 00:25:51] [converterTests] [INFO] Created external WAV: MyAlbum_RF64.wav
[2026-09-16 00:25:51] [converterTests] [INFO] Created external BW64 WAV: MyAlbum_BW64.wav
[2026-09-16 00:25:53] [converterTests] [INFO] Created MP3: MyAlbum.mp3
[2026-09-16 00:25:53] [converterTests] [INFO] Created M4A: MyAlbum.m4a
[2026-09-16 00:25:53] [converterTests] [INFO] Full step: M4A -> MP4
[2026-09-16 00:25:53] [converterTests] [INFO] Main video encoders: hevc_videotoolbox, libx265
[2026-09-16 00:25:54] [converterTests] [INFO] Created MP4: MyAlbum_8K.mp4 [encoder=hevc_videotoolbox]
[2026-09-16 00:25:54] [converterTests] [INFO] Full step: portrait short stills
[2026-09-16 00:25:54] [converterTests] [INFO] Created portrait still: MyAlbum_Short_8K.png
[2026-09-16 00:25:54] [converterTests] [INFO] Created 1MB JPG: MyAlbum_Short_8K_1MB.jpg
[2026-09-16 00:25:54] [converterTests] [INFO] Created 2MB JPG: MyAlbum_Short_8K_2MB.jpg
[2026-09-16 00:25:55] [converterTests] [INFO] Created portrait still: MyAlbum_Short_CenterCut_8K.png
[2026-09-16 00:25:55] [converterTests] [INFO] Created 1MB JPG: MyAlbum_Short_CenterCut_8K_1MB.jpg
[2026-09-16 00:25:55] [converterTests] [INFO] Created 2MB JPG: MyAlbum_Short_CenterCut_8K_2MB.jpg
[2026-09-16 00:25:55] [converterTests] [INFO] Full step: PNG -> Short: MyAlbum_Short_8K.png
[2026-09-16 00:25:55] [converterTests] [INFO] Short video encoders: libx264, h264_videotoolbox
[2026-09-16 00:25:56] [converterTests] [INFO] Created portrait short MP4: MyAlbum_8K_Short.mp4 [encoder=libx264]
[2026-09-16 00:25:57] [converterTests] [INFO] Created portrait short MP4: MyAlbum_8K_Short_FullSong.mp4 [encoder=libx264]
[2026-09-16 00:25:58] [converterTests] [INFO] Created portrait short MP4 (centre cut): MyAlbum_8K_Short_CenterCut.mp4 [encoder=libx264]
[2026-09-16 00:25:59] [converterTests] [INFO] Created portrait short MP4 (centre cut): MyAlbum_8K_Short_FullSong_CenterCut.mp4 [encoder=libx264]
[2026-09-16 00:25:59] [converterTests] [INFO] Album pipeline complete
Test Case '-[converterTests.PipelineIntegrationTests testAlbumRunKeepsOutputFileForTheAlbumWAVOnly]' passed (11.409 seconds).
Test Case '-[converterTests.PipelineIntegrationTests testAudioConversionMatrixProducesVerifiedOutputs]' started.
[2026-09-16 00:26:00] [converterTests] [INFO] Created WAV: audio_flac.wav
[2026-09-16 00:26:04] [converterTests] [INFO] Created MP3: audio_flac.mp3
[2026-09-16 00:26:06] [converterTests] [INFO] Created M4A: audio_flac.m4a
[2026-09-16 00:26:09] [converterTests] [INFO] Created FLAC: audio_wav.flac
[2026-09-16 00:26:12] [converterTests] [INFO] Created MP3: audio_wav.mp3
[2026-09-16 00:26:15] [converterTests] [INFO] Created M4A: audio_wav.m4a
[2026-09-16 00:26:17] [converterTests] [INFO] Created WAV: audio_mp3.wav
[2026-09-16 00:26:18] [converterTests] [INFO] Created FLAC: audio_mp3.flac
[2026-09-16 00:26:22] [converterTests] [INFO] Created M4A: audio_mp3.m4a
[2026-09-16 00:26:24] [converterTests] [INFO] Created WAV: audio_m4a.wav
[2026-09-16 00:26:27] [converterTests] [INFO] Created MP3: audio_m4a.mp3
[2026-09-16 00:26:29] [converterTests] [INFO] Created FLAC: audio_m4a.flac
Test Case '-[converterTests.PipelineIntegrationTests testAudioConversionMatrixProducesVerifiedOutputs]' passed (30.763 seconds).
Test Case '-[converterTests.PipelineIntegrationTests testAudioPaddingUsesTheAudioStreamDurationWhenTheVideoOutlastsIt]' started.
[2026-09-16 00:26:30] [converterTests] [INFO] outlasting_video.mp4 carries a video track; the padded audio output keeps the audio only.
[2026-09-16 00:26:32] [converterTests] [INFO] Silence MP4 video encoders: hevc_videotoolbox, libx265
[2026-09-16 00:26:33] [converterTests] [INFO] Created silence-padded media: outlasting_video_silence_0_5s.mp4
Test Case '-[converterTests.PipelineIntegrationTests testAudioPaddingUsesTheAudioStreamDurationWhenTheVideoOutlastsIt]' passed (5.012 seconds).
Test Case '-[converterTests.PipelineIntegrationTests testAudioTranscodesIgnoreAttachedVideoStreams]' started.
[2026-09-16 00:26:37] [converterTests] [INFO] Created WAV: flac_artwork.wav
[2026-09-16 00:26:38] [converterTests] [INFO] Created WAV: mp3_artwork.wav
Test Case '-[converterTests.PipelineIntegrationTests testAudioTranscodesIgnoreAttachedVideoStreams]' passed (3.833 seconds).
Test Case '-[converterTests.PipelineIntegrationTests testBassBatchResolvesTheFilterSetOncePerRun]' started.
[2026-09-16 00:26:39] [converterTests] [INFO] Bass boost one.wav: frequency=80Hz gain=3dB
[2026-09-16 00:26:42] [converterTests] [INFO] Created bass-adjusted media: one_bass_80Hz_3dB.wav
[2026-09-16 00:26:42] [converterTests] [INFO] Bass boost two.wav: frequency=80Hz gain=3dB
[2026-09-16 00:26:44] [converterTests] [INFO] Created bass-adjusted media: two_bass_80Hz_3dB.wav
Test Case '-[converterTests.PipelineIntegrationTests testBassBatchResolvesTheFilterSetOncePerRun]' passed (5.969 seconds).
Test Case '-[converterTests.PipelineIntegrationTests testBassBoostProcessesAudioAndMP4Inputs]' started.
[2026-09-16 00:26:45] [converterTests] [INFO] Bass boost bass_flac.flac: frequency=80Hz gain=5dB
[2026-09-16 00:26:48] [converterTests] [INFO] Created bass-adjusted media: bass_flac_bass.flac
[2026-09-16 00:26:48] [converterTests] [INFO] Bass boost bass_m4a.m4a: frequency=80Hz gain=5dB
[2026-09-16 00:26:51] [converterTests] [INFO] Created bass-adjusted media: bass_m4a_bass.m4a
[2026-09-16 00:26:51] [converterTests] [INFO] Bass boost bass_mp3.mp3: frequency=80Hz gain=5dB
[2026-09-16 00:26:54] [converterTests] [INFO] Created bass-adjusted media: bass_mp3_bass.mp3
[2026-09-16 00:26:54] [converterTests] [INFO] Bass boost bass_video.mp4: frequency=80Hz gain=5dB
[2026-09-16 00:26:57] [converterTests] [INFO] Created bass-adjusted media: bass_video_bass.mp4
[2026-09-16 00:26:57] [converterTests] [INFO] Bass boost bass_wav.wav: frequency=80Hz gain=5dB
[2026-09-16 00:27:00] [converterTests] [INFO] Created bass-adjusted media: bass_wav_bass.wav
Test Case '-[converterTests.PipelineIntegrationTests testBassBoostProcessesAudioAndMP4Inputs]' passed (19.502 seconds).
Test Case '-[converterTests.PipelineIntegrationTests testBassBoostRefusesToPublishClippedOutput]' started.
[2026-09-16 00:27:04] [converterTests] [WARN] Duplicate config key 'AUDIO_QC_MAX_CLIPPED_SAMPLES' in /var/folders/bl/0_vgy5fd1t94djrp8z4pw9zm0000gn/T/converter-tests.C30FE0EC-253D-47AF-B1E7-1F4D30965BB3/config.txt; using the last value '0'
[2026-09-16 00:27:09] [converterTests] [INFO] Created bass-adjusted media: quiet_low_bass.wav
Test Case '-[converterTests.PipelineIntegrationTests testBassBoostRefusesToPublishClippedOutput]' passed (4.914 seconds).
Test Case '-[converterTests.PipelineIntegrationTests testBassNegativeGainReducesLowBandEnergy]' started.
[2026-09-16 00:27:12] [converterTests] [INFO] Created bass-adjusted media: bass_cut_source_bass_80Hz_m5dB.wav
Test Case '-[converterTests.PipelineIntegrationTests testBassNegativeGainReducesLowBandEnergy]' passed (3.264 seconds).
Test Case '-[converterTests.PipelineIntegrationTests testBassUsesSettingsSpecificSuffixForManualValues]' started.
Test Case '-[converterTests.PipelineIntegrationTests testBassUsesSettingsSpecificSuffixForManualValues]' passed (0.003 seconds).
Test Case '-[converterTests.PipelineIntegrationTests testBatchConversionActionsProduceTheirOutputs]' started.
[2026-09-16 00:27:12] [converterTests] [INFO] WAV -> FLAC: batch_wav.wav
[2026-09-16 00:27:14] [converterTests] [INFO] Created FLAC: batch_wav.flac
[2026-09-16 00:27:14] [converterTests] [INFO] FLAC -> WAV: batch_flac.flac
[2026-09-16 00:27:15] [converterTests] [INFO] Created WAV: batch_flac.wav
[2026-09-16 00:27:15] [converterTests] [INFO] FLAC -> WAV: batch_wav.flac
[2026-09-16 00:27:15] [converterTests] [INFO] Rebuilding batch_wav.wav: its source batch_wav.flac is newer than the existing output.
[2026-09-16 00:27:16] [converterTests] [INFO] Created WAV: batch_wav.wav
[2026-09-16 00:27:16] [converterTests] [INFO] WAV -> M4A: batch_flac.wav
[2026-09-16 00:27:19] [converterTests] [INFO] Created M4A: batch_flac.m4a
[2026-09-16 00:27:19] [converterTests] [INFO] WAV -> M4A: batch_wav.wav
[2026-09-16 00:27:23] [converterTests] [INFO] Created M4A: batch_wav.m4a
[2026-09-16 00:27:23] [converterTests] [INFO] M4A -> MP3: batch_flac.m4a
[2026-09-16 00:27:26] [converterTests] [INFO] Created MP3: batch_flac.mp3
[2026-09-16 00:27:26] [converterTests] [INFO] M4A -> MP3: batch_m4a.m4a
[2026-09-16 00:27:29] [converterTests] [INFO] Created MP3: batch_m4a.mp3
[2026-09-16 00:27:29] [converterTests] [INFO] M4A -> MP3: batch_wav.m4a
[2026-09-16 00:27:32] [converterTests] [INFO] Created MP3: batch_wav.mp3
[2026-09-16 00:27:32] [converterTests] [INFO] JPG -> PNG: batch_art.jpg
[2026-09-16 00:27:33] [converterTests] [INFO] Created PNG: batch_art.png
[2026-09-16 00:27:33] [converterTests] [INFO] PNG -> JPG: batch_art.png
[2026-09-16 00:27:33] [converterTests] [INFO] Skip existing JPG image: batch_art.jpg
[2026-09-16 00:27:33] [converterTests] [INFO] Loudscan progress starts now. Each file prints the current four-line loudness report.
[2026-09-16 00:27:33] [converterTests] [INFO] Loudscan 1/11 measuring: batch_flac.flac
[2026-09-16 00:27:33] [converterTests] [INFO] Loudscan 1/11 files processed: batch_flac.flac
Average loudness: -21.75 LUFS across 1 files
Lowest loudness: -21.75 LUFS (batch_flac.flac)
Highest loudness: -21.75 LUFS (batch_flac.flac)
Top 3 loudest average: -21.75 LUFS
[2026-09-16 00:27:33] [converterTests] [INFO] Loudscan 2/11 measuring: batch_flac.m4a
[2026-09-16 00:27:34] [converterTests] [INFO] Loudscan 2/11 files processed: batch_flac.m4a
Average loudness: -21.75 LUFS across 2 files
Lowest loudness: -21.75 LUFS (batch_flac.flac)
Highest loudness: -21.75 LUFS (batch_flac.flac)
Top 3 loudest average: -21.75 LUFS
[2026-09-16 00:27:34] [converterTests] [INFO] Loudscan 3/11 measuring: batch_flac.mp3
Average loudness: -21.75 LUFS across 3 files
Lowest loudness: -21.75 LUFS (batch_flac.flac)
Highest loudness: -21.75 LUFS (batch_flac.flac)
Top 3 loudest average: -21.75 LUFS
[2026-09-16 00:27:34] [converterTests] [INFO] Loudscan 3/11 files processed: batch_flac.mp3
[2026-09-16 00:27:34] [converterTests] [INFO] Loudscan 4/11 measuring: batch_flac.wav
[2026-09-16 00:27:35] [converterTests] [INFO] Loudscan 4/11 files processed: batch_flac.wav
Average loudness: -21.75 LUFS across 4 files
Lowest loudness: -21.75 LUFS (batch_flac.flac)
Highest loudness: -21.75 LUFS (batch_flac.flac)
Top 3 loudest average: -21.75 LUFS
[2026-09-16 00:27:35] [converterTests] [INFO] Loudscan 5/11 measuring: batch_m4a.m4a
Average loudness: -21.76 LUFS across 5 files
Lowest loudness: -21.79 LUFS (batch_m4a.m4a)
Highest loudness: -21.75 LUFS (batch_flac.flac)
Top 3 loudest average: -21.75 LUFS
[2026-09-16 00:27:36] [converterTests] [INFO] Loudscan 5/11 files processed: batch_m4a.m4a
[2026-09-16 00:27:36] [converterTests] [INFO] Loudscan 6/11 measuring: batch_m4a.mp3
Average loudness: -21.76 LUFS across 6 files
Lowest loudness: -21.79 LUFS (batch_m4a.m4a)
Highest loudness: -21.75 LUFS (batch_flac.flac)
Top 3 loudest average: -21.75 LUFS
[2026-09-16 00:27:36] [converterTests] [INFO] Loudscan 6/11 files processed: batch_m4a.mp3
[2026-09-16 00:27:36] [converterTests] [INFO] Loudscan 7/11 measuring: batch_mp3.mp3
[2026-09-16 00:27:37] [converterTests] [INFO] Loudscan 7/11 files processed: batch_mp3.mp3
[2026-09-16 00:27:37] [converterTests] [INFO] Loudscan 8/11 measuring: batch_wav.flac
Average loudness: -21.80 LUFS across 7 files
Lowest loudness: -22.05 LUFS (batch_mp3.mp3)
Highest loudness: -21.75 LUFS (batch_flac.flac)
Top 3 loudest average: -21.75 LUFS
Average loudness: -21.80 LUFS across 8 files
Lowest loudness: -22.05 LUFS (batch_mp3.mp3)
Highest loudness: -21.75 LUFS (batch_flac.flac)
Top 3 loudest average: -21.75 LUFS
[2026-09-16 00:27:37] [converterTests] [INFO] Loudscan 8/11 files processed: batch_wav.flac
[2026-09-16 00:27:37] [converterTests] [INFO] Loudscan 9/11 measuring: batch_wav.m4a
Average loudness: -21.79 LUFS across 9 files
Lowest loudness: -22.05 LUFS (batch_mp3.mp3)
Highest loudness: -21.75 LUFS (batch_flac.flac)
Top 3 loudest average: -21.75 LUFS
[2026-09-16 00:27:38] [converterTests] [INFO] Loudscan 9/11 files processed: batch_wav.m4a
[2026-09-16 00:27:38] [converterTests] [INFO] Loudscan 10/11 measuring: batch_wav.mp3
Average loudness: -21.79 LUFS across 10 files
Lowest loudness: -22.05 LUFS (batch_mp3.mp3)
Highest loudness: -21.75 LUFS (batch_flac.flac)
Top 3 loudest average: -21.75 LUFS
[2026-09-16 00:27:38] [converterTests] [INFO] Loudscan 10/11 files processed: batch_wav.mp3
[2026-09-16 00:27:38] [converterTests] [INFO] Loudscan 11/11 measuring: batch_wav.wav
[2026-09-16 00:27:39] [converterTests] [INFO] Loudscan 11/11 files processed: batch_wav.wav
Average loudness: -21.78 LUFS across 11 files
Lowest loudness: -22.05 LUFS (batch_mp3.mp3)
Highest loudness: -21.75 LUFS (batch_flac.flac)
Top 3 loudest average: -21.75 LUFS
Test Case '-[converterTests.PipelineIntegrationTests testBatchConversionActionsProduceTheirOutputs]' passed (26.762 seconds).
Test Case '-[converterTests.PipelineIntegrationTests testBW64SizeEstimateCoversBothPassesAndTheSpaceGuardFires]' started.
Test Case '-[converterTests.PipelineIntegrationTests testBW64SizeEstimateCoversBothPassesAndTheSpaceGuardFires]' passed (0.003 seconds).
Test Case '-[converterTests.PipelineIntegrationTests testBW64StructureRejectsDs64TextInsideBext]' started.
[2026-09-16 00:27:40] [converterTests] [INFO] Created external BW64 WAV: bw64_source_BW64.wav
Test Case '-[converterTests.PipelineIntegrationTests testBW64StructureRejectsDs64TextInsideBext]' passed (1.649 seconds).
Test Case '-[converterTests.PipelineIntegrationTests testBW64WriterRefusesTheSameInputAndOutputPath]' started.
Test Case '-[converterTests.PipelineIntegrationTests testBW64WriterRefusesTheSameInputAndOutputPath]' passed (0.066 seconds).
Test Case '-[converterTests.PipelineIntegrationTests testBW64WriterRejectsAChannelCountThatOverflowsTheBlockAlignment]' started.
Test Case '-[converterTests.PipelineIntegrationTests testBW64WriterRejectsAChannelCountThatOverflowsTheBlockAlignment]' passed (0.067 seconds).
Test Case '-[converterTests.PipelineIntegrationTests testBW64WriterReportsATruncatedOutput]' started.
Test Case '-[converterTests.PipelineIntegrationTests testBW64WriterReportsATruncatedOutput]' passed (1.183 seconds).
Test Case '-[converterTests.PipelineIntegrationTests testCanonicalPCMEquivalenceRejectsLengthAndChannelMismatch]' started.
Test Case '-[converterTests.PipelineIntegrationTests testCanonicalPCMEquivalenceRejectsLengthAndChannelMismatch]' passed (0.616 seconds).
Test Case '-[converterTests.PipelineIntegrationTests testCanonicalPCMVerifierRejectsMismatchedLosslessOutput]' started.
Test Case '-[converterTests.PipelineIntegrationTests testCanonicalPCMVerifierRejectsMismatchedLosslessOutput]' passed (0.266 seconds).
Test Case '-[converterTests.PipelineIntegrationTests testCleanupOrphansRemovesTempFileOnceOwningChildHasExited]' started.
Test Case '-[converterTests.PipelineIntegrationTests testCleanupOrphansRemovesTempFileOnceOwningChildHasExited]' passed (0.066 seconds).
Test Case '-[converterTests.PipelineIntegrationTests testCleanupOrphansRetainsTempFilesOfLiveProcessesAndUnparsableNames]' started.
Test Case '-[converterTests.PipelineIntegrationTests testCleanupOrphansRetainsTempFilesOfLiveProcessesAndUnparsableNames]' passed (0.067 seconds).
Test Case '-[converterTests.PipelineIntegrationTests testCleanupTempsRemovesRunScopedHiddenTempFiles]' started.
Test Case '-[converterTests.PipelineIntegrationTests testCleanupTempsRemovesRunScopedHiddenTempFiles]' passed (0.002 seconds).
Test Case '-[converterTests.PipelineIntegrationTests testClippedSampleCeilingIsRebasedInTheRenderDomain]' started.
[2026-09-16 00:27:43] [converterTests] [WARN] Duplicate config key 'AUDIO_QC_MAX_CLIPPED_SAMPLES' in /var/folders/bl/0_vgy5fd1t94djrp8z4pw9zm0000gn/T/converter-tests.38DAF169-3901-4C34-BF20-6F26B5704E18/config.txt; using the last value '0'
[2026-09-16 00:27:45] [converterTests] [INFO] Source already exceeds delivery QC on: true peak 0.02 dBTP (limit 0.00); clipped samples 25280 (limit 0); integrated loudness 0.65 LUFS (maximum 0.00). Verifying the render does not worsen these, rather than altering the audio.
Test Case '-[converterTests.PipelineIntegrationTests testClippedSampleCeilingIsRebasedInTheRenderDomain]' passed (2.033 seconds).
Test Case '-[converterTests.PipelineIntegrationTests testDerivedImageNamingOnlyReplacesTrailing8KMarker]' started.
[2026-09-16 00:27:45] [converterTests] [INFO] Created 3K PNG: mix_8K_take_3K.png
[2026-09-16 00:27:46] [converterTests] [INFO] Created NFT set: mix_8K_take
Test Case '-[converterTests.PipelineIntegrationTests testDerivedImageNamingOnlyReplacesTrailing8KMarker]' passed (1.055 seconds).
Test Case '-[converterTests.PipelineIntegrationTests testDoctorPassesOnHealthyWorkspace]' started.
[2026-09-16 00:27:46] [converterTests] [INFO] Profile: youtube_master
[2026-09-16 00:27:46] [converterTests] [INFO] Scheduler profile: total=3 image=2 audio=2 video=1
[2026-09-16 00:27:46] [converterTests] [INFO] Doctor start
[2026-09-16 00:27:46] [converterTests] [INFO] Doctor tool ok: awk
[2026-09-16 00:27:46] [converterTests] [INFO] Doctor tool ok: sed
[2026-09-16 00:27:46] [converterTests] [INFO] Doctor tool ok: ffmpeg
[2026-09-16 00:27:46] [converterTests] [INFO] Doctor tool ok: ffprobe
[2026-09-16 00:27:46] [converterTests] [INFO] Doctor tool ok: magick
[2026-09-16 00:27:46] [converterTests] [INFO] Doctor filter ok: loudnorm
[2026-09-16 00:27:46] [converterTests] [INFO] Doctor filter ok: astats
[2026-09-16 00:27:46] [converterTests] [INFO] Doctor filter ok: volumedetect
[2026-09-16 00:27:46] [converterTests] [INFO] Doctor filter ok: setparams
[2026-09-16 00:27:46] [converterTests] [INFO] Doctor filter ok: bass
[2026-09-16 00:27:46] [converterTests] [INFO] Doctor main video encoders: hevc_videotoolbox, libx265
[2026-09-16 00:27:46] [converterTests] [INFO] Doctor short video encoders: libx264, h264_videotoolbox
[2026-09-16 00:27:46] [converterTests] [INFO] Doctor encoder ok: alac
[2026-09-16 00:27:46] [converterTests] [INFO] Doctor free space: 88116334592 bytes
[2026-09-16 00:27:46] [converterTests] [INFO] Doctor source image ok: poster.png
[2026-09-16 00:27:47] [converterTests] [INFO] Doctor source audio ok: song.mp3
[2026-09-16 00:27:47] [converterTests] [INFO] Doctor complete
Test Case '-[converterTests.PipelineIntegrationTests testDoctorPassesOnHealthyWorkspace]' passed (0.693 seconds).
Test Case '-[converterTests.PipelineIntegrationTests testDoctorReportsACorruptSourceAudio]' started.
[2026-09-16 00:27:47] [converterTests] [INFO] Profile: youtube_master
[2026-09-16 00:27:47] [converterTests] [INFO] Scheduler profile: total=3 image=2 audio=2 video=1
[2026-09-16 00:27:47] [converterTests] [INFO] Doctor start
[2026-09-16 00:27:47] [converterTests] [INFO] Doctor tool ok: awk
[2026-09-16 00:27:47] [converterTests] [INFO] Doctor tool ok: sed
[2026-09-16 00:27:47] [converterTests] [INFO] Doctor tool ok: ffmpeg
[2026-09-16 00:27:47] [converterTests] [INFO] Doctor tool ok: ffprobe
[2026-09-16 00:27:47] [converterTests] [INFO] Doctor tool ok: magick
[2026-09-16 00:27:47] [converterTests] [INFO] Doctor filter ok: loudnorm
[2026-09-16 00:27:47] [converterTests] [INFO] Doctor filter ok: astats
[2026-09-16 00:27:47] [converterTests] [INFO] Doctor filter ok: volumedetect
[2026-09-16 00:27:47] [converterTests] [INFO] Doctor filter ok: setparams
[2026-09-16 00:27:47] [converterTests] [INFO] Doctor filter ok: bass
[2026-09-16 00:27:47] [converterTests] [INFO] Doctor main video encoders: hevc_videotoolbox, libx265
[2026-09-16 00:27:47] [converterTests] [INFO] Doctor short video encoders: libx264, h264_videotoolbox
[2026-09-16 00:27:47] [converterTests] [INFO] Doctor encoder ok: alac
[2026-09-16 00:27:47] [converterTests] [INFO] Doctor free space: 88116363264 bytes
Test Case '-[converterTests.PipelineIntegrationTests testDoctorReportsACorruptSourceAudio]' passed (0.156 seconds).
Test Case '-[converterTests.PipelineIntegrationTests testDoctorReportsACorruptSourceImage]' started.
[2026-09-16 00:27:47] [converterTests] [INFO] Profile: youtube_master
[2026-09-16 00:27:47] [converterTests] [INFO] Scheduler profile: total=3 image=2 audio=2 video=1
[2026-09-16 00:27:47] [converterTests] [INFO] Doctor start
[2026-09-16 00:27:47] [converterTests] [INFO] Doctor tool ok: awk
[2026-09-16 00:27:47] [converterTests] [INFO] Doctor tool ok: sed
[2026-09-16 00:27:47] [converterTests] [INFO] Doctor tool ok: ffmpeg
[2026-09-16 00:27:47] [converterTests] [INFO] Doctor tool ok: ffprobe
[2026-09-16 00:27:47] [converterTests] [INFO] Doctor tool ok: magick
[2026-09-16 00:27:47] [converterTests] [INFO] Doctor filter ok: loudnorm
[2026-09-16 00:27:47] [converterTests] [INFO] Doctor filter ok: astats
[2026-09-16 00:27:47] [converterTests] [INFO] Doctor filter ok: volumedetect
[2026-09-16 00:27:47] [converterTests] [INFO] Doctor filter ok: setparams
[2026-09-16 00:27:47] [converterTests] [INFO] Doctor filter ok: bass
[2026-09-16 00:27:47] [converterTests] [INFO] Doctor main video encoders: hevc_videotoolbox, libx265
[2026-09-16 00:27:47] [converterTests] [INFO] Doctor short video encoders: libx264, h264_videotoolbox
[2026-09-16 00:27:47] [converterTests] [INFO] Doctor encoder ok: alac
[2026-09-16 00:27:47] [converterTests] [INFO] Doctor free space: 88116293632 bytes
Test Case '-[converterTests.PipelineIntegrationTests testDoctorReportsACorruptSourceImage]' passed (0.293 seconds).
Test Case '-[converterTests.PipelineIntegrationTests testDoctorReportsAMissingInputDirectory]' started.
[2026-09-16 00:27:47] [converterTests] [INFO] Profile: youtube_master
[2026-09-16 00:27:47] [converterTests] [INFO] Scheduler profile: total=3 image=2 audio=2 video=1
[2026-09-16 00:27:47] [converterTests] [INFO] Doctor start
Test Case '-[converterTests.PipelineIntegrationTests testDoctorReportsAMissingInputDirectory]' passed (0.002 seconds).
Test Case '-[converterTests.PipelineIntegrationTests testExistingExternalFLACIsRebuiltWhenCanonicalPCMDoesNotMatchSource]' started.
[2026-09-16 00:27:49] [converterTests] [INFO] Created external FLAC: archive_source_RF64.flac
Test Case '-[converterTests.PipelineIntegrationTests testExistingExternalFLACIsRebuiltWhenCanonicalPCMDoesNotMatchSource]' passed (3.048 seconds).
Test Case '-[converterTests.PipelineIntegrationTests testExternalFLACVariantStreamCopiesAudioOnlyFromFLACWithArtwork]' started.
[2026-09-16 00:27:52] [converterTests] [INFO] Created external FLAC: external_flac_artwork_RF64.flac
Test Case '-[converterTests.PipelineIntegrationTests testExternalFLACVariantStreamCopiesAudioOnlyFromFLACWithArtwork]' passed (2.217 seconds).
Test Case '-[converterTests.PipelineIntegrationTests testExternalWAVStructureFindsBextChunkBeyond64KiB]' started.
Test Case '-[converterTests.PipelineIntegrationTests testExternalWAVStructureFindsBextChunkBeyond64KiB]' passed (0.616 seconds).
Test Case '-[converterTests.PipelineIntegrationTests testExternalWAVStructureIgnoresBextTextInsideListInfo]' started.
Test Case '-[converterTests.PipelineIntegrationTests testExternalWAVStructureIgnoresBextTextInsideListInfo]' passed (1.200 seconds).
Test Case '-[converterTests.PipelineIntegrationTests testFadeCutProcessesMP3WAVAndFLACWithShortenedDuration]' started.
[2026-09-16 00:27:54] [converterTests] [INFO] Fadecut cut_flac.flac: cut=0.500 fade=0.750
[2026-09-16 00:27:57] [converterTests] [INFO] Created fadecut audio: cut_flac_fadecut_0.5s_0.75s.flac
[2026-09-16 00:27:57] [converterTests] [INFO] Fadecut cut_mp3.mp3: cut=0.500 fade=0.750
[2026-09-16 00:28:00] [converterTests] [INFO] Created fadecut audio: cut_mp3_fadecut_0.5s_0.75s.mp3
[2026-09-16 00:28:00] [converterTests] [INFO] Fadecut cut_wav.wav: cut=0.500 fade=0.750
[2026-09-16 00:28:02] [converterTests] [INFO] Created fadecut audio: cut_wav_fadecut_0.5s_0.75s.wav
Test Case '-[converterTests.PipelineIntegrationTests testFadeCutProcessesMP3WAVAndFLACWithShortenedDuration]' passed (10.435 seconds).
Test Case '-[converterTests.PipelineIntegrationTests testFadeCutRejectsCutThatRemovesEntireSource]' started.
[2026-09-16 00:28:05] [converterTests] [INFO] Fadecut too_short.wav: cut=2 fade=0.500
[2026-09-16 00:28:05] [converterTests] [ERROR] Fadecut would remove the entire audio file: cut=2.0s duration=1.0s for too_short.wav
Test Case '-[converterTests.PipelineIntegrationTests testFadeCutRejectsCutThatRemovesEntireSource]' passed (0.415 seconds).
Test Case '-[converterTests.PipelineIntegrationTests testFadeOutDoesNotEnforceDeliveryQCPolicy]' started.
[2026-09-16 00:28:05] [converterTests] [WARN] Duplicate config key 'AUDIO_QC_MAX_TRUE_PEAK_DBTP' in /var/folders/bl/0_vgy5fd1t94djrp8z4pw9zm0000gn/T/converter-tests.31F3FDFE-C1E5-4ACF-9F4B-EA7E7AB7DF30/config.txt; using the last value '-1'
[2026-09-16 00:28:05] [converterTests] [INFO] Fadeout hot_fade_song.mp3: start=1.500 duration=0.750
[2026-09-16 00:28:08] [converterTests] [INFO] Created faded audio: hot_fade_song_fadeout_1.5s_0.75s.mp3
Test Case '-[converterTests.PipelineIntegrationTests testFadeOutDoesNotEnforceDeliveryQCPolicy]' passed (3.584 seconds).
Test Case '-[converterTests.PipelineIntegrationTests testFadeOutProducesTruncatedSameFormatAudioOutput]' started.
[2026-09-16 00:28:09] [converterTests] [INFO] Fadeout fade_song.mp3: start=1.500 duration=0.750
[2026-09-16 00:28:11] [converterTests] [INFO] Created faded audio: fade_song_fadeout_1.5s_0.75s.mp3
Test Case '-[converterTests.PipelineIntegrationTests testFadeOutProducesTruncatedSameFormatAudioOutput]' passed (3.579 seconds).
Test Case '-[converterTests.PipelineIntegrationTests testFadeOutRejectsRangeBeyondSourceDuration]' started.
[2026-09-16 00:28:12] [converterTests] [INFO] Fadeout short_song.wav: start=1 duration=1
[2026-09-16 00:28:13] [converterTests] [ERROR] Fade end 2.0s exceeds source duration 1.2s for short_song.wav
Test Case '-[converterTests.PipelineIntegrationTests testFadeOutRejectsRangeBeyondSourceDuration]' passed (0.404 seconds).
Test Case '-[converterTests.PipelineIntegrationTests testFittedPortraitStillOnlySharpensRawArtwork]' started.
Test Case '-[converterTests.PipelineIntegrationTests testFittedPortraitStillOnlySharpensRawArtwork]' passed (0.002 seconds).
Test Case '-[converterTests.PipelineIntegrationTests testFLACHashRenamesToCRC32Filename]' started.
[2026-09-16 00:28:13] [converterTests] [INFO] Hash FLAC filenames
[2026-09-16 00:28:13] [converterTests] [INFO] Renamed flac: hash_source.flac -> 5CDF3EE5.flac
Test Case '-[converterTests.PipelineIntegrationTests testFLACHashRenamesToCRC32Filename]' passed (0.615 seconds).
Test Case '-[converterTests.PipelineIntegrationTests testFullAudioPreparationPreservesMP3SourceLoudnessEvenIfMasteringConfigIsEnabled]' started.
[2026-09-16 00:28:13] [converterTests] [WARN] Duplicate config key 'MASTERING_TARGET_LUFS' in /var/folders/bl/0_vgy5fd1t94djrp8z4pw9zm0000gn/T/converter-tests.936D7889-28D4-4718-95E6-CE33C4A516DB/config.txt; using the last value '-28'
[2026-09-16 00:28:14] [converterTests] [INFO] Created WAV: master_release.wav
[2026-09-16 00:28:14] [converterTests] [INFO] Full step: external RF64/BW64 audio deliverables
[2026-09-16 00:28:14] [converterTests] [INFO] Created external FLAC: master_release_RF64.flac
[2026-09-16 00:28:15] [converterTests] [INFO] Created external WAV: master_release_RF64.wav
[2026-09-16 00:28:15] [converterTests] [INFO] Created external BW64 WAV: master_release_BW64.wav
[2026-09-16 00:28:15] [converterTests] [INFO] Full step: MP3 source is not the delivery standard (MP3 bitrate below minimum (got=192000 min=300000): /var/folders/bl/0_vgy5fd1t94djrp8z4pw9zm0000gn/T/converter-tests.936D7889-28D4-4718-95E6-CE33C4A516DB/Output/master_me.mp3); encoding master_release.mp3
[2026-09-16 00:28:17] [converterTests] [INFO] Created MP3: master_release.mp3
[2026-09-16 00:28:17] [converterTests] [INFO] Created M4A: master_release.m4a
Test Case '-[converterTests.PipelineIntegrationTests testFullAudioPreparationPreservesMP3SourceLoudnessEvenIfMasteringConfigIsEnabled]' passed (4.615 seconds).
Test Case '-[converterTests.PipelineIntegrationTests testFullAudioPreparationPreservesOriginalWAVForExternalFLACVariants]' started.
[2026-09-16 00:28:18] [converterTests] [INFO] Full step: external RF64/BW64 audio deliverables
[2026-09-16 00:28:19] [converterTests] [INFO] Created WAV: wav_release.wav
[2026-09-16 00:28:19] [converterTests] [INFO] Created external FLAC: wav_release_RF64.flac
[2026-09-16 00:28:19] [converterTests] [INFO] Created external WAV: wav_release_RF64.wav
[2026-09-16 00:28:19] [converterTests] [INFO] Created external BW64 WAV: wav_release_BW64.wav
[2026-09-16 00:28:21] [converterTests] [INFO] Created MP3: wav_release.mp3
[2026-09-16 00:28:21] [converterTests] [INFO] Created M4A: wav_release.m4a
Test Case '-[converterTests.PipelineIntegrationTests testFullAudioPreparationPreservesOriginalWAVForExternalFLACVariants]' passed (3.284 seconds).
Test Case '-[converterTests.PipelineIntegrationTests testFullPipelineProducesExpectedOutputsAndLeavesNoScopedTemps]' started.
[2026-09-16 00:28:21] [converterTests] [INFO] Profile: youtube_master
[2026-09-16 00:28:21] [converterTests] [INFO] Scheduler profile: total=3 image=2 audio=2 video=1
[2026-09-16 00:28:21] [converterTests] [INFO] Full pipeline start
[2026-09-16 00:28:21] [converterTests] [INFO] Source audio renamed: track.mp3 -> 1_source.mp3
[2026-09-16 00:28:21] [converterTests] [INFO] Source audio: 1_source.mp3
[2026-09-16 00:28:21] [converterTests] [INFO] Full step: PNG variants
[2026-09-16 00:28:21] [converterTests] [INFO] Created 8K PNG: 1_8K.png
[2026-09-16 00:28:21] [converterTests] [INFO] Created 4K PNG: 1_4K.png
[2026-09-16 00:28:21] [converterTests] [INFO] Full step: 2K PNG
[2026-09-16 00:28:21] [converterTests] [INFO] Full step: NFT assets
[2026-09-16 00:28:21] [converterTests] [INFO] Created 2K PNG: 1_2K.png
[2026-09-16 00:28:21] [converterTests] [INFO] Full step: 8K JPG deliverables
[2026-09-16 00:28:22] [converterTests] [INFO] Created 1MB JPG: 1_8K_1MB.jpg
[2026-09-16 00:28:22] [converterTests] [INFO] Created 2MB JPG: 1_8K_2MB.jpg
[2026-09-16 00:28:22] [converterTests] [INFO] Created NFT set: 1
[2026-09-16 00:28:22] [converterTests] [INFO] Full step: 3K PNG
[2026-09-16 00:28:22] [converterTests] [INFO] Created 20MB JPG: 1_8K_20MB.jpg
[2026-09-16 00:28:22] [converterTests] [INFO] Created 3K PNG: 1_3K.png
[2026-09-16 00:28:22] [converterTests] [INFO] Full step: 3K JPG deliverables
[2026-09-16 00:28:22] [converterTests] [INFO] Created 1MB JPG: 1_3K_1MB.jpg
[2026-09-16 00:28:22] [converterTests] [INFO] Created 5MB JPG: 1_3K_5MB.jpg
[2026-09-16 00:28:22] [converterTests] [INFO] Created WAV: 1.wav
[2026-09-16 00:28:22] [converterTests] [INFO] Full step: external RF64/BW64 audio deliverables
[2026-09-16 00:28:22] [converterTests] [INFO] Created external FLAC: 1_RF64.flac
[2026-09-16 00:28:23] [converterTests] [INFO] Created external WAV: 1_RF64.wav
[2026-09-16 00:28:23] [converterTests] [INFO] Created external BW64 WAV: 1_BW64.wav
[2026-09-16 00:28:23] [converterTests] [INFO] Full step: MP3 source is not the delivery standard (MP3 bitrate below minimum (got=192000 min=300000): /private/var/folders/bl/0_vgy5fd1t94djrp8z4pw9zm0000gn/T/converter-tests.8A795654-F825-4BE9-B0DB-7D157F90B048/Output/1_source.mp3); encoding 1.mp3
[2026-09-16 00:28:25] [converterTests] [INFO] Created MP3: 1.mp3
[2026-09-16 00:28:25] [converterTests] [INFO] Created M4A: 1.m4a
[2026-09-16 00:28:25] [converterTests] [INFO] Full step: M4A -> MP4
[2026-09-16 00:28:25] [converterTests] [INFO] Main video encoders: hevc_videotoolbox, libx265
[2026-09-16 00:28:26] [converterTests] [INFO] Created MP4: 1_8K.mp4 [encoder=hevc_videotoolbox]
[2026-09-16 00:28:26] [converterTests] [INFO] Full step: portrait short stills
[2026-09-16 00:28:26] [converterTests] [INFO] Created portrait still: 1_Short_8K.png
[2026-09-16 00:28:26] [converterTests] [INFO] Created 1MB JPG: 1_Short_8K_1MB.jpg
[2026-09-16 00:28:26] [converterTests] [INFO] Created 2MB JPG: 1_Short_8K_2MB.jpg
[2026-09-16 00:28:26] [converterTests] [INFO] Created portrait still: 1_Short_CenterCut_8K.png
[2026-09-16 00:28:26] [converterTests] [INFO] Created 1MB JPG: 1_Short_CenterCut_8K_1MB.jpg
[2026-09-16 00:28:27] [converterTests] [INFO] Created 2MB JPG: 1_Short_CenterCut_8K_2MB.jpg
[2026-09-16 00:28:27] [converterTests] [INFO] Full step: PNG -> Short: 1_Short_8K.png
[2026-09-16 00:28:27] [converterTests] [INFO] Short video encoders: libx264, h264_videotoolbox
[2026-09-16 00:28:28] [converterTests] [INFO] Created portrait short MP4: 1_8K_Short.mp4 [encoder=libx264]
[2026-09-16 00:28:29] [converterTests] [INFO] Created portrait short MP4: 1_8K_Short_FullSong.mp4 [encoder=libx264]
[2026-09-16 00:28:30] [converterTests] [INFO] Created portrait short MP4 (centre cut): 1_8K_Short_CenterCut.mp4 [encoder=libx264]
[2026-09-16 00:28:31] [converterTests] [INFO] Created portrait short MP4 (centre cut): 1_8K_Short_FullSong_CenterCut.mp4 [encoder=libx264]
[2026-09-16 00:28:31] [converterTests] [INFO] Full pipeline complete
Test Case '-[converterTests.PipelineIntegrationTests testFullPipelineProducesExpectedOutputsAndLeavesNoScopedTemps]' passed (11.690 seconds).
Test Case '-[converterTests.PipelineIntegrationTests testFullPipelineProducesFullSongShortForLongSourceAudio]' started.
[2026-09-16 00:28:33] [converterTests] [WARN] Duplicate config key 'SHORT_MP4_CLIP_SECONDS' in /var/folders/bl/0_vgy5fd1t94djrp8z4pw9zm0000gn/T/converter-tests.9578BE83-A6CB-4920-9C13-7023BA70B040/config.txt; using the last value '58'
[2026-09-16 00:28:33] [converterTests] [INFO] Profile: youtube_master
[2026-09-16 00:28:33] [converterTests] [INFO] Scheduler profile: total=3 image=2 audio=2 video=1
[2026-09-16 00:28:33] [converterTests] [INFO] Full pipeline start
[2026-09-16 00:28:34] [converterTests] [INFO] Source audio renamed: track.mp3 -> 1_source.mp3
[2026-09-16 00:28:34] [converterTests] [INFO] Source audio: 1_source.mp3
[2026-09-16 00:28:34] [converterTests] [INFO] Full step: PNG variants
[2026-09-16 00:28:34] [converterTests] [INFO] Created 8K PNG: 1_8K.png
[2026-09-16 00:28:34] [converterTests] [INFO] Created 4K PNG: 1_4K.png
[2026-09-16 00:28:34] [converterTests] [INFO] Full step: 2K PNG
[2026-09-16 00:28:34] [converterTests] [INFO] Full step: NFT assets
[2026-09-16 00:28:34] [converterTests] [INFO] Created 2K PNG: 1_2K.png
[2026-09-16 00:28:34] [converterTests] [INFO] Full step: 3K PNG
[2026-09-16 00:28:34] [converterTests] [INFO] Created 3K PNG: 1_3K.png
[2026-09-16 00:28:34] [converterTests] [INFO] Full step: 3K JPG deliverables
[2026-09-16 00:28:34] [converterTests] [INFO] Created NFT set: 1
[2026-09-16 00:28:34] [converterTests] [INFO] Full step: 8K JPG deliverables
[2026-09-16 00:28:34] [converterTests] [INFO] Created 1MB JPG: 1_3K_1MB.jpg
[2026-09-16 00:28:34] [converterTests] [INFO] Created 5MB JPG: 1_3K_5MB.jpg
[2026-09-16 00:28:34] [converterTests] [INFO] Created 1MB JPG: 1_8K_1MB.jpg
[2026-09-16 00:28:34] [converterTests] [INFO] Created 2MB JPG: 1_8K_2MB.jpg
[2026-09-16 00:28:34] [converterTests] [INFO] Created 20MB JPG: 1_8K_20MB.jpg
[2026-09-16 00:28:35] [converterTests] [INFO] Created WAV: 1.wav
[2026-09-16 00:28:35] [converterTests] [INFO] Full step: external RF64/BW64 audio deliverables
[2026-09-16 00:28:36] [converterTests] [INFO] Created external FLAC: 1_RF64.flac
[2026-09-16 00:28:36] [converterTests] [INFO] Created external WAV: 1_RF64.wav
[2026-09-16 00:28:38] [converterTests] [INFO] Created external BW64 WAV: 1_BW64.wav
[2026-09-16 00:28:38] [converterTests] [INFO] Full step: MP3 source is not the delivery standard (MP3 bitrate below minimum (got=192000 min=300000): /private/var/folders/bl/0_vgy5fd1t94djrp8z4pw9zm0000gn/T/converter-tests.9578BE83-A6CB-4920-9C13-7023BA70B040/Output/1_source.mp3); encoding 1.mp3
[2026-09-16 00:28:48] [converterTests] [INFO] Created M4A: 1.m4a
[2026-09-16 00:28:49] [converterTests] [INFO] Created MP3: 1.mp3
[2026-09-16 00:28:49] [converterTests] [INFO] Full step: M4A -> MP4
[2026-09-16 00:28:53] [converterTests] [INFO] Main video encoders: hevc_videotoolbox, libx265
[2026-09-16 00:28:59] [converterTests] [INFO] Created MP4: 1_8K.mp4 [encoder=hevc_videotoolbox]
[2026-09-16 00:28:59] [converterTests] [INFO] Full step: portrait short stills
[2026-09-16 00:28:59] [converterTests] [INFO] Created portrait still: 1_Short_8K.png
[2026-09-16 00:28:59] [converterTests] [INFO] Created 1MB JPG: 1_Short_8K_1MB.jpg
[2026-09-16 00:28:59] [converterTests] [INFO] Created 2MB JPG: 1_Short_8K_2MB.jpg
[2026-09-16 00:28:59] [converterTests] [INFO] Created portrait still: 1_Short_CenterCut_8K.png
[2026-09-16 00:28:59] [converterTests] [INFO] Created 1MB JPG: 1_Short_CenterCut_8K_1MB.jpg
[2026-09-16 00:28:59] [converterTests] [INFO] Created 2MB JPG: 1_Short_CenterCut_8K_2MB.jpg
[2026-09-16 00:28:59] [converterTests] [INFO] Full step: PNG -> Short: 1_Short_8K.png
[2026-09-16 00:29:02] [converterTests] [INFO] Short video encoders: libx264, h264_videotoolbox
[2026-09-16 00:29:08] [converterTests] [INFO] Created portrait short MP4: 1_8K_Short.mp4 [encoder=libx264]
[2026-09-16 00:29:18] [converterTests] [INFO] Created portrait short MP4: 1_8K_Short_FullSong.mp4 [encoder=libx264]
[2026-09-16 00:29:22] [converterTests] [INFO] Created portrait short MP4 (centre cut): 1_8K_Short_CenterCut.mp4 [encoder=libx264]
[2026-09-16 00:29:28] [converterTests] [INFO] Created portrait short MP4 (centre cut): 1_8K_Short_FullSong_CenterCut.mp4 [encoder=libx264]
[2026-09-16 00:29:28] [converterTests] [INFO] Full pipeline complete
Test Case '-[converterTests.PipelineIntegrationTests testFullPipelineProducesFullSongShortForLongSourceAudio]' passed (65.024 seconds).
Test Case '-[converterTests.PipelineIntegrationTests testFullPipelineUsesNamedHorizontalAndVertical8KPNGs]' started.
[2026-09-16 00:29:38] [converterTests] [INFO] Profile: youtube_master
[2026-09-16 00:29:38] [converterTests] [INFO] Scheduler profile: total=3 image=2 audio=2 video=1
[2026-09-16 00:29:38] [converterTests] [INFO] Full pipeline start
[2026-09-16 00:29:38] [converterTests] [INFO] Source audio renamed: 463406_B_PH.flac -> 1_source.flac
[2026-09-16 00:29:38] [converterTests] [INFO] Source audio: 1_source.flac
[2026-09-16 00:29:38] [converterTests] [INFO] Full step: external RF64/BW64 audio deliverables
[2026-09-16 00:29:38] [converterTests] [INFO] Full step: use Horizontal_8K.png for main MP4
[2026-09-16 00:29:38] [converterTests] [INFO] Full step: use Vertical_8K.png for short MP4
[2026-09-16 00:29:38] [converterTests] [INFO] Full step: image deliverables from Horizontal_8K.png
[2026-09-16 00:29:38] [converterTests] [INFO] Full step: 4K PNG
[2026-09-16 00:29:38] [converterTests] [INFO] Created 4K PNG: 1_4K.png
[2026-09-16 00:29:38] [converterTests] [INFO] Full step: NFT assets
[2026-09-16 00:29:38] [converterTests] [INFO] Created NFT set: 1
[2026-09-16 00:29:38] [converterTests] [INFO] Full step: 2K PNG
[2026-09-16 00:29:38] [converterTests] [INFO] Created 2K PNG: 1_2K.png
[2026-09-16 00:29:38] [converterTests] [INFO] Full step: 3K PNG
[2026-09-16 00:29:38] [converterTests] [INFO] Created 3K PNG: 1_3K.png
[2026-09-16 00:29:38] [converterTests] [INFO] Full step: 3K JPG deliverables
[2026-09-16 00:29:38] [converterTests] [INFO] Created 1MB JPG: 1_3K_1MB.jpg
[2026-09-16 00:29:38] [converterTests] [INFO] Created 5MB JPG: 1_3K_5MB.jpg
[2026-09-16 00:29:38] [converterTests] [INFO] Full step: 8K JPG deliverables
[2026-09-16 00:29:38] [converterTests] [INFO] Created 1MB JPG: 1_8K_1MB.jpg
[2026-09-16 00:29:38] [converterTests] [INFO] Created 2MB JPG: 1_8K_2MB.jpg
[2026-09-16 00:29:38] [converterTests] [INFO] Created 20MB JPG: 1_8K_20MB.jpg
[2026-09-16 00:29:39] [converterTests] [INFO] Created WAV: 1.wav
[2026-09-16 00:29:39] [converterTests] [INFO] Created external FLAC: 1_RF64.flac
[2026-09-16 00:29:39] [converterTests] [INFO] Created external WAV: 1_RF64.wav
[2026-09-16 00:29:39] [converterTests] [INFO] Created external BW64 WAV: 1_BW64.wav
[2026-09-16 00:29:41] [converterTests] [INFO] Created MP3: 1.mp3
[2026-09-16 00:29:41] [converterTests] [INFO] Created M4A: 1.m4a
[2026-09-16 00:29:41] [converterTests] [INFO] Full step: M4A -> MP4
[2026-09-16 00:29:41] [converterTests] [INFO] Main video encoders: hevc_videotoolbox, libx265
[2026-09-16 00:29:42] [converterTests] [INFO] Created MP4: 1_8K.mp4 [encoder=hevc_videotoolbox]
[2026-09-16 00:29:42] [converterTests] [INFO] Full step: portrait short stills
[2026-09-16 00:29:42] [converterTests] [INFO] Created portrait still: 1_Short_8K.png
[2026-09-16 00:29:42] [converterTests] [INFO] Created 1MB JPG: 1_Short_8K_1MB.jpg
[2026-09-16 00:29:42] [converterTests] [INFO] Created 2MB JPG: 1_Short_8K_2MB.jpg
[2026-09-16 00:29:42] [converterTests] [INFO] Created portrait still: 1_Short_CenterCut_8K.png
[2026-09-16 00:29:43] [converterTests] [INFO] Created 1MB JPG: 1_Short_CenterCut_8K_1MB.jpg
[2026-09-16 00:29:43] [converterTests] [INFO] Created 2MB JPG: 1_Short_CenterCut_8K_2MB.jpg
[2026-09-16 00:29:43] [converterTests] [INFO] Full step: PNG -> Short: 1_Short_8K.png
[2026-09-16 00:29:43] [converterTests] [INFO] Short video encoders: libx264, h264_videotoolbox
[2026-09-16 00:29:44] [converterTests] [INFO] Created portrait short MP4: 1_8K_Short.mp4 [encoder=libx264]
[2026-09-16 00:29:45] [converterTests] [INFO] Created portrait short MP4: 1_8K_Short_FullSong.mp4 [encoder=libx264]
[2026-09-16 00:29:46] [converterTests] [INFO] Created portrait short MP4 (centre cut): 1_8K_Short_CenterCut.mp4 [encoder=libx264]
[2026-09-16 00:29:46] [converterTests] [INFO] Created portrait short MP4 (centre cut): 1_8K_Short_FullSong_CenterCut.mp4 [encoder=libx264]
[2026-09-16 00:29:46] [converterTests] [INFO] Full pipeline complete
Test Case '-[converterTests.PipelineIntegrationTests testFullPipelineUsesNamedHorizontalAndVertical8KPNGs]' passed (9.453 seconds).
Test Case '-[converterTests.PipelineIntegrationTests testFullRunClassifiesEXIFRotatedJPEGByDisplayedOrientation]' started.
Test Case '-[converterTests.PipelineIntegrationTests testFullRunClassifiesEXIFRotatedJPEGByDisplayedOrientation]' passed (0.309 seconds).
Test Case '-[converterTests.PipelineIntegrationTests testFullRunCopiesAStandardMP3WithCoverArtInsteadOfReencodingIt]' started.
[2026-09-16 00:29:49] [converterTests] [INFO] Copied standard MP3: copied.mp3
Test Case '-[converterTests.PipelineIntegrationTests testFullRunCopiesAStandardMP3WithCoverArtInsteadOfReencodingIt]' passed (1.377 seconds).
Test Case '-[converterTests.PipelineIntegrationTests testFullRunNeverOverwritesItsMP3Source]' started.
[2026-09-16 00:29:49] [converterTests] [INFO] Profile: youtube_master
[2026-09-16 00:29:49] [converterTests] [INFO] Scheduler profile: total=3 image=2 audio=2 video=1
[2026-09-16 00:29:49] [converterTests] [INFO] Full pipeline start
[2026-09-16 00:29:49] [converterTests] [INFO] Source audio renamed: track.mp3 -> 1_source.mp3
[2026-09-16 00:29:49] [converterTests] [INFO] Source audio: 1_source.mp3
[2026-09-16 00:29:49] [converterTests] [INFO] Full step: PNG variants
[2026-09-16 00:29:49] [converterTests] [INFO] Created 8K PNG: 1_8K.png
[2026-09-16 00:29:49] [converterTests] [INFO] Created 4K PNG: 1_4K.png
[2026-09-16 00:29:49] [converterTests] [INFO] Full step: NFT assets
[2026-09-16 00:29:49] [converterTests] [INFO] Full step: 2K PNG
[2026-09-16 00:29:49] [converterTests] [INFO] Created 2K PNG: 1_2K.png
[2026-09-16 00:29:49] [converterTests] [INFO] Full step: 3K PNG
[2026-09-16 00:29:49] [converterTests] [INFO] Created 3K PNG: 1_3K.png
[2026-09-16 00:29:49] [converterTests] [INFO] Full step: 3K JPG deliverables
[2026-09-16 00:29:49] [converterTests] [INFO] Created 1MB JPG: 1_3K_1MB.jpg
[2026-09-16 00:29:49] [converterTests] [INFO] Created NFT set: 1
[2026-09-16 00:29:49] [converterTests] [INFO] Full step: 8K JPG deliverables
[2026-09-16 00:29:49] [converterTests] [INFO] Created 5MB JPG: 1_3K_5MB.jpg
[2026-09-16 00:29:49] [converterTests] [INFO] Created 1MB JPG: 1_8K_1MB.jpg
[2026-09-16 00:29:49] [converterTests] [INFO] Created 2MB JPG: 1_8K_2MB.jpg
[2026-09-16 00:29:49] [converterTests] [INFO] Created 20MB JPG: 1_8K_20MB.jpg
[2026-09-16 00:29:50] [converterTests] [INFO] Created WAV: 1.wav
[2026-09-16 00:29:50] [converterTests] [INFO] Full step: external RF64/BW64 audio deliverables
[2026-09-16 00:29:50] [converterTests] [INFO] Created external FLAC: 1_RF64.flac
[2026-09-16 00:29:50] [converterTests] [INFO] Created external WAV: 1_RF64.wav
[2026-09-16 00:29:51] [converterTests] [INFO] Created external BW64 WAV: 1_BW64.wav
[2026-09-16 00:29:51] [converterTests] [INFO] Full step: MP3 source is not the delivery standard (Audio sample rate mismatch for /private/var/folders/bl/0_vgy5fd1t94djrp8z4pw9zm0000gn/T/converter-tests.295608F0-E052-4C25-8040-F90E9BEA6CBD/Output/1_source.mp3 (got=Optional(44100) expected=48000)); encoding 1.mp3
[2026-09-16 00:29:52] [converterTests] [INFO] Created MP3: 1.mp3
[2026-09-16 00:29:52] [converterTests] [INFO] Created M4A: 1.m4a
[2026-09-16 00:29:52] [converterTests] [INFO] Full step: M4A -> MP4
[2026-09-16 00:29:53] [converterTests] [INFO] Main video encoders: hevc_videotoolbox, libx265
[2026-09-16 00:29:54] [converterTests] [INFO] Created MP4: 1_8K.mp4 [encoder=hevc_videotoolbox]
[2026-09-16 00:29:54] [converterTests] [INFO] Full step: portrait short stills
[2026-09-16 00:29:54] [converterTests] [INFO] Created portrait still: 1_Short_8K.png
[2026-09-16 00:29:54] [converterTests] [INFO] Created 1MB JPG: 1_Short_8K_1MB.jpg
[2026-09-16 00:29:54] [converterTests] [INFO] Created 2MB JPG: 1_Short_8K_2MB.jpg
[2026-09-16 00:29:54] [converterTests] [INFO] Created portrait still: 1_Short_CenterCut_8K.png
[2026-09-16 00:29:54] [converterTests] [INFO] Created 1MB JPG: 1_Short_CenterCut_8K_1MB.jpg
[2026-09-16 00:29:54] [converterTests] [INFO] Created 2MB JPG: 1_Short_CenterCut_8K_2MB.jpg
[2026-09-16 00:29:54] [converterTests] [INFO] Full step: PNG -> Short: 1_Short_8K.png
[2026-09-16 00:29:55] [converterTests] [INFO] Short video encoders: libx264, h264_videotoolbox
[2026-09-16 00:29:55] [converterTests] [INFO] Created portrait short MP4: 1_8K_Short.mp4 [encoder=libx264]
[2026-09-16 00:29:56] [converterTests] [INFO] Created portrait short MP4: 1_8K_Short_FullSong.mp4 [encoder=libx264]
[2026-09-16 00:29:57] [converterTests] [INFO] Created portrait short MP4 (centre cut): 1_8K_Short_CenterCut.mp4 [encoder=libx264]
[2026-09-16 00:29:58] [converterTests] [INFO] Created portrait short MP4 (centre cut): 1_8K_Short_FullSong_CenterCut.mp4 [encoder=libx264]
[2026-09-16 00:29:58] [converterTests] [INFO] Full pipeline complete
Test Case '-[converterTests.PipelineIntegrationTests testFullRunNeverOverwritesItsMP3Source]' passed (9.357 seconds).
Test Case '-[converterTests.PipelineIntegrationTests testFullRunNeverOverwritesItsWAVSource]' started.
[2026-09-16 00:29:58] [converterTests] [INFO] Profile: youtube_master
[2026-09-16 00:29:58] [converterTests] [INFO] Scheduler profile: total=3 image=2 audio=2 video=1
[2026-09-16 00:29:58] [converterTests] [INFO] Full pipeline start
[2026-09-16 00:29:59] [converterTests] [INFO] Source audio renamed: track.wav -> 1_source.wav
[2026-09-16 00:29:59] [converterTests] [INFO] Source audio: 1_source.wav
[2026-09-16 00:29:59] [converterTests] [INFO] Full step: external RF64/BW64 audio deliverables
[2026-09-16 00:29:59] [converterTests] [INFO] Full step: PNG variants
[2026-09-16 00:29:59] [converterTests] [INFO] Created 8K PNG: 1_8K.png
[2026-09-16 00:29:59] [converterTests] [INFO] Created 4K PNG: 1_4K.png
[2026-09-16 00:29:59] [converterTests] [INFO] Full step: 2K PNG
[2026-09-16 00:29:59] [converterTests] [INFO] Created 2K PNG: 1_2K.png
[2026-09-16 00:29:59] [converterTests] [INFO] Full step: NFT assets
[2026-09-16 00:29:59] [converterTests] [INFO] Created NFT set: 1
[2026-09-16 00:29:59] [converterTests] [INFO] Full step: 3K PNG
[2026-09-16 00:29:59] [converterTests] [INFO] Created 3K PNG: 1_3K.png
[2026-09-16 00:29:59] [converterTests] [INFO] Full step: 3K JPG deliverables
[2026-09-16 00:29:59] [converterTests] [INFO] Created 1MB JPG: 1_3K_1MB.jpg
[2026-09-16 00:29:59] [converterTests] [INFO] Created 5MB JPG: 1_3K_5MB.jpg
[2026-09-16 00:29:59] [converterTests] [INFO] Full step: 8K JPG deliverables
[2026-09-16 00:29:59] [converterTests] [INFO] Created 1MB JPG: 1_8K_1MB.jpg
[2026-09-16 00:29:59] [converterTests] [INFO] Created 2MB JPG: 1_8K_2MB.jpg
[2026-09-16 00:29:59] [converterTests] [INFO] Created 20MB JPG: 1_8K_20MB.jpg
[2026-09-16 00:29:59] [converterTests] [INFO] Created external FLAC: 1_RF64.flac
[2026-09-16 00:29:59] [converterTests] [INFO] Created WAV: 1.wav
[2026-09-16 00:29:59] [converterTests] [INFO] Created external WAV: 1_RF64.wav
[2026-09-16 00:30:00] [converterTests] [INFO] Created external BW64 WAV: 1_BW64.wav
[2026-09-16 00:30:01] [converterTests] [INFO] Created MP3: 1.mp3
[2026-09-16 00:30:01] [converterTests] [INFO] Created M4A: 1.m4a
[2026-09-16 00:30:01] [converterTests] [INFO] Full step: M4A -> MP4
[2026-09-16 00:30:02] [converterTests] [INFO] Main video encoders: hevc_videotoolbox, libx265
[2026-09-16 00:30:03] [converterTests] [INFO] Created MP4: 1_8K.mp4 [encoder=hevc_videotoolbox]
[2026-09-16 00:30:03] [converterTests] [INFO] Full step: portrait short stills
[2026-09-16 00:30:03] [converterTests] [INFO] Created portrait still: 1_Short_8K.png
[2026-09-16 00:30:03] [converterTests] [INFO] Created 1MB JPG: 1_Short_8K_1MB.jpg
[2026-09-16 00:30:03] [converterTests] [INFO] Created 2MB JPG: 1_Short_8K_2MB.jpg
[2026-09-16 00:30:03] [converterTests] [INFO] Created portrait still: 1_Short_CenterCut_8K.png
[2026-09-16 00:30:03] [converterTests] [INFO] Created 1MB JPG: 1_Short_CenterCut_8K_1MB.jpg
[2026-09-16 00:30:03] [converterTests] [INFO] Created 2MB JPG: 1_Short_CenterCut_8K_2MB.jpg
[2026-09-16 00:30:03] [converterTests] [INFO] Full step: PNG -> Short: 1_Short_8K.png
[2026-09-16 00:30:04] [converterTests] [INFO] Short video encoders: libx264, h264_videotoolbox
[2026-09-16 00:30:04] [converterTests] [INFO] Created portrait short MP4: 1_8K_Short.mp4 [encoder=libx264]
[2026-09-16 00:30:05] [converterTests] [INFO] Created portrait short MP4: 1_8K_Short_FullSong.mp4 [encoder=libx264]
[2026-09-16 00:30:06] [converterTests] [INFO] Created portrait short MP4 (centre cut): 1_8K_Short_CenterCut.mp4 [encoder=libx264]
[2026-09-16 00:30:07] [converterTests] [INFO] Created portrait short MP4 (centre cut): 1_8K_Short_FullSong_CenterCut.mp4 [encoder=libx264]
[2026-09-16 00:30:07] [converterTests] [INFO] Full pipeline complete
Test Case '-[converterTests.PipelineIntegrationTests testFullRunNeverOverwritesItsWAVSource]' passed (8.774 seconds).
Test Case '-[converterTests.PipelineIntegrationTests testFullRunPreflightsTheSourceBeforeRenamingIt]' started.
[2026-09-16 00:30:07] [converterTests] [INFO] Full pipeline start
Test Case '-[converterTests.PipelineIntegrationTests testFullRunPreflightsTheSourceBeforeRenamingIt]' passed (0.032 seconds).
Test Case '-[converterTests.PipelineIntegrationTests testFullRunTreatsASquareSourceAsTheLandscapeImage]' started.
[2026-09-16 00:30:07] [converterTests] [WARN] Square source image 'artwork.png' is treated as the landscape master; it will be fitted into a 320x180 frame.
Test Case '-[converterTests.PipelineIntegrationTests testFullRunTreatsASquareSourceAsTheLandscapeImage]' passed (0.146 seconds).
Test Case '-[converterTests.PipelineIntegrationTests testImageBatchActionsSkipPortraitShortStills]' started.
[2026-09-16 00:30:07] [converterTests] [WARN] Duplicate config key 'IMAGE_8K_WIDTH' in /var/folders/bl/0_vgy5fd1t94djrp8z4pw9zm0000gn/T/converter-tests.2EEC4A45-4186-4A96-B01E-0D3E5D92767E/config.txt; using the last value '320'
[2026-09-16 00:30:07] [converterTests] [WARN] Duplicate config key 'IMAGE_8K_HEIGHT' in /var/folders/bl/0_vgy5fd1t94djrp8z4pw9zm0000gn/T/converter-tests.2EEC4A45-4186-4A96-B01E-0D3E5D92767E/config.txt; using the last value '180'
[2026-09-16 00:30:07] [converterTests] [INFO] PNG variants: art_Short_8K_reference.png
[2026-09-16 00:30:07] [converterTests] [INFO] Created 8K PNG: art_Short_8K_reference_8K.png
[2026-09-16 00:30:07] [converterTests] [INFO] Created 4K PNG: art_Short_8K_reference_4K.png
[2026-09-16 00:30:07] [converterTests] [WARN] Duplicate config key 'IMAGE_8K_WIDTH' in /var/folders/bl/0_vgy5fd1t94djrp8z4pw9zm0000gn/T/converter-tests.2EEC4A45-4186-4A96-B01E-0D3E5D92767E/config.txt; using the last value '320'
[2026-09-16 00:30:07] [converterTests] [WARN] Duplicate config key 'IMAGE_8K_HEIGHT' in /var/folders/bl/0_vgy5fd1t94djrp8z4pw9zm0000gn/T/converter-tests.2EEC4A45-4186-4A96-B01E-0D3E5D92767E/config.txt; using the last value '180'
[2026-09-16 00:30:07] [converterTests] [INFO] Run_pix image: art_Short_8K_reference_4K.png
[2026-09-16 00:30:07] [converterTests] [INFO] Full step: PNG variants
[2026-09-16 00:30:07] [converterTests] [INFO] Rebuilding art_Short_8K_reference_8K.png: its source art_Short_8K_reference_4K.png is newer than the existing output.
[2026-09-16 00:30:07] [converterTests] [INFO] Created 8K PNG: art_Short_8K_reference_8K.png
[2026-09-16 00:30:07] [converterTests] [ERROR] Refusing to write art_Short_8K_reference_4K.png over its own source /private/var/folders/bl/0_vgy5fd1t94djrp8z4pw9zm0000gn/T/converter-tests.2EEC4A45-4186-4A96-B01E-0D3E5D92767E/Output/art_Short_8K_reference_4K.png; the source must stay untouched.
[2026-09-16 00:30:07] [converterTests] [INFO] Run_pix image: art_Short_8K_reference_8K.png
[2026-09-16 00:30:07] [converterTests] [INFO] Full step: PNG variants
[2026-09-16 00:30:07] [converterTests] [ERROR] Refusing to write art_Short_8K_reference_8K.png over its own source /private/var/folders/bl/0_vgy5fd1t94djrp8z4pw9zm0000gn/T/converter-tests.2EEC4A45-4186-4A96-B01E-0D3E5D92767E/Output/art_Short_8K_reference_8K.png; the source must stay untouched.
[2026-09-16 00:30:07] [converterTests] [INFO] Run_pix image: art_Short_8K_reference.png
[2026-09-16 00:30:07] [converterTests] [INFO] Full step: PNG variants
[2026-09-16 00:30:07] [converterTests] [INFO] Skip existing 8K PNG: art_Short_8K_reference_8K.png
[2026-09-16 00:30:07] [converterTests] [INFO] Skip existing 4K PNG: art_Short_8K_reference_4K.png
[2026-09-16 00:30:07] [converterTests] [INFO] Full step: NFT assets
[2026-09-16 00:30:07] [converterTests] [INFO] Full step: 2K PNG
[2026-09-16 00:30:08] [converterTests] [INFO] Created 2K PNG: art_Short_8K_reference_2K.png
[2026-09-16 00:30:08] [converterTests] [INFO] Full step: 3K PNG
[2026-09-16 00:30:08] [converterTests] [INFO] Created 3K PNG: art_Short_8K_reference_3K.png
[2026-09-16 00:30:08] [converterTests] [INFO] Full step: 3K JPG deliverables
[2026-09-16 00:30:08] [converterTests] [INFO] Created NFT set: art_Short_8K_reference
[2026-09-16 00:30:08] [converterTests] [INFO] Full step: 8K JPG deliverables
[2026-09-16 00:30:08] [converterTests] [INFO] Created 1MB JPG: art_Short_8K_reference_3K_1MB.jpg
[2026-09-16 00:30:08] [converterTests] [INFO] Created 5MB JPG: art_Short_8K_reference_3K_5MB.jpg
[2026-09-16 00:30:08] [converterTests] [INFO] Created 1MB JPG: art_Short_8K_reference_8K_1MB.jpg
[2026-09-16 00:30:08] [converterTests] [INFO] Created 2MB JPG: art_Short_8K_reference_8K_2MB.jpg
[2026-09-16 00:30:08] [converterTests] [INFO] Created 20MB JPG: art_Short_8K_reference_8K_20MB.jpg
[2026-09-16 00:30:08] [converterTests] [WARN] Duplicate config key 'IMAGE_8K_WIDTH' in /var/folders/bl/0_vgy5fd1t94djrp8z4pw9zm0000gn/T/converter-tests.2EEC4A45-4186-4A96-B01E-0D3E5D92767E/config.txt; using the last value '320'
[2026-09-16 00:30:08] [converterTests] [WARN] Duplicate config key 'IMAGE_8K_HEIGHT' in /var/folders/bl/0_vgy5fd1t94djrp8z4pw9zm0000gn/T/converter-tests.2EEC4A45-4186-4A96-B01E-0D3E5D92767E/config.txt; using the last value '180'
[2026-09-16 00:30:08] [converterTests] [INFO] PNG -> JPG: art_Short_8K_reference_2K.png
[2026-09-16 00:30:08] [converterTests] [INFO] Created JPG image: art_Short_8K_reference_2K.jpg
[2026-09-16 00:30:08] [converterTests] [INFO] PNG -> JPG: art_Short_8K_reference_3K.png
[2026-09-16 00:30:08] [converterTests] [INFO] Created JPG image: art_Short_8K_reference_3K.jpg
[2026-09-16 00:30:08] [converterTests] [INFO] PNG -> JPG: art_Short_8K_reference_4K.png
[2026-09-16 00:30:08] [converterTests] [INFO] Created JPG image: art_Short_8K_reference_4K.jpg
[2026-09-16 00:30:08] [converterTests] [INFO] PNG -> JPG: art_Short_8K_reference_8K.png
[2026-09-16 00:30:08] [converterTests] [INFO] Created JPG image: art_Short_8K_reference_8K.jpg
[2026-09-16 00:30:08] [converterTests] [INFO] PNG -> JPG: art_Short_8K_reference_NFT2K.png
[2026-09-16 00:30:08] [converterTests] [INFO] Created JPG image: art_Short_8K_reference_NFT2K.jpg
[2026-09-16 00:30:08] [converterTests] [INFO] PNG -> JPG: art_Short_8K_reference_NFT3K.png
[2026-09-16 00:30:08] [converterTests] [INFO] Created JPG image: art_Short_8K_reference_NFT3K.jpg
[2026-09-16 00:30:08] [converterTests] [INFO] PNG -> JPG: art_Short_8K_reference_NFT8K.png
[2026-09-16 00:30:08] [converterTests] [INFO] Created JPG image: art_Short_8K_reference_NFT8K.jpg
[2026-09-16 00:30:08] [converterTests] [INFO] PNG -> JPG: art_Short_8K_reference.png
[2026-09-16 00:30:08] [converterTests] [INFO] Created JPG image: art_Short_8K_reference.jpg
Test Case '-[converterTests.PipelineIntegrationTests testImageBatchActionsSkipPortraitShortStills]' passed (0.621 seconds).
Test Case '-[converterTests.PipelineIntegrationTests testImageConversionsAndDerivativesProduceVerifiedOutputs]' started.
[2026-09-16 00:30:08] [converterTests] [INFO] Created PNG: cover.png
[2026-09-16 00:30:09] [converterTests] [INFO] Created PNG: scan.png
[2026-09-16 00:30:10] [converterTests] [INFO] Created JPG image: poster.jpg
[2026-09-16 00:30:10] [converterTests] [INFO] Created 8K PNG: poster_8K.png
[2026-09-16 00:30:10] [converterTests] [INFO] Created 4K PNG: poster_4K.png
[2026-09-16 00:30:11] [converterTests] [INFO] Created NFT set: poster
[2026-09-16 00:30:12] [converterTests] [INFO] Created 3K PNG: poster_3K.png
[2026-09-16 00:30:12] [converterTests] [INFO] Created 2K PNG: poster_2K.png
[2026-09-16 00:30:12] [converterTests] [INFO] Created 1MB JPG: poster_8K_1MB.jpg
Test Case '-[converterTests.PipelineIntegrationTests testImageConversionsAndDerivativesProduceVerifiedOutputs]' passed (4.590 seconds).
Test Case '-[converterTests.PipelineIntegrationTests testImageOutputsAreNormalizedToSRGB]' started.
[2026-09-16 00:30:13] [converterTests] [INFO] Created PNG: cmyk_source.png
Test Case '-[converterTests.PipelineIntegrationTests testImageOutputsAreNormalizedToSRGB]' passed (0.479 seconds).
Test Case '-[converterTests.PipelineIntegrationTests testImagePreflightDecodesEachFileVersionOnce]' started.
Test Case '-[converterTests.PipelineIntegrationTests testImagePreflightDecodesEachFileVersionOnce]' passed (0.916 seconds).
Test Case '-[converterTests.PipelineIntegrationTests testJPGToPNGIntermediateIsRunScopedAndCleanedUp]' started.
Test Case '-[converterTests.PipelineIntegrationTests testJPGToPNGIntermediateIsRunScopedAndCleanedUp]' passed (0.434 seconds).
Test Case '-[converterTests.PipelineIntegrationTests testLoudnessContinueOnErrorNormalizesRemainingFilesThenSummarizes]' started.
[2026-09-16 00:30:15] [converterTests] [INFO] Loudness normalize a.wav: integrated target=-12 LUFS
[2026-09-16 00:30:17] [converterTests] [INFO] Created loudness-normalized media: a_loudness_m12LUFS.wav [integrated=-12.05 LUFS gain=9.75 dB]
[2026-09-16 00:30:17] [converterTests] [INFO] Loudness normalize b.wav: integrated target=-12 LUFS
[2026-09-16 00:30:17] [converterTests] [ERROR] Loudness normalize failed for b.wav: WAV format mismatch for /private/var/folders/bl/0_vgy5fd1t94djrp8z4pw9zm0000gn/T/converter-tests.D7E72820-3414-4845-B003-73D1B078F60B/Output/b.wav (got='' expected='WAVE')
[2026-09-16 00:30:17] [converterTests] [INFO] Loudness normalize c.wav: integrated target=-12 LUFS
[2026-09-16 00:30:20] [converterTests] [INFO] Created loudness-normalized media: c_loudness_m12LUFS.wav [integrated=-11.95 LUFS gain=9.65 dB]
Test Case '-[converterTests.PipelineIntegrationTests testLoudnessContinueOnErrorNormalizesRemainingFilesThenSummarizes]' passed (6.799 seconds).
Test Case '-[converterTests.PipelineIntegrationTests testLoudnessDoesNotApplyBassBoost]' started.
[2026-09-16 00:30:24] [converterTests] [INFO] Created loudness-normalized media: two_tone_loudness_m12LUFS.wav [integrated=-12.05 LUFS gain=4.35 dB]
[2026-09-16 00:30:27] [converterTests] [INFO] Created bass-adjusted media: two_tone_bass.wav
Test Case '-[converterTests.PipelineIntegrationTests testLoudnessDoesNotApplyBassBoost]' passed (5.800 seconds).
Test Case '-[converterTests.PipelineIntegrationTests testLoudnessNormalizeKeepsPeakConstrainedMP4Transparent]' started.
[2026-09-16 00:30:31] [converterTests] [WARN] PUBLISHED WITHOUT FULL QC: peak_limited_loudness_m12LUFS.mp4 did not meet the loudness policy (closest-safe); it is the closest the source's own peak allows. [integrated=-14.85 LUFS target=-12.00 gain=1.56 dB requested=4.35 dB peak=-2.56 dBFS]
Test Case '-[converterTests.PipelineIntegrationTests testLoudnessNormalizeKeepsPeakConstrainedMP4Transparent]' passed (5.399 seconds).
Test Case '-[converterTests.PipelineIntegrationTests testLoudnessNormalizeProcessesAudioAndMP4Inputs]' started.
[2026-09-16 00:30:33] [converterTests] [INFO] Loudness normalize level_flac.flac: integrated target=-12 LUFS
[2026-09-16 00:30:36] [converterTests] [INFO] Created loudness-normalized media: level_flac_loudness_m12LUFS.flac [integrated=-12.05 LUFS gain=9.75 dB]
[2026-09-16 00:30:36] [converterTests] [INFO] Loudness normalize level_m4a.m4a: integrated target=-12 LUFS
[2026-09-16 00:30:39] [converterTests] [INFO] Created loudness-normalized media: level_m4a_loudness_m12LUFS.m4a [integrated=-12.00 LUFS gain=6.79 dB]
[2026-09-16 00:30:39] [converterTests] [INFO] Loudness normalize level_mp3.mp3: integrated target=-12 LUFS
[2026-09-16 00:30:41] [converterTests] [INFO] Created loudness-normalized media: level_mp3_loudness_m12LUFS.mp3 [integrated=-12.05 LUFS gain=4.05 dB]
[2026-09-16 00:30:41] [converterTests] [INFO] Loudness normalize level_video.mp4: integrated target=-12 LUFS
[2026-09-16 00:30:45] [converterTests] [INFO] Created loudness-normalized media: level_video_loudness_m12LUFS.mp4 [integrated=-12.05 LUFS gain=9.75 dB]
[2026-09-16 00:30:45] [converterTests] [INFO] Loudness normalize level_wav.wav: integrated target=-12 LUFS
[2026-09-16 00:30:47] [converterTests] [INFO] Created loudness-normalized media: level_wav_loudness_m12LUFS.wav [integrated=-12.05 LUFS gain=15.75 dB]
[2026-09-16 00:30:47] [converterTests] [INFO] Loudness normalize complete: processed=5 failed=0
Test Case '-[converterTests.PipelineIntegrationTests testLoudnessNormalizeProcessesAudioAndMP4Inputs]' passed (19.463 seconds).
Test Case '-[converterTests.PipelineIntegrationTests testLoudnessPreservingQCPolicyMeasuresOnlyTheLeadingLimitDurationSeconds]' started.
[2026-09-16 00:30:52] [converterTests] [WARN] Duplicate config key 'AUDIO_QC_MAX_TRUE_PEAK_DBTP' in /var/folders/bl/0_vgy5fd1t94djrp8z4pw9zm0000gn/T/converter-tests.F0B4F715-739F-42CB-8957-96BEBFBAC45E/config.txt; using the last value '-1'
[2026-09-16 00:30:55] [converterTests] [INFO] Source already exceeds delivery QC on: true peak -0.57 dBTP (limit -1.00). Verifying the render does not worsen these, rather than altering the audio.
[2026-09-16 00:30:55] [converterTests] [INFO] Source already exceeds delivery QC on: true peak -0.57 dBTP (limit -1.00). Verifying the render does not worsen these, rather than altering the audio.
Test Case '-[converterTests.PipelineIntegrationTests testLoudnessPreservingQCPolicyMeasuresOnlyTheLeadingLimitDurationSeconds]' passed (3.187 seconds).
Test Case '-[converterTests.PipelineIntegrationTests testLoudnessPreservingQCPolicyRebasesOnlyTheBreachedTruePeakCeiling]' started.
[2026-09-16 00:30:55] [converterTests] [WARN] Duplicate config key 'AUDIO_QC_MAX_TRUE_PEAK_DBTP' in /var/folders/bl/0_vgy5fd1t94djrp8z4pw9zm0000gn/T/converter-tests.B0A225B6-5C50-493E-9CD6-C6A54994316A/config.txt; using the last value '-1'
[2026-09-16 00:30:57] [converterTests] [INFO] Source already exceeds delivery QC on: true peak -0.57 dBTP (limit -1.00). Verifying the render does not worsen these, rather than altering the audio.
Test Case '-[converterTests.PipelineIntegrationTests testLoudnessPreservingQCPolicyRebasesOnlyTheBreachedTruePeakCeiling]' passed (1.666 seconds).
Test Case '-[converterTests.PipelineIntegrationTests testLoudnessPreservingQCPolicyReturnsTheInputPolicyForACleanSource]' started.
[2026-09-16 00:30:57] [converterTests] [WARN] Duplicate config key 'AUDIO_QC_MAX_TRUE_PEAK_DBTP' in /var/folders/bl/0_vgy5fd1t94djrp8z4pw9zm0000gn/T/converter-tests.C2F0427D-30D7-42F8-A760-53E070F70C59/config.txt; using the last value '-1'
Test Case '-[converterTests.PipelineIntegrationTests testLoudnessPreservingQCPolicyReturnsTheInputPolicyForACleanSource]' passed (1.650 seconds).
Test Case '-[converterTests.PipelineIntegrationTests testLoudnessStopsAtFirstFailureWithoutContinueOnError]' started.
[2026-09-16 00:30:58] [converterTests] [INFO] Loudness normalize a.wav: integrated target=-12 LUFS
[2026-09-16 00:31:01] [converterTests] [INFO] Created loudness-normalized media: a_loudness_m12LUFS.wav [integrated=-12.05 LUFS gain=9.75 dB]
[2026-09-16 00:31:01] [converterTests] [INFO] Loudness normalize b.wav: integrated target=-12 LUFS
[2026-09-16 00:31:01] [converterTests] [ERROR] Loudness normalize failed for b.wav: WAV format mismatch for /private/var/folders/bl/0_vgy5fd1t94djrp8z4pw9zm0000gn/T/converter-tests.FF7B073F-403B-4989-B47B-BF378404D948/Output/b.wav (got='' expected='WAVE')
Test Case '-[converterTests.PipelineIntegrationTests testLoudnessStopsAtFirstFailureWithoutContinueOnError]' passed (3.451 seconds).
Test Case '-[converterTests.PipelineIntegrationTests testLoudScanReportsFourSummaryLines]' started.
Test Case '-[converterTests.PipelineIntegrationTests testLoudScanReportsFourSummaryLines]' passed (1.832 seconds).
Test Case '-[converterTests.PipelineIntegrationTests testLUFSRebaseMovesOnlyTheBreachedBound]' started.
[2026-09-16 00:31:04] [converterTests] [WARN] Duplicate config key 'AUDIO_QC_TARGET_LUFS' in /var/folders/bl/0_vgy5fd1t94djrp8z4pw9zm0000gn/T/converter-tests.943EFD3A-8635-4A64-B413-3F089F25136C/config.txt; using the last value '-12'
[2026-09-16 00:31:04] [converterTests] [WARN] Duplicate config key 'AUDIO_QC_LUFS_TOLERANCE' in /var/folders/bl/0_vgy5fd1t94djrp8z4pw9zm0000gn/T/converter-tests.943EFD3A-8635-4A64-B413-3F089F25136C/config.txt; using the last value '8'
[2026-09-16 00:31:05] [converterTests] [INFO] Source already exceeds delivery QC on: integrated loudness -25.25 LUFS (minimum -20.00). Verifying the render does not worsen these, rather than altering the audio.
[2026-09-16 00:31:06] [converterTests] [INFO] Source already exceeds delivery QC on: true peak 0.01 dBTP (limit 0.00); integrated loudness -0.15 LUFS (maximum -4.00). Verifying the render does not worsen these, rather than altering the audio.
Test Case '-[converterTests.PipelineIntegrationTests testLUFSRebaseMovesOnlyTheBreachedBound]' passed (2.492 seconds).
Test Case '-[converterTests.PipelineIntegrationTests testMainVideoFallsBackToSoftwareHEVCWhenHardwareIsUnavailable]' started.
[2026-09-16 00:31:06] [converterTests] [WARN] Duplicate config key 'VIDEO_MP4_ENCODER' in /var/folders/bl/0_vgy5fd1t94djrp8z4pw9zm0000gn/T/converter-tests.F6D248C9-50C8-4D4A-8552-2E46804831AA/config.txt; using the last value 'definitely_missing_encoder'
[2026-09-16 00:31:06] [converterTests] [WARN] Duplicate config key 'VIDEO_MP4_ENCODER_FALLBACKS' in /var/folders/bl/0_vgy5fd1t94djrp8z4pw9zm0000gn/T/converter-tests.F6D248C9-50C8-4D4A-8552-2E46804831AA/config.txt; using the last value 'libx265'
[2026-09-16 00:31:06] [converterTests] [WARN] Duplicate config key 'VIDEO_MP4_SOFTWARE_PRESET' in /var/folders/bl/0_vgy5fd1t94djrp8z4pw9zm0000gn/T/converter-tests.F6D248C9-50C8-4D4A-8552-2E46804831AA/config.txt; using the last value 'ultrafast'
[2026-09-16 00:31:07] [converterTests] [INFO] Main video encoders: libx265
[2026-09-16 00:31:09] [converterTests] [INFO] Created MP4: track_8K.mp4 [encoder=libx265]
Test Case '-[converterTests.PipelineIntegrationTests testMainVideoFallsBackToSoftwareHEVCWhenHardwareIsUnavailable]' passed (3.723 seconds).
Test Case '-[converterTests.PipelineIntegrationTests testMainVideoRenderFallsBackToSoftwareEncoder]' started.
[2026-09-16 00:31:10] [converterTests] [WARN] Duplicate config key 'VIDEO_MP4_ENCODER' in /var/folders/bl/0_vgy5fd1t94djrp8z4pw9zm0000gn/T/converter-tests.61F38F36-C3FF-4BBE-9FE3-2E4B56B7A7F2/config.txt; using the last value 'definitely_missing_encoder'
[2026-09-16 00:31:10] [converterTests] [WARN] Duplicate config key 'VIDEO_MP4_ENCODER_FALLBACKS' in /var/folders/bl/0_vgy5fd1t94djrp8z4pw9zm0000gn/T/converter-tests.61F38F36-C3FF-4BBE-9FE3-2E4B56B7A7F2/config.txt; using the last value 'libx264'
[2026-09-16 00:31:10] [converterTests] [WARN] Duplicate config key 'VIDEO_MP4_VERIFY_CODEC' in /var/folders/bl/0_vgy5fd1t94djrp8z4pw9zm0000gn/T/converter-tests.61F38F36-C3FF-4BBE-9FE3-2E4B56B7A7F2/config.txt; using the last value 'h264'
[2026-09-16 00:31:10] [converterTests] [WARN] Duplicate config key 'VIDEO_MP4_TAG' in /var/folders/bl/0_vgy5fd1t94djrp8z4pw9zm0000gn/T/converter-tests.61F38F36-C3FF-4BBE-9FE3-2E4B56B7A7F2/config.txt; using the last value 'avc1'
[2026-09-16 00:31:11] [converterTests] [INFO] Main video encoders: libx264
[2026-09-16 00:31:13] [converterTests] [INFO] Created MP4: track_8K.mp4 [encoder=libx264]
Test Case '-[converterTests.PipelineIntegrationTests testMainVideoRenderFallsBackToSoftwareEncoder]' passed (3.717 seconds).
Test Case '-[converterTests.PipelineIntegrationTests testMasterCanonicalWAVFallsBackWhenTwoPassMeasurementIsOutOfRange]' started.
[2026-09-16 00:31:14] [converterTests] [WARN] Duplicate config key 'MASTERING_TARGET_LUFS' in /var/folders/bl/0_vgy5fd1t94djrp8z4pw9zm0000gn/T/converter-tests.FB6E0D35-2144-4D21-970A-DC3CC53B3E35/config.txt; using the last value '-12'
Test Case '-[converterTests.PipelineIntegrationTests testMasterCanonicalWAVFallsBackWhenTwoPassMeasurementIsOutOfRange]' passed (4.101 seconds).
Test Case '-[converterTests.PipelineIntegrationTests testMasterCanonicalWAVRemediatesOutOfPolicyLoudness]' started.
[2026-09-16 00:31:18] [converterTests] [WARN] Duplicate config key 'MASTERING_TARGET_LUFS' in /var/folders/bl/0_vgy5fd1t94djrp8z4pw9zm0000gn/T/converter-tests.01261D09-C906-4DA4-8326-5A74F481E29C/config.txt; using the last value '-40'
[2026-09-16 00:31:19] [converterTests] [INFO] Normalize WAV before mastering: needs_master.wav
[2026-09-16 00:31:19] [converterTests] [INFO] Normalize WAV: needs_master.wav
[2026-09-16 00:31:20] [converterTests] [INFO] Master WAV: needs_master.wav
[2026-09-16 00:31:21] [converterTests] [INFO] Mastered WAV: needs_master.wav [two-pass]
Test Case '-[converterTests.PipelineIntegrationTests testMasterCanonicalWAVRemediatesOutOfPolicyLoudness]' passed (4.517 seconds).
Test Case '-[converterTests.PipelineIntegrationTests testMasterCommandProducesMasteredOutputsWithinPolicy]' started.
[2026-09-16 00:31:22] [converterTests] [WARN] Duplicate config key 'MASTERING_TARGET_LUFS' in /var/folders/bl/0_vgy5fd1t94djrp8z4pw9zm0000gn/T/converter-tests.D2238FB2-F81C-41ED-846E-A5FE80D76846/config.txt; using the last value '-40'
[2026-09-16 00:31:22] [converterTests] [INFO] Master needs_master.wav: target=-40 LUFS
[2026-09-16 00:31:24] [converterTests] [INFO] Master WAV: .converter-tmp.node2_local.91327.ee475741-4c8a-4dfa-bc93-a2761883619f.needs_master_master_source.66DB557B-2AD6-4873-BB4E-66A885DE78D7.wav
[2026-09-16 00:31:25] [converterTests] [INFO] Mastered WAV: .converter-tmp.node2_local.91327.ee475741-4c8a-4dfa-bc93-a2761883619f.needs_master_master_source.66DB557B-2AD6-4873-BB4E-66A885DE78D7.wav [two-pass]
[2026-09-16 00:31:26] [converterTests] [INFO] Created mastered media: needs_master_mastered.wav
[2026-09-16 00:31:26] [converterTests] [INFO] Master complete: processed=1 failed=0
Test Case '-[converterTests.PipelineIntegrationTests testMasterCommandProducesMasteredOutputsWithinPolicy]' passed (4.952 seconds).
Test Case '-[converterTests.PipelineIntegrationTests testMP3CleanDoesNotEnforceDeliveryQCOnStreamCopyCleanup]' started.
[2026-09-16 00:31:27] [converterTests] [WARN] Duplicate config key 'AUDIO_QC_MAX_TRUE_PEAK_DBTP' in /var/folders/bl/0_vgy5fd1t94djrp8z4pw9zm0000gn/T/converter-tests.B327A017-071D-48AD-9ED0-B74D2B7A0C52/config.txt; using the last value '-1'
[2026-09-16 00:31:28] [converterTests] [INFO] Cleaned MP3 metadata: hot_artwork_track.mp3
Test Case '-[converterTests.PipelineIntegrationTests testMP3CleanDoesNotEnforceDeliveryQCOnStreamCopyCleanup]' passed (2.115 seconds).
Test Case '-[converterTests.PipelineIntegrationTests testMP3CleanIsAStreamCopyThatPreservesTheAudio]' started.
[2026-09-16 00:31:31] [converterTests] [INFO] Cleaned MP3 metadata: tagged_441.mp3
Test Case '-[converterTests.PipelineIntegrationTests testMP3CleanIsAStreamCopyThatPreservesTheAudio]' passed (1.649 seconds).
Test Case '-[converterTests.PipelineIntegrationTests testMP3CleanRemovesArtworkAndExtraStreams]' started.
[2026-09-16 00:31:32] [converterTests] [INFO] Cleaned MP3 metadata: artwork_track.mp3
Test Case '-[converterTests.PipelineIntegrationTests testMP3CleanRemovesArtworkAndExtraStreams]' passed (2.018 seconds).
Test Case '-[converterTests.PipelineIntegrationTests testMP3HashAcceptsArtworkAndNonProjectBitrateMP3]' started.
[2026-09-16 00:31:33] [converterTests] [WARN] Duplicate config key 'MP3_MIN_BITRATE_BPS' in /var/folders/bl/0_vgy5fd1t94djrp8z4pw9zm0000gn/T/converter-tests.31B7B521-A1EF-4335-99CE-D137700E9DF6/config.txt; using the last value '300000'
[2026-09-16 00:31:33] [converterTests] [INFO] Hash MP3 filenames
[2026-09-16 00:31:33] [converterTests] [INFO] Renamed mp3: hash_artwork_track.mp3 -> 1199DB3B.mp3
Test Case '-[converterTests.PipelineIntegrationTests testMP3HashAcceptsArtworkAndNonProjectBitrateMP3]' passed (0.548 seconds).
Test Case '-[converterTests.PipelineIntegrationTests testMP4ToShortDoesNotReingestItsOwnShortDeliverables]' started.
[2026-09-16 00:31:34] [converterTests] [INFO] MP4 -> Short: clip.mp4
[2026-09-16 00:31:35] [converterTests] [INFO] Short video encoders: libx264, h264_videotoolbox
[2026-09-16 00:31:38] [converterTests] [INFO] Created short MP4: clip_Short.mp4 [encoder=libx264]
Test Case '-[converterTests.PipelineIntegrationTests testMP4ToShortDoesNotReingestItsOwnShortDeliverables]' passed (4.213 seconds).
Test Case '-[converterTests.PipelineIntegrationTests testMP4ToShortUsesTheConfiguredScaler]' started.
Test Case '-[converterTests.PipelineIntegrationTests testMP4ToShortUsesTheConfiguredScaler]' passed (0.002 seconds).
Test Case '-[converterTests.PipelineIntegrationTests testNFTToShortAcceptsPortrait8KPNGWithoutLandscapeMainRender]' started.
[2026-09-16 00:31:38] [converterTests] [INFO] NFT -> Short source audio: song.flac
[2026-09-16 00:31:38] [converterTests] [INFO] NFT -> Short source image: Vertical_8K.png
[2026-09-16 00:31:39] [converterTests] [INFO] Short video encoders: libx264, h264_videotoolbox
[2026-09-16 00:31:42] [converterTests] [INFO] Created portrait short MP4: song_8K_Short.mp4 [encoder=libx264]
[2026-09-16 00:31:45] [converterTests] [INFO] Created portrait short MP4: song_8K_Short_FullSong.mp4 [encoder=libx264]
[2026-09-16 00:31:47] [converterTests] [INFO] Created portrait short MP4 (centre cut): song_8K_Short_CenterCut.mp4 [encoder=libx264]
[2026-09-16 00:31:49] [converterTests] [INFO] Created portrait short MP4 (centre cut): song_8K_Short_FullSong_CenterCut.mp4 [encoder=libx264]
Test Case '-[converterTests.PipelineIntegrationTests testNFTToShortAcceptsPortrait8KPNGWithoutLandscapeMainRender]' passed (13.137 seconds).
Test Case '-[converterTests.PipelineIntegrationTests testNFTToShortBuildsShortFromGenericAudioAndNFTImage]' started.
[2026-09-16 00:31:51] [converterTests] [INFO] Short step: create NFT8K image
[2026-09-16 00:31:51] [converterTests] [INFO] Created 8K PNG: poster_8K.png
[2026-09-16 00:31:52] [converterTests] [INFO] Created 4K PNG: poster_4K.png
[2026-09-16 00:31:52] [converterTests] [INFO] Created NFT set: poster
[2026-09-16 00:31:52] [converterTests] [INFO] NFT -> Short source audio: song.aac
[2026-09-16 00:31:52] [converterTests] [INFO] NFT -> Short source image: poster_NFT8K.png
[2026-09-16 00:31:54] [converterTests] [INFO] Short video encoders: libx264, h264_videotoolbox
[2026-09-16 00:31:56] [converterTests] [INFO] Created portrait short MP4: song_8K_Short.mp4 [encoder=libx264]
[2026-09-16 00:31:59] [converterTests] [INFO] Created portrait short MP4: song_8K_Short_FullSong.mp4 [encoder=libx264]
[2026-09-16 00:32:02] [converterTests] [INFO] Created portrait short MP4 (centre cut): song_8K_Short_CenterCut.mp4 [encoder=libx264]
[2026-09-16 00:32:04] [converterTests] [INFO] Created portrait short MP4 (centre cut): song_8K_Short_FullSong_CenterCut.mp4 [encoder=libx264]
Test Case '-[converterTests.PipelineIntegrationTests testNFTToShortBuildsShortFromGenericAudioAndNFTImage]' passed (14.785 seconds).
Test Case '-[converterTests.PipelineIntegrationTests testNFTToShortComparesAgainstTrimmedSourceSegmentLoudness]' started.
[2026-09-16 00:32:06] [converterTests] [WARN] Duplicate config key 'SHORT_MP4_CLIP_SECONDS' in /var/folders/bl/0_vgy5fd1t94djrp8z4pw9zm0000gn/T/converter-tests.AA5A2495-93E0-4BE1-9C5F-F026838E2C97/config.txt; using the last value '1'
[2026-09-16 00:32:06] [converterTests] [INFO] Short step: create NFT8K image
[2026-09-16 00:32:06] [converterTests] [INFO] Created 8K PNG: poster_8K.png
[2026-09-16 00:32:06] [converterTests] [INFO] Created 4K PNG: poster_4K.png
[2026-09-16 00:32:07] [converterTests] [INFO] Created NFT set: poster
[2026-09-16 00:32:07] [converterTests] [INFO] NFT -> Short source audio: dynamic_loudness.mp3
[2026-09-16 00:32:07] [converterTests] [INFO] NFT -> Short source image: poster_NFT8K.png
[2026-09-16 00:32:08] [converterTests] [INFO] Short video encoders: libx264, h264_videotoolbox
[2026-09-16 00:32:11] [converterTests] [INFO] Created portrait short MP4: dynamic_loudness_8K_Short.mp4 [encoder=libx264]
[2026-09-16 00:32:14] [converterTests] [INFO] Created portrait short MP4: dynamic_loudness_8K_Short_FullSong.mp4 [encoder=libx264]
[2026-09-16 00:32:16] [converterTests] [INFO] Created portrait short MP4 (centre cut): dynamic_loudness_8K_Short_CenterCut.mp4 [encoder=libx264]
[2026-09-16 00:32:18] [converterTests] [INFO] Created portrait short MP4 (centre cut): dynamic_loudness_8K_Short_FullSong_CenterCut.mp4 [encoder=libx264]
Test Case '-[converterTests.PipelineIntegrationTests testNFTToShortComparesAgainstTrimmedSourceSegmentLoudness]' passed (13.192 seconds).
Test Case '-[converterTests.PipelineIntegrationTests testNFTToShortPreservesSourceLoudnessOnLandscapePath]' started.
[2026-09-16 00:32:19] [converterTests] [INFO] Short step: create NFT8K image
[2026-09-16 00:32:19] [converterTests] [INFO] Created 8K PNG: poster_8K.png
[2026-09-16 00:32:19] [converterTests] [INFO] Created 4K PNG: poster_4K.png
[2026-09-16 00:32:20] [converterTests] [INFO] Created NFT set: poster
[2026-09-16 00:32:20] [converterTests] [INFO] NFT -> Short source audio: loud_song.flac
[2026-09-16 00:32:20] [converterTests] [INFO] NFT -> Short source image: poster_NFT8K.png
[2026-09-16 00:32:22] [converterTests] [INFO] Short video encoders: libx264, h264_videotoolbox
[2026-09-16 00:32:24] [converterTests] [INFO] Created portrait short MP4: loud_song_8K_Short.mp4 [encoder=libx264]
[2026-09-16 00:32:28] [converterTests] [INFO] Created portrait short MP4: loud_song_8K_Short_FullSong.mp4 [encoder=libx264]
[2026-09-16 00:32:30] [converterTests] [INFO] Created portrait short MP4 (centre cut): loud_song_8K_Short_CenterCut.mp4 [encoder=libx264]
[2026-09-16 00:32:33] [converterTests] [INFO] Created portrait short MP4 (centre cut): loud_song_8K_Short_FullSong_CenterCut.mp4 [encoder=libx264]
Test Case '-[converterTests.PipelineIntegrationTests testNFTToShortPreservesSourceLoudnessOnLandscapePath]' passed (14.358 seconds).
Test Case '-[converterTests.PipelineIntegrationTests testNFTToShortPreservesSourceLoudnessOnPortraitPath]' started.
[2026-09-16 00:32:33] [converterTests] [WARN] Duplicate config key 'AUDIO_QC_MAX_TRUE_PEAK_DBTP' in /var/folders/bl/0_vgy5fd1t94djrp8z4pw9zm0000gn/T/converter-tests.03992BB0-274D-4E7F-BC7D-214CD8BB5AD5/config.txt; using the last value '-1'
[2026-09-16 00:32:34] [converterTests] [INFO] NFT -> Short source audio: hot_song.mp3
[2026-09-16 00:32:34] [converterTests] [INFO] NFT -> Short source image: Vertical_8K.png
[2026-09-16 00:32:35] [converterTests] [INFO] Source already exceeds delivery QC on: true peak -0.34 dBTP (limit -1.00). Verifying the render does not worsen these, rather than altering the audio.
[2026-09-16 00:32:35] [converterTests] [INFO] Short video encoders: libx264, h264_videotoolbox
[2026-09-16 00:32:38] [converterTests] [INFO] Created portrait short MP4: hot_song_8K_Short.mp4 [encoder=libx264]
[2026-09-16 00:32:39] [converterTests] [INFO] Source already exceeds delivery QC on: true peak -0.34 dBTP (limit -1.00). Verifying the render does not worsen these, rather than altering the audio.
[2026-09-16 00:32:41] [converterTests] [INFO] Created portrait short MP4: hot_song_8K_Short_FullSong.mp4 [encoder=libx264]
[2026-09-16 00:32:41] [converterTests] [INFO] Source already exceeds delivery QC on: true peak -0.34 dBTP (limit -1.00). Verifying the render does not worsen these, rather than altering the audio.
[2026-09-16 00:32:44] [converterTests] [INFO] Created portrait short MP4 (centre cut): hot_song_8K_Short_CenterCut.mp4 [encoder=libx264]
[2026-09-16 00:32:44] [converterTests] [INFO] Source already exceeds delivery QC on: true peak -0.34 dBTP (limit -1.00). Verifying the render does not worsen these, rather than altering the audio.
[2026-09-16 00:32:46] [converterTests] [INFO] Created portrait short MP4 (centre cut): hot_song_8K_Short_FullSong_CenterCut.mp4 [encoder=libx264]
Test Case '-[converterTests.PipelineIntegrationTests testNFTToShortPreservesSourceLoudnessOnPortraitPath]' passed (13.848 seconds).
Test Case '-[converterTests.PipelineIntegrationTests testNoiseAddsLeadingAndTrailingNoiseToAudioMedia]' started.
[2026-09-16 00:32:47] [converterTests] [INFO] Add noise noise_flac.flac: before=0.500 silence=2 after=0.500 level=-12 LUFS
[2026-09-16 00:32:54] [converterTests] [INFO] Created noise-padded media: noise_flac_noise_0_5s.flac
[2026-09-16 00:32:54] [converterTests] [INFO] Add noise noise_m4a.m4a: before=0.500 silence=2 after=0.500 level=-12 LUFS
[2026-09-16 00:33:00] [converterTests] [INFO] Created noise-padded media: noise_m4a_noise_0_5s.m4a
[2026-09-16 00:33:00] [converterTests] [INFO] Add noise noise_mp3.mp3: before=0.500 silence=2 after=0.500 level=-12 LUFS
[2026-09-16 00:33:06] [converterTests] [INFO] Created noise-padded media: noise_mp3_noise_0_5s.mp3
[2026-09-16 00:33:06] [converterTests] [INFO] Add noise noise_video.mp4: before=0.500 silence=2 after=0.500 level=-12 LUFS
[2026-09-16 00:33:06] [converterTests] [INFO] noise_video.mp4 carries a video track; the padded audio output keeps the audio only.
[2026-09-16 00:33:11] [converterTests] [INFO] Noise MP4 video encoders: hevc_videotoolbox, libx265
[2026-09-16 00:33:13] [converterTests] [INFO] Created noise-padded media: noise_video_noise_0_5s.mp4
[2026-09-16 00:33:13] [converterTests] [INFO] Add noise noise_wav.wav: before=0.500 silence=2 after=0.500 level=-12 LUFS
[2026-09-16 00:33:18] [converterTests] [INFO] Created noise-padded media: noise_wav_noise_0_5s.wav
Test Case '-[converterTests.PipelineIntegrationTests testNoiseAddsLeadingAndTrailingNoiseToAudioMedia]' passed (38.653 seconds).
Test Case '-[converterTests.PipelineIntegrationTests testNoiseIgnoresPreviouslyGeneratedNoiseOutputs]' started.
Test Case '-[converterTests.PipelineIntegrationTests testNoiseIgnoresPreviouslyGeneratedNoiseOutputs]' passed (0.145 seconds).
Test Case '-[converterTests.PipelineIntegrationTests testNoiseOutputIsReproducibleAcrossReruns]' started.
[2026-09-16 00:33:32] [converterTests] [INFO] Created noise-padded media: repeat_flac_noise_0_5s.flac
[2026-09-16 00:33:39] [converterTests] [INFO] Created noise-padded media: repeat_flac_noise_0_5s.flac
[2026-09-16 00:33:45] [converterTests] [INFO] Created noise-padded media: repeat_wav_noise_0_5s.wav
[2026-09-16 00:33:50] [converterTests] [INFO] Created noise-padded media: repeat_wav_noise_0_5s.wav
Test Case '-[converterTests.PipelineIntegrationTests testNoiseOutputIsReproducibleAcrossReruns]' passed (24.482 seconds).
Test Case '-[converterTests.PipelineIntegrationTests testNoisePaddingStaysAtTargetAfterFLACDeliveryEncode]' started.
[2026-09-16 00:33:57] [converterTests] [INFO] Created noise-padded media: delivery_noise_noise_6s.flac
Test Case '-[converterTests.PipelineIntegrationTests testNoisePaddingStaysAtTargetAfterFLACDeliveryEncode]' passed (8.878 seconds).
Test Case '-[converterTests.PipelineIntegrationTests testNoisePaddingVerifierRejectsSilentProgramme]' started.
Test Case '-[converterTests.PipelineIntegrationTests testNoisePaddingVerifierRejectsSilentProgramme]' passed (1.608 seconds).
Test Case '-[converterTests.PipelineIntegrationTests testNoiseSegmentUsesDynamicLoudnormForProductionDurations]' started.
Test Case '-[converterTests.PipelineIntegrationTests testNoiseSegmentUsesDynamicLoudnormForProductionDurations]' passed (1.598 seconds).
Test Case '-[converterTests.PipelineIntegrationTests testNoiseVerifiesPaddingOncePerFile]' started.
[2026-09-16 00:34:02] [converterTests] [INFO] Add noise track.wav: before=1 silence=2 after=1 level=-12 LUFS
[2026-09-16 00:34:09] [converterTests] [INFO] Created noise-padded media: track_noise_1s.wav
Test Case '-[converterTests.PipelineIntegrationTests testNoiseVerifiesPaddingOncePerFile]' passed (6.609 seconds).
Test Case '-[converterTests.PipelineIntegrationTests testPaddedMP4EncoderLadderReportsEveryFailedRung]' started.
[2026-09-16 00:34:09] [converterTests] [WARN] Duplicate config key 'VIDEO_MP4_ENCODER' in /var/folders/bl/0_vgy5fd1t94djrp8z4pw9zm0000gn/T/converter-tests.2775E6E9-3610-461B-AA6E-386561B85E34/config.txt; using the last value 'libx264'
[2026-09-16 00:34:09] [converterTests] [WARN] Duplicate config key 'VIDEO_MP4_ENCODER_FALLBACKS' in /var/folders/bl/0_vgy5fd1t94djrp8z4pw9zm0000gn/T/converter-tests.2775E6E9-3610-461B-AA6E-386561B85E34/config.txt; using the last value 'libx265'
[2026-09-16 00:34:09] [converterTests] [WARN] Duplicate config key 'VIDEO_MP4_SOFTWARE_PRESET' in /var/folders/bl/0_vgy5fd1t94djrp8z4pw9zm0000gn/T/converter-tests.2775E6E9-3610-461B-AA6E-386561B85E34/config.txt; using the last value 'no_such_preset'
[2026-09-16 00:34:09] [converterTests] [INFO] clip.mp4 carries a video track; the padded audio output keeps the audio only.
[2026-09-16 00:34:11] [converterTests] [INFO] Silence MP4 video encoders: libx264, libx265
[2026-09-16 00:34:11] [converterTests] [WARN] silence MP4 video encoder failed (libx264): Command failed: /opt/homebrew/bin/ffmpeg -hide_banner -nostdin -v error -y -i /var/folders/bl/0_vgy5fd1t94djrp8z4pw9zm0000gn/T/converter-tests.2775E6E9-3610-461B-AA6E-386561B85E34/Output/clip.mp4 -i /var/folders/bl/0_vgy5fd1t94djrp8z4pw9zm0000gn/T/converter-tests.2775E6E9-3610-461B-AA6E-386561B85E34/Output/.converter-tmp.node2_local.91327.3cd358e7-a1fc-4838-9ee5-588f9bef6ffb.clip_silence_padded.29F915C2-D910-4197-8BAF-BC4AB72C5F63.wav -map 0:v:0 -map 1:a:0 -vf tpad=start_duration=1.000000:stop_duration=1.000000:start_mode=clone:stop_mode=clone,format=yuv420p,setparams=color_primaries=bt709:color_trc=bt709:colorspace=bt709:range=limited -c:v libx264 -preset no_such_preset -crf 22 -pix_fmt yuv420p -color_primaries bt709 -color_trc bt709 -colorspace bt709 -color_range tv -tag:v avc1 -c:a alac -sample_fmt s32p -bits_per_raw_sample 24 -ar 48000 -ac 2 -t 3.500000 -map_metadata 0 -map_chapters 0 -movflags +faststart /var/folders/bl/0_vgy5fd1t94djrp8z4pw9zm0000gn/T/converter-tests.2775E6E9-3610-461B-AA6E-386561B85E34/Output/.converter-tmp.node2_local.91327.3cd358e7-a1fc-4838-9ee5-588f9bef6ffb.clip_silence_1s.DDE9A5ED-477A-4F03-B380-D419871D037A.mp4 | [out#0/mp4 @ 0x7888c38180] Nothing was written into output file, because at least one of its streams received no packets.
[2026-09-16 00:34:11] [converterTests] [WARN] silence MP4 video encoder failed (libx265): Command failed: /opt/homebrew/bin/ffmpeg -hide_banner -nostdin -v error -y -i /var/folders/bl/0_vgy5fd1t94djrp8z4pw9zm0000gn/T/converter-tests.2775E6E9-3610-461B-AA6E-386561B85E34/Output/clip.mp4 -i /var/folders/bl/0_vgy5fd1t94djrp8z4pw9zm0000gn/T/converter-tests.2775E6E9-3610-461B-AA6E-386561B85E34/Output/.converter-tmp.node2_local.91327.3cd358e7-a1fc-4838-9ee5-588f9bef6ffb.clip_silence_padded.29F915C2-D910-4197-8BAF-BC4AB72C5F63.wav -map 0:v:0 -map 1:a:0 -vf tpad=start_duration=1.000000:stop_duration=1.000000:start_mode=clone:stop_mode=clone,format=yuv420p,setparams=color_primaries=bt709:color_trc=bt709:colorspace=bt709:range=limited -c:v libx265 -preset no_such_preset -crf 22 -pix_fmt yuv420p -color_primaries bt709 -color_trc bt709 -colorspace bt709 -color_range tv -tag:v hvc1 -c:a alac -sample_fmt s32p -bits_per_raw_sample 24 -ar 48000 -ac 2 -t 3.500000 -map_metadata 0 -map_chapters 0 -movflags +faststart /var/folders/bl/0_vgy5fd1t94djrp8z4pw9zm0000gn/T/converter-tests.2775E6E9-3610-461B-AA6E-386561B85E34/Output/.converter-tmp.node2_local.91327.3cd358e7-a1fc-4838-9ee5-588f9bef6ffb.clip_silence_1s.DDE9A5ED-477A-4F03-B380-D419871D037A.mp4 | [out#0/mp4 @ 0x7559044180] Nothing was written into output file, because at least one of its streams received no packets.
Test Case '-[converterTests.PipelineIntegrationTests testPaddedMP4EncoderLadderReportsEveryFailedRung]' passed (2.445 seconds).
Test Case '-[converterTests.PipelineIntegrationTests testPortraitShortStillsMatchTheirRenderFraming]' started.
[2026-09-16 00:34:12] [converterTests] [INFO] Profile: youtube_master
[2026-09-16 00:34:12] [converterTests] [INFO] Scheduler profile: total=3 image=2 audio=2 video=1
[2026-09-16 00:34:12] [converterTests] [INFO] Created portrait still: art_Short_8K.png
[2026-09-16 00:34:12] [converterTests] [INFO] Created 1MB JPG: art_Short_8K_1MB.jpg
[2026-09-16 00:34:12] [converterTests] [INFO] Created 2MB JPG: art_Short_8K_2MB.jpg
[2026-09-16 00:34:13] [converterTests] [INFO] Created portrait still: art_Short_CenterCut_8K.png
[2026-09-16 00:34:13] [converterTests] [INFO] Created 1MB JPG: art_Short_CenterCut_8K_1MB.jpg
[2026-09-16 00:34:13] [converterTests] [INFO] Created 2MB JPG: art_Short_CenterCut_8K_2MB.jpg
Test Case '-[converterTests.PipelineIntegrationTests testPortraitShortStillsMatchTheirRenderFraming]' passed (2.299 seconds).
Test Case '-[converterTests.PipelineIntegrationTests testProbeCacheInvalidatesWhenFileFingerprintChanges]' started.
Test Case '-[converterTests.PipelineIntegrationTests testProbeCacheInvalidatesWhenFileFingerprintChanges]' passed (0.275 seconds).
Test Case '-[converterTests.PipelineIntegrationTests testPublishTempReplacesExistingDestination]' started.
Test Case '-[converterTests.PipelineIntegrationTests testPublishTempReplacesExistingDestination]' passed (0.003 seconds).
Test Case '-[converterTests.PipelineIntegrationTests testRejectsEmptyAudioInputWithoutPublishingOutputs]' started.
Test Case '-[converterTests.PipelineIntegrationTests testRejectsEmptyAudioInputWithoutPublishingOutputs]' passed (0.002 seconds).
Test Case '-[converterTests.PipelineIntegrationTests testRejectsEmptyImageInputWithoutPublishingOutputs]' started.
Test Case '-[converterTests.PipelineIntegrationTests testRejectsEmptyImageInputWithoutPublishingOutputs]' passed (0.002 seconds).
Test Case '-[converterTests.PipelineIntegrationTests testRejectsFLACExtensionWithMP3Payload]' started.
Test Case '-[converterTests.PipelineIntegrationTests testRejectsFLACExtensionWithMP3Payload]' passed (0.141 seconds).
Test Case '-[converterTests.PipelineIntegrationTests testRejectsJPEGExtensionWithPNGPayload]' started.
Test Case '-[converterTests.PipelineIntegrationTests testRejectsJPEGExtensionWithPNGPayload]' passed (0.200 seconds).
Test Case '-[converterTests.PipelineIntegrationTests testRejectsM4AExtensionWithMP3Payload]' started.
Test Case '-[converterTests.PipelineIntegrationTests testRejectsM4AExtensionWithMP3Payload]' passed (0.200 seconds).
Test Case '-[converterTests.PipelineIntegrationTests testRejectsMP3ExtensionWithWAVPayload]' started.
Test Case '-[converterTests.PipelineIntegrationTests testRejectsMP3ExtensionWithWAVPayload]' passed (0.206 seconds).
Test Case '-[converterTests.PipelineIntegrationTests testRejectsMP4ExtensionWithImagePayload]' started.
Test Case '-[converterTests.PipelineIntegrationTests testRejectsMP4ExtensionWithImagePayload]' passed (0.137 seconds).
Test Case '-[converterTests.PipelineIntegrationTests testRejectsPNGExtensionWithJPEGPayload]' started.
Test Case '-[converterTests.PipelineIntegrationTests testRejectsPNGExtensionWithJPEGPayload]' passed (0.207 seconds).
Test Case '-[converterTests.PipelineIntegrationTests testRejectsSilentMP3Input]' started.
Test Case '-[converterTests.PipelineIntegrationTests testRejectsSilentMP3Input]' passed (0.406 seconds).
Test Case '-[converterTests.PipelineIntegrationTests testRejectsStereoImbalancedOutputWhenPolicyIsStrict]' started.
[2026-09-16 00:34:16] [converterTests] [WARN] Duplicate config key 'AUDIO_QC_MAX_STEREO_IMBALANCE_DB' in /var/folders/bl/0_vgy5fd1t94djrp8z4pw9zm0000gn/T/converter-tests.C276E67C-5973-43E0-B089-91E9D560B991/config.txt; using the last value '0.10'
[2026-09-16 00:34:17] [converterTests] [INFO] Source already exceeds delivery QC on: stereo imbalance 33.98 dB (limit 0.10). Verifying the render does not worsen these, rather than altering the audio.
[2026-09-16 00:34:19] [converterTests] [INFO] Created M4A: imbalanced.m4a
Test Case '-[converterTests.PipelineIntegrationTests testRejectsStereoImbalancedOutputWhenPolicyIsStrict]' passed (4.117 seconds).
Test Case '-[converterTests.PipelineIntegrationTests testRejectsWAVBinaryGarbage]' started.
Test Case '-[converterTests.PipelineIntegrationTests testRejectsWAVBinaryGarbage]' passed (0.002 seconds).
Test Case '-[converterTests.PipelineIntegrationTests testRunCapsCapturedOutputAt64MiBOnBothStreams]' started.
Test Case '-[converterTests.PipelineIntegrationTests testRunCapsCapturedOutputAt64MiBOnBothStreams]' passed (9.348 seconds).
Test Case '-[converterTests.PipelineIntegrationTests testRunCapturedOutputCapBoundaryKeepsExactCapAndDropsOneByteOver]' started.
Test Case '-[converterTests.PipelineIntegrationTests testRunCapturedOutputCapBoundaryKeepsExactCapAndDropsOneByteOver]' passed (10.882 seconds).
Test Case '-[converterTests.PipelineIntegrationTests testRunDrainsLargeChildOutputWithoutDeadlock]' started.
Test Case '-[converterTests.PipelineIntegrationTests testRunDrainsLargeChildOutputWithoutDeadlock]' passed (0.209 seconds).
Test Case '-[converterTests.PipelineIntegrationTests testRunGivesChildrenNoStdin]' started.
Test Case '-[converterTests.PipelineIntegrationTests testRunGivesChildrenNoStdin]' passed (0.067 seconds).
Test Case '-[converterTests.PipelineIntegrationTests testRunHandlesLargeStderrWithoutDeadlock]' started.
Test Case '-[converterTests.PipelineIntegrationTests testRunHandlesLargeStderrWithoutDeadlock]' passed (0.425 seconds).
Test Case '-[converterTests.PipelineIntegrationTests testRunHandlesRepeatedLaunchesWithoutPipeHandleExhaustion]' started.
Test Case '-[converterTests.PipelineIntegrationTests testRunHandlesRepeatedLaunchesWithoutPipeHandleExhaustion]' passed (26.817 seconds).
Test Case '-[converterTests.PipelineIntegrationTests testRunPixIgnoresPortraitShortStillCompanions]' started.
Test Case '-[converterTests.PipelineIntegrationTests testRunPixIgnoresPortraitShortStillCompanions]' passed (0.343 seconds).
Test Case '-[converterTests.PipelineIntegrationTests testRunTimeoutDoesNotWaitForGrandchildHoldingThePipe]' started.
Test Case '-[converterTests.PipelineIntegrationTests testRunTimeoutDoesNotWaitForGrandchildHoldingThePipe]' passed (3.063 seconds).
Test Case '-[converterTests.PipelineIntegrationTests testRunTimeoutEscalatesToSIGKILLWhenChildIgnoresSIGTERM]' started.
Test Case '-[converterTests.PipelineIntegrationTests testRunTimeoutEscalatesToSIGKILLWhenChildIgnoresSIGTERM]' passed (8.107 seconds).
Test Case '-[converterTests.PipelineIntegrationTests testSchedulerRespectsResourceClassLimits]' started.
Test Case '-[converterTests.PipelineIntegrationTests testSchedulerRespectsResourceClassLimits]' passed (3.312 seconds).
Test Case '-[converterTests.PipelineIntegrationTests testShortAcceptsGenericAudioOnlyInputFormat]' started.
[2026-09-16 00:35:23] [converterTests] [INFO] Short source audio: song.aac
[2026-09-16 00:35:23] [converterTests] [INFO] Short source image: poster.png
[2026-09-16 00:35:24] [converterTests] [INFO] Short video encoders: libx264, h264_videotoolbox
[2026-09-16 00:35:26] [converterTests] [INFO] Created portrait short MP4: song_8K_Short.mp4 [encoder=libx264]
[2026-09-16 00:35:29] [converterTests] [INFO] Created portrait short MP4: song_8K_Short_FullSong.mp4 [encoder=libx264]
[2026-09-16 00:35:32] [converterTests] [INFO] Created portrait short MP4 (centre cut): song_8K_Short_CenterCut.mp4 [encoder=libx264]
[2026-09-16 00:35:34] [converterTests] [INFO] Created portrait short MP4 (centre cut): song_8K_Short_FullSong_CenterCut.mp4 [encoder=libx264]
Test Case '-[converterTests.PipelineIntegrationTests testShortAcceptsGenericAudioOnlyInputFormat]' passed (13.007 seconds).
Test Case '-[converterTests.PipelineIntegrationTests testShortBuildsLongSongFullSongVariant]' started.
[2026-09-16 00:35:36] [converterTests] [WARN] Duplicate config key 'SHORT_MP4_CLIP_SECONDS' in /var/folders/bl/0_vgy5fd1t94djrp8z4pw9zm0000gn/T/converter-tests.339D72E7-7FBC-4E67-9FE4-A9DC7B1DE6CB/config.txt; using the last value '58'
[2026-09-16 00:35:36] [converterTests] [INFO] Short source audio: song.mp3
[2026-09-16 00:35:36] [converterTests] [INFO] Short source image: poster.png
[2026-09-16 00:35:39] [converterTests] [INFO] Short video encoders: libx264, h264_videotoolbox
[2026-09-16 00:35:47] [converterTests] [INFO] Created portrait short MP4: song_8K_Short.mp4 [encoder=libx264]
[2026-09-16 00:36:03] [converterTests] [INFO] Created portrait short MP4: song_8K_Short_FullSong.mp4 [encoder=libx264]
[2026-09-16 00:36:09] [converterTests] [INFO] Created portrait short MP4 (centre cut): song_8K_Short_CenterCut.mp4 [encoder=libx264]
[2026-09-16 00:36:18] [converterTests] [INFO] Created portrait short MP4 (centre cut): song_8K_Short_FullSong_CenterCut.mp4 [encoder=libx264]
Test Case '-[converterTests.PipelineIntegrationTests testShortBuildsLongSongFullSongVariant]' passed (50.401 seconds).
Test Case '-[converterTests.PipelineIntegrationTests testShortBuildsOnlyPortraitMP4FromDirectImageAndAudio]' started.
[2026-09-16 00:36:26] [converterTests] [INFO] Short source audio: song.flac
[2026-09-16 00:36:26] [converterTests] [INFO] Short source image: poster.png
[2026-09-16 00:36:27] [converterTests] [INFO] Short video encoders: libx264, h264_videotoolbox
[2026-09-16 00:36:29] [converterTests] [INFO] Created portrait short MP4: song_8K_Short.mp4 [encoder=libx264]
[2026-09-16 00:36:33] [converterTests] [INFO] Created portrait short MP4: song_8K_Short_FullSong.mp4 [encoder=libx264]
[2026-09-16 00:36:35] [converterTests] [INFO] Created portrait short MP4 (centre cut): song_8K_Short_CenterCut.mp4 [encoder=libx264]
[2026-09-16 00:36:37] [converterTests] [INFO] Created portrait short MP4 (centre cut): song_8K_Short_FullSong_CenterCut.mp4 [encoder=libx264]
Test Case '-[converterTests.PipelineIntegrationTests testShortBuildsOnlyPortraitMP4FromDirectImageAndAudio]' passed (13.061 seconds).
Test Case '-[converterTests.PipelineIntegrationTests testShortCapBoundaryAndFullSongCompanionDecision]' started.
[2026-09-16 00:36:39] [converterTests] [WARN] Duplicate config key 'SHORT_MP4_CLIP_SECONDS' in /var/folders/bl/0_vgy5fd1t94djrp8z4pw9zm0000gn/T/converter-tests.8C10414A-764D-4279-ABD8-923B8D7B6B7E/config.txt; using the last value '58'
[2026-09-16 00:36:39] [converterTests] [WARN] Duplicate config key 'SHORT_MP4_CLIP_SECONDS' in /var/folders/bl/0_vgy5fd1t94djrp8z4pw9zm0000gn/T/converter-tests.8C10414A-764D-4279-ABD8-923B8D7B6B7E/config.txt; using the last value '30'
[2026-09-16 00:36:39] [converterTests] [WARN] Duplicate config key 'SHORT_MP4_CLIP_SECONDS' in /var/folders/bl/0_vgy5fd1t94djrp8z4pw9zm0000gn/T/converter-tests.8C10414A-764D-4279-ABD8-923B8D7B6B7E/config.txt; using the last value '75'
Test Case '-[converterTests.PipelineIntegrationTests testShortCapBoundaryAndFullSongCompanionDecision]' passed (0.010 seconds).
Test Case '-[converterTests.PipelineIntegrationTests testShortFromHotMP3IsNotRejectedForClippedSamplesItInherits]' started.
[2026-09-16 00:36:39] [converterTests] [WARN] Duplicate config key 'AUDIO_QC_MAX_CLIPPED_SAMPLES' in /var/folders/bl/0_vgy5fd1t94djrp8z4pw9zm0000gn/T/converter-tests.A8464B19-2995-44A1-ACE9-5858D16B40CC/config.txt; using the last value '0'
[2026-09-16 00:36:39] [converterTests] [WARN] Duplicate config key 'SHORT_MP4_CLIP_SECONDS' in /var/folders/bl/0_vgy5fd1t94djrp8z4pw9zm0000gn/T/converter-tests.A8464B19-2995-44A1-ACE9-5858D16B40CC/config.txt; using the last value '6'
[2026-09-16 00:36:39] [converterTests] [INFO] Short source audio: hot_master.mp3
[2026-09-16 00:36:39] [converterTests] [INFO] Short source image: poster.png
[2026-09-16 00:36:40] [converterTests] [INFO] Source already exceeds delivery QC on: clipped samples 18239 (limit 0). Verifying the render does not worsen these, rather than altering the audio.
[2026-09-16 00:36:40] [converterTests] [INFO] Short video encoders: libx264, h264_videotoolbox
[2026-09-16 00:36:43] [converterTests] [INFO] Created portrait short MP4: hot_master_8K_Short.mp4 [encoder=libx264]
[2026-09-16 00:36:44] [converterTests] [INFO] Source already exceeds delivery QC on: clipped samples 18239 (limit 0). Verifying the render does not worsen these, rather than altering the audio.
[2026-09-16 00:36:46] [converterTests] [INFO] Created portrait short MP4 (centre cut): hot_master_8K_Short_CenterCut.mp4 [encoder=libx264]
Test Case '-[converterTests.PipelineIntegrationTests testShortFromHotMP3IsNotRejectedForClippedSamplesItInherits]' passed (7.890 seconds).
Test Case '-[converterTests.PipelineIntegrationTests testShortMP4OutputStemsDoNotRepeatShortSuffixes]' started.
Test Case '-[converterTests.PipelineIntegrationTests testShortMP4OutputStemsDoNotRepeatShortSuffixes]' passed (0.003 seconds).
Test Case '-[converterTests.PipelineIntegrationTests testShortRendersNarrowPortraitMP4Inputs]' started.
[2026-09-16 00:36:47] [converterTests] [WARN] Duplicate config key 'SHORT_MP4_CLIP_SECONDS' in /var/folders/bl/0_vgy5fd1t94djrp8z4pw9zm0000gn/T/converter-tests.D684F328-E023-4451-8094-4D4B6E6847FC/config.txt; using the last value '58'
[2026-09-16 00:36:47] [converterTests] [INFO] Short video encoders: libx264, h264_videotoolbox
[2026-09-16 00:36:50] [converterTests] [INFO] Created short MP4: tall_source_Short.mp4 [encoder=libx264]
Test Case '-[converterTests.PipelineIntegrationTests testShortRendersNarrowPortraitMP4Inputs]' passed (3.742 seconds).
Test Case '-[converterTests.PipelineIntegrationTests testShortVideoHardCapsAt58SecondsEvenIfConfigRequestsMore]' started.
[2026-09-16 00:36:52] [converterTests] [WARN] Duplicate config key 'SHORT_MP4_CLIP_SECONDS' in /var/folders/bl/0_vgy5fd1t94djrp8z4pw9zm0000gn/T/converter-tests.C1BDFD67-3D68-4ED2-ACB9-A35F8AA03785/config.txt; using the last value '75'
[2026-09-16 00:36:53] [converterTests] [INFO] Short video encoders: libx264, h264_videotoolbox
[2026-09-16 00:36:59] [converterTests] [INFO] Created short MP4: long_source_Short.mp4 [encoder=libx264]
Test Case '-[converterTests.PipelineIntegrationTests testShortVideoHardCapsAt58SecondsEvenIfConfigRequestsMore]' passed (9.533 seconds).
Test Case '-[converterTests.PipelineIntegrationTests testShortVideoRenderFallsBackToSoftwareEncoder]' started.
[2026-09-16 00:37:00] [converterTests] [WARN] Duplicate config key 'SHORT_MP4_VIDEO_CODEC' in /var/folders/bl/0_vgy5fd1t94djrp8z4pw9zm0000gn/T/converter-tests.C9FD9F43-9DD1-4861-B2C0-5CE86B5AD46B/config.txt; using the last value 'definitely_missing_short_encoder'
[2026-09-16 00:37:00] [converterTests] [WARN] Duplicate config key 'SHORT_MP4_VIDEO_FALLBACKS' in /var/folders/bl/0_vgy5fd1t94djrp8z4pw9zm0000gn/T/converter-tests.C9FD9F43-9DD1-4861-B2C0-5CE86B5AD46B/config.txt; using the last value 'libx264'
[2026-09-16 00:37:00] [converterTests] [WARN] Duplicate config key 'SHORT_MP4_VERIFY_CODEC' in /var/folders/bl/0_vgy5fd1t94djrp8z4pw9zm0000gn/T/converter-tests.C9FD9F43-9DD1-4861-B2C0-5CE86B5AD46B/config.txt; using the last value 'h264'
[2026-09-16 00:37:01] [converterTests] [INFO] Main video encoders: hevc_videotoolbox, libx265
[2026-09-16 00:37:03] [converterTests] [INFO] Created MP4: track_8K.mp4 [encoder=hevc_videotoolbox]
[2026-09-16 00:37:04] [converterTests] [INFO] Short video encoders: libx264
[2026-09-16 00:37:05] [converterTests] [INFO] Created short MP4: track_8K_Short.mp4 [encoder=libx264]
Test Case '-[converterTests.PipelineIntegrationTests testShortVideoRenderFallsBackToSoftwareEncoder]' passed (6.201 seconds).
Test Case '-[converterTests.PipelineIntegrationTests testSilenceAddsLeadingAndTrailingPaddingToWAVFLACAndMP4]' started.
[2026-09-16 00:37:06] [converterTests] [INFO] Add silence pad_flac.flac: before=0.500 after=0.500
[2026-09-16 00:37:09] [converterTests] [INFO] Created silence-padded media: pad_flac_silence_0_5s.flac
[2026-09-16 00:37:09] [converterTests] [INFO] Add silence pad_video.mp4: before=0.500 after=0.500
[2026-09-16 00:37:10] [converterTests] [INFO] pad_video.mp4 carries a video track; the padded audio output keeps the audio only.
[2026-09-16 00:37:11] [converterTests] [INFO] Silence MP4 video encoders: hevc_videotoolbox, libx265
[2026-09-16 00:37:13] [converterTests] [INFO] Created silence-padded media: pad_video_silence_0_5s.mp4
[2026-09-16 00:37:13] [converterTests] [INFO] Add silence pad_wav.wav: before=0.500 after=0.500
[2026-09-16 00:37:15] [converterTests] [INFO] Created silence-padded media: pad_wav_silence_0_5s.wav
Test Case '-[converterTests.PipelineIntegrationTests testSilenceAddsLeadingAndTrailingPaddingToWAVFLACAndMP4]' passed (12.407 seconds).
Test Case '-[converterTests.PipelineIntegrationTests testSilenceIgnoresPreviouslyGeneratedSilenceOutputs]' started.
Test Case '-[converterTests.PipelineIntegrationTests testSilenceIgnoresPreviouslyGeneratedSilenceOutputs]' passed (0.132 seconds).
Test Case '-[converterTests.PipelineIntegrationTests testSilenceMP4UsesH264SafeTagForSoftwareEncoder]' started.
[2026-09-16 00:37:19] [converterTests] [WARN] Duplicate config key 'VIDEO_MP4_ENCODER' in /var/folders/bl/0_vgy5fd1t94djrp8z4pw9zm0000gn/T/converter-tests.0A91D173-48DE-4345-B42B-24BB3CF1A8D6/config.txt; using the last value 'libx264'
[2026-09-16 00:37:19] [converterTests] [WARN] Duplicate config key 'VIDEO_MP4_ENCODER_FALLBACKS' in /var/folders/bl/0_vgy5fd1t94djrp8z4pw9zm0000gn/T/converter-tests.0A91D173-48DE-4345-B42B-24BB3CF1A8D6/config.txt; using the last value ''
[2026-09-16 00:37:19] [converterTests] [WARN] Duplicate config key 'VIDEO_MP4_TAG' in /var/folders/bl/0_vgy5fd1t94djrp8z4pw9zm0000gn/T/converter-tests.0A91D173-48DE-4345-B42B-24BB3CF1A8D6/config.txt; using the last value 'hvc1'
[2026-09-16 00:37:19] [converterTests] [INFO] Add silence software_pad_video.mp4: before=0.500 after=0.500
[2026-09-16 00:37:19] [converterTests] [INFO] software_pad_video.mp4 carries a video track; the padded audio output keeps the audio only.
[2026-09-16 00:37:21] [converterTests] [INFO] Silence MP4 video encoders: libx264
[2026-09-16 00:37:22] [converterTests] [INFO] Created silence-padded media: software_pad_video_silence_0_5s.mp4
Test Case '-[converterTests.PipelineIntegrationTests testSilenceMP4UsesH264SafeTagForSoftwareEncoder]' passed (4.800 seconds).
Test Case '-[converterTests.PipelineIntegrationTests testSilentChannelIsReportedAsStereoImbalance]' started.
Test Case '-[converterTests.PipelineIntegrationTests testSilentChannelIsReportedAsStereoImbalance]' passed (0.335 seconds).
Test Case '-[converterTests.PipelineIntegrationTests testSourceSegmentQCIsMeasuredOncePerSegmentAndRate]' started.
Test Case '-[converterTests.PipelineIntegrationTests testSourceSegmentQCIsMeasuredOncePerSegmentAndRate]' passed (3.934 seconds).
Test Case '-[converterTests.PipelineIntegrationTests testTailFadeProcessesMP3WAVAndFLACWithoutTruncating]' started.
[2026-09-16 00:37:28] [converterTests] [INFO] Fade tail tail_flac.flac: duration=0.500
[2026-09-16 00:37:31] [converterTests] [INFO] Created faded audio: tail_flac_faded_0.5s.flac
[2026-09-16 00:37:31] [converterTests] [INFO] Fade tail tail_mp3.mp3: duration=0.500
[2026-09-16 00:37:33] [converterTests] [INFO] Created faded audio: tail_mp3_faded_0.5s.mp3
[2026-09-16 00:37:33] [converterTests] [INFO] Fade tail tail_wav.wav: duration=0.500
[2026-09-16 00:37:36] [converterTests] [INFO] Created faded audio: tail_wav_faded_0.5s.wav
Test Case '-[converterTests.PipelineIntegrationTests testTailFadeProcessesMP3WAVAndFLACWithoutTruncating]' passed (10.316 seconds).
Test Case '-[converterTests.PipelineIntegrationTests testUnifiedHashIgnoresNestedDirectories]' started.
[2026-09-16 00:37:38] [converterTests] [INFO] Hash WAV, FLAC, MP3, and MP4 filenames
[2026-09-16 00:37:38] [converterTests] [WARN] No .wav, .flac, .mp3, or .mp4 files found in '/var/folders/bl/0_vgy5fd1t94djrp8z4pw9zm0000gn/T/converter-tests.E112E007-665F-4FEC-B928-C245AFF592C3/Output'.
Test Case '-[converterTests.PipelineIntegrationTests testUnifiedHashIgnoresNestedDirectories]' passed (0.073 seconds).
Test Case '-[converterTests.PipelineIntegrationTests testUnifiedHashRenamesWAVFLACMP3AndMP4Together]' started.
[2026-09-16 00:37:38] [converterTests] [INFO] Hash WAV, FLAC, MP3, and MP4 filenames
[2026-09-16 00:37:39] [converterTests] [INFO] Renamed wav: mix_wave.wav -> A6552CB3.wav
[2026-09-16 00:37:39] [converterTests] [INFO] Renamed flac: mix_flac.flac -> 5CDF3EE5.flac
[2026-09-16 00:37:39] [converterTests] [INFO] Renamed mp3: mix_mp3.mp3 -> 1199DB3B.mp3
[2026-09-16 00:37:39] [converterTests] [INFO] Renamed mp4: mix_video.mp4 -> 2B06BCBF.mp4
[2026-09-16 00:37:39] [converterTests] [INFO] Hash rename complete: renamed=4/4 failed=0
Test Case '-[converterTests.PipelineIntegrationTests testUnifiedHashRenamesWAVFLACMP3AndMP4Together]' passed (2.342 seconds).
Test Case '-[converterTests.PipelineIntegrationTests testVideoRenderStreamCopiesAnAlreadyStandardALACSource]' started.
[2026-09-16 00:37:42] [converterTests] [INFO] Main video encoders: hevc_videotoolbox, libx265
[2026-09-16 00:37:43] [converterTests] [INFO] Created MP4: alac_track_8K.mp4 [encoder=hevc_videotoolbox]
Test Case '-[converterTests.PipelineIntegrationTests testVideoRenderStreamCopiesAnAlreadyStandardALACSource]' passed (3.400 seconds).
Test Case '-[converterTests.PipelineIntegrationTests testVisualSubsCreatesVerifiedPNGViaPublishedOutput]' started.
[2026-09-16 00:37:44] [converterTests] [INFO] Created visualsubs PNG: /var/folders/bl/0_vgy5fd1t94djrp8z4pw9zm0000gn/T/converter-tests.7842D77C-830E-48E8-9D01-A40B5AC94691/Output/dots.png
Test Case '-[converterTests.PipelineIntegrationTests testVisualSubsCreatesVerifiedPNGViaPublishedOutput]' passed (0.345 seconds).
Test Case '-[converterTests.PipelineIntegrationTests testVisualSubsReservesCenterMarkerAgainstRandomDots]' started.
[2026-09-16 00:37:44] [converterTests] [INFO] Created visualsubs PNG: /var/folders/bl/0_vgy5fd1t94djrp8z4pw9zm0000gn/T/converter-tests.B384AA87-7A7E-42F2-9C37-9A440B5EB015/Output/center_guard.png
Test Case '-[converterTests.PipelineIntegrationTests testVisualSubsReservesCenterMarkerAgainstRandomDots]' passed (0.288 seconds).
Test Case '-[converterTests.PipelineIntegrationTests testWAVHashAcceptsNonStandardRIFFInput]' started.
[2026-09-16 00:37:44] [converterTests] [INFO] Hash WAV filenames
[2026-09-16 00:37:45] [converterTests] [INFO] Renamed wav: plain_hash.wav -> A6552CB3.wav
Test Case '-[converterTests.PipelineIntegrationTests testWAVHashAcceptsNonStandardRIFFInput]' passed (0.616 seconds).
Test Case '-[converterTests.PipelineIntegrationTests testWAVToM4AAcceptsNonStandardRIFFInput]' started.
[2026-09-16 00:37:48] [converterTests] [INFO] Created M4A: plain_input.m4a
Test Case '-[converterTests.PipelineIntegrationTests testWAVToM4AAcceptsNonStandardRIFFInput]' passed (4.268 seconds).
Test Case '-[converterTests.PipelineIntegrationTests testWAVToMP3ContinueOnErrorConvertsRemainingFilesThenSummarizes]' started.
[2026-09-16 00:37:49] [converterTests] [INFO] WAV -> MP3: a.wav
[2026-09-16 00:37:53] [converterTests] [INFO] Created MP3: a.mp3
[2026-09-16 00:37:53] [converterTests] [INFO] WAV -> MP3: b.wav
[2026-09-16 00:37:53] [converterTests] [ERROR] WAV format mismatch for /private/var/folders/bl/0_vgy5fd1t94djrp8z4pw9zm0000gn/T/converter-tests.42890045-1C65-421F-A717-9E4CA5FDE51E/Output/b.wav (got='' expected='WAVE')
[2026-09-16 00:37:53] [converterTests] [INFO] WAV -> MP3: c.wav
[2026-09-16 00:37:56] [converterTests] [INFO] Created MP3: c.mp3
Test Case '-[converterTests.PipelineIntegrationTests testWAVToMP3ContinueOnErrorConvertsRemainingFilesThenSummarizes]' passed (7.416 seconds).
Test Case '-[converterTests.PipelineIntegrationTests testWAVToMP3StopsAtFirstFailureWithoutContinueOnError]' started.
[2026-09-16 00:37:57] [converterTests] [INFO] WAV -> MP3: a.wav
[2026-09-16 00:38:00] [converterTests] [INFO] Created MP3: a.mp3
[2026-09-16 00:38:00] [converterTests] [INFO] WAV -> MP3: b.wav
[2026-09-16 00:38:00] [converterTests] [ERROR] WAV format mismatch for /private/var/folders/bl/0_vgy5fd1t94djrp8z4pw9zm0000gn/T/converter-tests.E8202270-F12B-4BDD-95DB-C3593CD7CF88/Output/b.wav (got='' expected='WAVE')
Test Case '-[converterTests.PipelineIntegrationTests testWAVToMP3StopsAtFirstFailureWithoutContinueOnError]' passed (3.810 seconds).
Test Case '-[converterTests.PipelineIntegrationTests testWorkspaceIgnoresHostDirectoryAndDebugOverrides]' started.
Test Case '-[converterTests.PipelineIntegrationTests testWorkspaceIgnoresHostDirectoryAndDebugOverrides]' passed (0.002 seconds).
Test Suite 'PipelineIntegrationTests' passed at 2026-09-16 00:38:00.996.
	 Executed 144 tests, with 0 failures (0 unexpected) in 756.784 (756.799) seconds
Test Suite 'converterTests.xctest' passed at 2026-09-16 00:38:00.996.
	 Executed 278 tests, with 0 failures (0 unexpected) in 765.449 (765.476) seconds
Test Suite 'All tests' passed at 2026-09-16 00:38:00.996.
	 Executed 278 tests, with 0 failures (0 unexpected) in 765.449 (765.477) seconds
Usage:
  xctest                 # show this help
  xctest -album
  xctest --hash
  xctest -bass
  xctest -bass 80 5
  xctest -bass 80 -5
  xctest -loudscan
  xctest -loudness
  xctest -loudness -13
  xctest -doctor
  xctest -fade 10
  xctest -fadecut 5 10
  xctest -fadeout 1:30 10
  xctest -noise
  xctest -noise 45
  xctest -silence
  xctest -silence 45
  xctest -short
  xctest -full
  xctest -flactomp3
  xctest -m4atomp4
  xctest -matrix
  xctest -visualsubs 9 --output-file dots.png

Profiles:
  Built-in profiles: youtube_master, youtube_short, fast_preview
  Use: --profile NAME
  Default: config-driven if PROFILE is set, otherwise youtube_master

Full run:
  Use: -full / -run
  Source directory: '/Applications/Xcode.app/Contents/Developer/usr/bin/Output'
  Required inputs:
    - Either exactly 1 source image (.png/.jpg/.jpeg), or direct 8K PNG inputs:
      Horizontal_8K.png for the main MP4 and optional Vertical_8K.png for the short MP4.
    - If both Horizontal_8K.png and Vertical_8K.png are present, full run renders the main MP4 first,
      then renders the short directly from Vertical_8K.png.
    - If Vertical_8K.png is absent, a discovered portrait source image is used for the fitted
      short; failing that, *_NFT8K.png is used or created, centered in the portrait frame
      with black top/bottom padding.
    - Exactly 1 source audio file: .flac or .wav or .mp3. It is renamed to 1_source.<ext>
      (with its _RF64/_BW64 companions) before the run, and every deliverable is named 1.*.
  Full-run result:
    - Image deliverables: 8K/4K PNG, NFT PNGs, 3K/2K PNG, JPG exports, and both portrait
      short framings as stills: *_Short_8K.png / *_Short_CenterCut_8K.png plus _1MB/_2MB JPGs
      Direct Horizontal_8K.png/Vertical_8K.png inputs are used as-is for videos; Horizontal_8K.png still derives companion image deliverables.
    - Audio/video deliverables: WAV, M4A, MP3, main MP4, and four portrait shorts:
      _8K_Short.mp4 (fitted, black padding) and _8K_Short_CenterCut.mp4 (centre of the 8K
      master, fills the frame); each gains a _FullSong companion when the audio is longer
      than the cap, min(SHORT_MP4_CLIP_SECONDS, 58) seconds
    - External audio deliverables: *_RF64.flac, *_RF64.wav, *_BW64.wav
      These archival companions are delivery-only and are not reused as full-run source inputs.

Album run:
  Use: -album
  Input: two or more .mp3, .wav, or .flac files in SRC_DIR plus the same full-run image inputs.
  Order: natural numeric filename order.
  Output: one loudness-normalized RF64 album WAV, then the same audio/video deliverables as -run.

Manual actions by input type:

  Audio actions:
    --hash
      Input: any mix of .wav, .flac, .mp3, and .mp4 files in SRC_DIR
      Output: all found .wav, .flac, .mp3, and .mp4 files renamed to CRC32-based filenames
    -bass [FREQUENCY_HZ GAIN_DB]
      Input: one or more .flac, .wav, .mp3, .m4a, or .mp4 files in SRC_DIR
      Output: same-format files with bass adjustment applied; default is 0-80 Hz boosted by 5 dB; negative gain reduces bass
    -loudscan
      Input: one or more .flac, .wav, .mp3, .m4a, or .mp4 files in SRC_DIR
      Output: four terminal report lines: average, lowest, highest, and top-3 loudest average
    -loudness [TARGET_LUFS]
      Input: one or more .flac, .wav, .mp3, .m4a, or .mp4 files in SRC_DIR
      Output: same-format files normalized to TARGET_LUFS for livestream-consistent playback; default is -12 LUFS
    -master
      Input: one or more .flac, .wav, .mp3, .m4a, or .mp4 files in SRC_DIR
      Output: same-format _mastered files; stages through the internal WAV and remediates loudness
        to the mastering target (-12 LUFS default) with two-pass loudnorm when the source is out of policy
    -noise [SECONDS]
      Input: one or more .flac, .wav, .mp3, .m4a, or .mp4 files in SRC_DIR
      Output: same-format files ending in _noise_SECONDSs: noise, 2s silence, source, 2s silence, noise; noise is -12 LUFS and default is 30 seconds; SECONDS must be at least 0.5
    -silence [SECONDS]
      Input: one or more .wav, .flac, or .mp4 files in SRC_DIR
      Output: same-format files ending in _silence_SECONDSs with SECONDS of silence before and after the original media; default is 30 seconds; SECONDS must be at least 0.5
    -short
      Input: exactly 1 image (.png/.jpg/.jpeg) plus exactly 1 audio-only file supported by ffmpeg in SRC_DIR
      Output: ALAC-audio portrait shorts capped at 58 seconds — _8K_Short.mp4 fits the image into the
        frame with black padding, _8K_Short_CenterCut.mp4 crops the centre of the 8K master to fill the
        frame with no padding; each gains a _FullSong companion when the audio is longer than 58 seconds
    -flactowav
      Input: one or more .flac files in SRC_DIR
      Output: project-standard RF64 WAV files
    -flactomp3
      Input: one or more .flac files in SRC_DIR
      Output: .mp3 files
    -flactom4a
      Input: one or more .flac files in SRC_DIR
      Output: .m4a files
    -flactoalbum
      Input: one or more .flac files in SRC_DIR
      Output: one RF64 album WAV
    -flactohash
      Input: one or more .flac files in SRC_DIR
      Output: same files renamed to CRC32-based .flac names

    -m4atowav
      Input: one or more .m4a files in SRC_DIR
      Output: project-standard RF64 WAV files
    -m4atomp3
      Input: one or more .m4a files in SRC_DIR
      Output: .mp3 files
    -m4atoflac
      Input: one or more .m4a files in SRC_DIR
      Output: .flac files

    -mp3toflac
      Input: one or more .mp3 files in SRC_DIR
      Output: .flac files
    -mp3towav
      Input: one or more .mp3 files in SRC_DIR
      Output: project-standard RF64 WAV files
    -mp3tom4a
      Input: one or more .mp3 files in SRC_DIR
      Output: .m4a files
    -nfttoshort
      Input: exactly 1 audio-only file supported by ffmpeg plus exactly 1 source image (.png/.jpg/.jpeg) or exactly 1 *_8K.png in SRC_DIR
      Output: ALAC-audio portrait shorts capped at 58 seconds, preserving source loudness — _8K_Short.mp4
        uses Vertical_8K.png when present, otherwise *_NFT8K.png with black padding;
        _8K_Short_CenterCut.mp4 crops the centre of the 8K master to fill the frame; each gains a
        _FullSong companion when the audio is longer
    -mp3clean
      Input: one or more .mp3 files in SRC_DIR
      Output: same .mp3 files rewritten as audio-only MP3 with artwork, junk streams, and metadata removed
    -mp3toalbum
      Input: album.txt order file plus referenced .mp3 files
      Output: one RF64 album WAV joined in listed order without loudness normalization; use -album for a normalized directory build
    -mp3tohash
      Input: one or more .mp3 files in SRC_DIR
      Output: same files renamed to CRC32-based .mp3 names

    -wavtom4a
      Input: one or more .wav files in SRC_DIR
      Output: .m4a files
    -wavtomp3
      Input: one or more .wav files in SRC_DIR
      Output: .mp3 files
    -wavtoflac
      Input: one or more .wav files in SRC_DIR
      Output: .flac files
    -fade [SECONDS]
      Input: one or more audio files (.flac, .wav, .mp3) in SRC_DIR
      Output: full-length same-format files ending in _faded_SECONDSs after fading the final SECONDS
      Default: 10 seconds when SECONDS is omitted
      Compatibility: -fadeflac is accepted as an alias for -fade
    -fadecut CUT_SECONDS FADE_SECONDS
      Input: one or more audio files (.flac, .wav, .mp3) in SRC_DIR
      Output: same-format files ending in _fadecut_CUT_SECONDSs_FADE_SECONDSs after removing CUT_SECONDS from the end,
        then applying a normal fade over the final FADE_SECONDS of the shortened file
    -fadeout START DURATION
      Input: one or more audio files (.flac, .wav, .mp3, .m4a) in SRC_DIR
      Output: same-format files ending in _fadeout_STARTs_DURATIONs after fading from START for DURATION and truncating at START + DURATION
      Time format: seconds, MM:SS, or HH:MM:SS
    -fadewav
      Input: one or more .wav files in SRC_DIR
      Output: faded RF64 WAV files
    -wavtoalbum
      Input: album.txt order file plus referenced .wav files
      Output: one RF64 album WAV joined in listed order without loudness normalization; use -album for a normalized directory build
    -wavtohash
      Input: one or more .wav files in SRC_DIR
      Output: same files renamed to CRC32-based .wav names

  Picture actions:
    -jpgtopng
      Input: one or more .jpg or .jpeg files in SRC_DIR
      Output: .png files
    -pngtojpg
      Input: one or more .png files in SRC_DIR
      Output: .jpg files
    -aipix
      Input: one or more .png files in SRC_DIR
      Output: _8K.png and _4K.png variants
    -pngtonft
      Input: one or more *_8K.png files in SRC_DIR
      Output: _NFT8K.png, _NFT3K.png, _NFT2K.png
    -pngto3k
      Input: one or more *_8K.png files in SRC_DIR
      Output: _3K.png
    -pngto2k
      Input: one or more *_8K.png files in SRC_DIR
      Output: _2K.png
    -pngto3k1mb
      Input: one or more *_3K.png files in SRC_DIR
      Output: _1MB.jpg
    -pngto3k5mb
      Input: one or more *_3K.png files in SRC_DIR
      Output: _5MB.jpg
    -pngtojpg1mb
      Input: one or more *_8K.png files in SRC_DIR
      Output: _1MB.jpg
    -pngtojpg2mb
      Input: one or more *_8K.png files in SRC_DIR
      Output: _2MB.jpg
    -pngtojpg20mb
      Input: one or more *_8K.png files in SRC_DIR
      Output: _20MB.jpg
    -run_pix
      Input: one or more source images (.png, .jpg, .jpeg) in SRC_DIR
      Output: full image-only pipeline deliverables
    -visualsubs
      Input: dot count via --num-dots N or positional number
      Output: generated PNG image

  Video actions:
    -m4atomp4
      Input: exactly 1 *_8K.png image and exactly 1 .m4a audio
      Output: main MP4
    -mp4toshort
      Input: one or more .mp4 files in SRC_DIR
      Output: _Short.mp4 portrait clips capped at 58 seconds

  Maintenance:
    -doctor
      Input: no media files required
      Output: validates toolchain, config, encoder/filter support, directories, and optionally current source media
    -clean
      Input: no special source file requirement
      Output: removes transient/temp files from OUT_DIR
    -matrix
      Input: no source files required
      Output: prints the supported conversion matrix

Common options:
  --config FILE
  --profile NAME
  --src-dir DIR
  --out-dir DIR
  --output-dir DIR
  --output-file FILE
    FILE must resolve directly inside OUT_DIR; subfolders are rejected.
  --overwrite
  --keep-full-name
    Keep trailing derivative markers such as _8K/_4K/_3K/_2K in image output stems.
    Default: those known markers are stripped before the new suffix is added.
  --lowercase-prefix
  --no-recursive
    Accepted for compatibility; scanning is always limited to the current SRC_DIR/Output folder.
  --continue-on-error
  --trailing-silence
  --sharpness FLOAT
  --sleep-seconds FLOAT
  --num-dots N
  --dot-size N
  --max-attempts N
  --seed N
  --open
  --debug
  -help
  -list

Notes:
  - Required media inputs are auto-discovered from SRC_DIR. By default that is the Output folder.
  - SRC_DIR is the input scan directory. OUT_DIR is the output write directory.
  - Use --src-dir and --out-dir to override both.
  - Use --output-file FILE when a single final file should use a custom path/name.
◇ Test run started.
↳ Testing Library Version: 2084
↳ Target Platform: arm64e-apple-macos14.0
✔ Test run with 0 tests in 0 suites passed after 0.001 seconds.
[suite exit: 0]

=== 12. periphery (unused code)
periphery findings: 23  (unused: 0)

=== 13. functional smoke test of the committed binary
-help ok
-matrix ok
-doctor ok

=== Phase E complete on Node2.local
