=== Phase E on Node2.local — 27.0, Apple Swift version 6.4 (swiftlang-6.4.0.34.1 clang-2100.3.34.1)
=== clone HEAD: 2e85d5a1cfe81a19456a8140940ac18c04c1ee80  (main tip: Swift 6.4 manifest + enforced formatter)
=== working tree: 0 modified paths

=== 1. debug build (warnings are errors)
Building for debugging...
[Pre-planning 1 / 125]
[Planning deferred tasks]
[30 / 68] BW64Bridge
[38 / 68]
[41 / 70] converter-product
[49 / 126]
[51 / 126]
[53 / 126]
[56 / 126]
[60 / 126]
[61 / 126]
[62 / 126] BW64Bridge
[63 / 126]
[67 / 126]
[69 / 126]
[72 / 126]
[76 / 126]
[78 / 126]
[79 / 126]
[89 / 126] converter-product
[90 / 126] converter-product
[100 / 126] converter
[105 / 126] converter
[107 / 126] converter-product
[107 / 126] converter
[107 / 126] converter-product
[111 / 126] converter-product
[116 / 127] converterTests-product
[128 / 163]
[135 / 163]
[138 / 163]
[141 / 163]
[142 / 163]
[143 / 163]
[146 / 163]
[147 / 163]
[152 / 163] converterTests-product
[157 / 163] converterTests-product
[159 / 163] converterTests-product
Build complete! (15,09 secs)
[debug build exit: 0]

=== 2. strict release build
Building for production...
[Planning deferred tasks]
[14 / 20] converter-product
[24 / 59]
[27 / 59]
[34 / 59]
[36 / 59]
[40 / 59] BW64Bridge
[43 / 59]
[46 / 59]
[50 / 59]
[52 / 59]
[53 / 59]
[55 / 59] converter-product
[57 / 59] converter-product
[58 / 59] converter-product
Build complete! (19,99 secs)
[release build exit: 0]

=== 3. committed binary checksum
converter: OK
[checksum exit: 0]

=== 4. swiftlint budget
swiftlint 0.65.1: 151 violations (21 error-level) — budget 151 / 21 recorded with swiftlint 0.65.1
no new violations
[lint exit: 0]

=== 4b. swift-format gate
swift format clean: Apple Swift version 6.4 (swiftlang-6.4.0.34.1 clang-2100.3.34.1)
[format exit: 0]

=== 5. python tooling
6 files already formatted
All checks passed!
Success: no issues found in 6 source files
python tooling clean: ruff 0.16.7, mypy 2.3.1 (compiled: yes)
[python exit: 0]

=== 6. secret scan (full history)
[90m1:31AM[0m [32mINF[0m [1m321 commits scanned.[0m
[90m1:31AM[0m [32mINF[0m [1mscanned ~9756122 bytes (9.76 MB) in 1.03s[0m
[90m1:31AM[0m [32mINF[0m [1mno leaks found[0m
[gitleaks exit: 0]

=== 7. SAST

A new version of Semgrep is available. See https://semgrep.dev/docs/upgrading
If Semgrep missed a finding, please send us feedback to let us know!
See https://semgrep.dev/docs/reporting-false-negatives/
[semgrep exit: 0]

=== 8. cppcheck (bridge)
Checking Sources/BW64Bridge/bw64_bridge.cpp ...
Checking Sources/BW64Bridge/bw64_bridge.cpp: __clang__=__clang__...
[cppcheck exit: 0]

=== 9. clang-tidy (bridge)
first-party clang-tidy findings: 0

=== 10. placeholder sweep
TODO/FIXME/HACK/XXX/STUB in first-party sources: 0
try!/as!/fatalError in first-party sources:      0

=== 11. full test suite
Building for debugging...
[Pre-planning 1 / 125]
[Planning deferred tasks]
[2 / 14]
[5 / 16] converter
[14 / 35] converter-product
[15 / 35] converter-product
[17 / 35] converter-product
[22 / 37] converter
[25 / 38] converter
[26 / 38] converter
[28 / 40] converter
[29 / 40] converter
[29 / 40] BW64Bridge
[29 / 41] converter-product
[29 / 41] converter
[29 / 41] converter-product
[31 / 41] converter-product
[33 / 42] converter
[37 / 42] converterTests-product
[39 / 50]
[40 / 50]
[45 / 50] converterTests-product
[48 / 51] converterTests-product
[50 / 51] converterTests-product
Build complete! (10,72 secs)
Test Suite 'All tests' started at 2026-09-16 01:32:12.059.
Test Suite 'converterTests.xctest' started at 2026-09-16 01:32:12.060.
Test Suite 'ConverterTests' started at 2026-09-16 01:32:12.060.
Test Case '-[converterTests.ConverterTests testAlbumActionParsesAndSortsNaturallyIgnoringExtension]' started.
Test Case '-[converterTests.ConverterTests testAlbumActionParsesAndSortsNaturallyIgnoringExtension]' passed (0.034 seconds).
Test Case '-[converterTests.ConverterTests testAlbumCandidatesCollapseSameStemFamiliesAndSkipDerivedOutputs]' started.
[2026-09-16 01:32:12] [converterTests] [WARN] Album track 01.flac has same-stem conversions beside it; ignoring 01.wav, 01.mp3.
Test Case '-[converterTests.ConverterTests testAlbumCandidatesCollapseSameStemFamiliesAndSkipDerivedOutputs]' passed (0.002 seconds).
Test Case '-[converterTests.ConverterTests testAlbumFileFlagRejectionNamesAlbumTxtAndDirectoryCommands]' started.
Test Case '-[converterTests.ConverterTests testAlbumFileFlagRejectionNamesAlbumTxtAndDirectoryCommands]' passed (0.000 seconds).
Test Case '-[converterTests.ConverterTests testAlbumTrackSortParsesOnlyASCIIDigitPrefixes]' started.
Test Case '-[converterTests.ConverterTests testAlbumTrackSortParsesOnlyASCIIDigitPrefixes]' passed (0.001 seconds).
Test Case '-[converterTests.ConverterTests testArchivalSuffixOnlySkipsAudioThatSitsBesideItsSource]' started.
[2026-09-16 01:32:12] [converterTests] [INFO] Source audio renamed: Mirage_bass_80Hz_4dB_RF64.flac -> 1_source.flac
Test Case '-[converterTests.ConverterTests testArchivalSuffixOnlySkipsAudioThatSitsBesideItsSource]' passed (0.002 seconds).
Test Case '-[converterTests.ConverterTests testArchiveProfileIsNoLongerAcceptedOrAdvertised]' started.
[2026-09-16 01:32:12] [converterTests] [WARN] Duplicate config key 'PROFILE' in /var/folders/bl/0_vgy5fd1t94djrp8z4pw9zm0000gn/T/converter-tests.76ABE2F4-32E7-4B5E-B7F0-C97FA39BD06D/config.txt; using the last value 'archive'
Test Case '-[converterTests.ConverterTests testArchiveProfileIsNoLongerAcceptedOrAdvertised]' passed (0.002 seconds).
Test Case '-[converterTests.ConverterTests testAstatsMetricsFailClosedAndTreatSilentChannelAsInfiniteImbalance]' started.
Test Case '-[converterTests.ConverterTests testAstatsMetricsFailClosedAndTreatSilentChannelAsInfiniteImbalance]' passed (0.001 seconds).
Test Case '-[converterTests.ConverterTests testAstatsParserIgnoresOtherFiltersSharingTheSameStderr]' started.
Test Case '-[converterTests.ConverterTests testAstatsParserIgnoresOtherFiltersSharingTheSameStderr]' passed (0.000 seconds).
Test Case '-[converterTests.ConverterTests testAsyncSemaphoreCancellationBeforeSuspensionStillThrows]' started.
Test Case '-[converterTests.ConverterTests testAsyncSemaphoreCancellationBeforeSuspensionStillThrows]' passed (0.000 seconds).
Test Case '-[converterTests.ConverterTests testAsyncSemaphoreCancellationResumesOnlyTheCancelledWaiter]' started.
Test Case '-[converterTests.ConverterTests testAsyncSemaphoreCancellationResumesOnlyTheCancelledWaiter]' passed (0.000 seconds).
Test Case '-[converterTests.ConverterTests testAsyncSemaphoreSignalRacingCancellationLeavesNoMarkerBehind]' started.
Test Case '-[converterTests.ConverterTests testAsyncSemaphoreSignalRacingCancellationLeavesNoMarkerBehind]' passed (0.006 seconds).
Test Case '-[converterTests.ConverterTests testAsyncSemaphoreWaitFastPathRefusesCancelledTask]' started.
Test Case '-[converterTests.ConverterTests testAsyncSemaphoreWaitFastPathRefusesCancelledTask]' passed (0.000 seconds).
Test Case '-[converterTests.ConverterTests testAsyncSemaphoreWithPermitCapsConcurrencyAndReleasesOnThrow]' started.
Test Case '-[converterTests.ConverterTests testAsyncSemaphoreWithPermitCapsConcurrencyAndReleasesOnThrow]' passed (0.120 seconds).
Test Case '-[converterTests.ConverterTests testAsyncSemaphoreWithPermitRefusesCancelledTask]' started.
Test Case '-[converterTests.ConverterTests testAsyncSemaphoreWithPermitRefusesCancelledTask]' passed (0.001 seconds).
Test Case '-[converterTests.ConverterTests testAudioConversionRefusesToWriteOverItsSource]' started.
Test Case '-[converterTests.ConverterTests testAudioConversionRefusesToWriteOverItsSource]' passed (0.004 seconds).
Test Case '-[converterTests.ConverterTests testBassParsesDefaultsAndManualValues]' started.
Test Case '-[converterTests.ConverterTests testBassParsesDefaultsAndManualValues]' passed (0.001 seconds).
Test Case '-[converterTests.ConverterTests testBassRejectsInvalidArguments]' started.
Test Case '-[converterTests.ConverterTests testBassRejectsInvalidArguments]' passed (0.001 seconds).
Test Case '-[converterTests.ConverterTests testBuiltInFastPreviewProfileOverridesRenderDefaults]' started.
Test Case '-[converterTests.ConverterTests testBuiltInFastPreviewProfileOverridesRenderDefaults]' passed (0.001 seconds).
Test Case '-[converterTests.ConverterTests testCancellingAPermittedOperationTerminatesItsChildProcess]' started.
Test Case '-[converterTests.ConverterTests testCancellingAPermittedOperationTerminatesItsChildProcess]' passed (0.322 seconds).
Test Case '-[converterTests.ConverterTests testCancellingOnePermitLeavesTheSiblingsChildRunning]' started.
Test Case '-[converterTests.ConverterTests testCancellingOnePermitLeavesTheSiblingsChildRunning]' passed (3.014 seconds).
Test Case '-[converterTests.ConverterTests testCanonicalPCMComparisonScansWholeFileAndEnforcesPerSampleTolerance]' started.
Test Case '-[converterTests.ConverterTests testCanonicalPCMComparisonScansWholeFileAndEnforcesPerSampleTolerance]' passed (0.027 seconds).
Test Case '-[converterTests.ConverterTests testCanonicalPCMSampleDecodingAndLengthBoundaries]' started.
Test Case '-[converterTests.ConverterTests testCanonicalPCMSampleDecodingAndLengthBoundaries]' passed (0.001 seconds).
Test Case '-[converterTests.ConverterTests testCleanActionEntryPointPreservesUserFiles]' started.
[2026-09-16 01:32:15] [converterTests] [INFO] Profile: youtube_master
[2026-09-16 01:32:15] [converterTests] [INFO] Scheduler profile: total=3 image=2 audio=2 video=1
[2026-09-16 01:32:15] [converterTests] [WARN] Recovered previous version from publish backup: /var/folders/bl/0_vgy5fd1t94djrp8z4pw9zm0000gn/T/5ACA8E09-8395-43EA-B744-A7DD1CA55745/lost.wav
[2026-09-16 01:32:15] [converterTests] [INFO] Removed transient file: .x.normalized.wav
[2026-09-16 01:32:15] [converterTests] [INFO] Removed transient file: .x.normalized
Test Case '-[converterTests.ConverterTests testCleanActionEntryPointPreservesUserFiles]' passed (0.004 seconds).
Test Case '-[converterTests.ConverterTests testCleanTransientsRemovesOnlyHiddenNormalizedFiles]' started.
[2026-09-16 01:32:15] [converterTests] [INFO] Removed transient file: .x.normalized.wav
[2026-09-16 01:32:15] [converterTests] [INFO] Removed transient file: .x.normalized
Test Case '-[converterTests.ConverterTests testCleanTransientsRemovesOnlyHiddenNormalizedFiles]' passed (0.002 seconds).
Test Case '-[converterTests.ConverterTests testCLIRejectsActionScopedOptionsAndOutOfRangePacing]' started.
Test Case '-[converterTests.ConverterTests testCLIRejectsActionScopedOptionsAndOutOfRangePacing]' passed (0.000 seconds).
Test Case '-[converterTests.ConverterTests testCLIRejectsNonFiniteSharpnessValue]' started.
Test Case '-[converterTests.ConverterTests testCLIRejectsNonFiniteSharpnessValue]' passed (0.000 seconds).
Test Case '-[converterTests.ConverterTests testCLIRejectsZeroSeedUnboundedSharpnessRepeatedActionsAndOptionLikeValues]' started.
Test Case '-[converterTests.ConverterTests testCLIRejectsZeroSeedUnboundedSharpnessRepeatedActionsAndOptionLikeValues]' passed (0.000 seconds).
Test Case '-[converterTests.ConverterTests testConfigFileStartingWithUTF8BOMAppliesItsFirstKey]' started.
Test Case '-[converterTests.ConverterTests testConfigFileStartingWithUTF8BOMAppliesItsFirstKey]' passed (0.001 seconds).
Test Case '-[converterTests.ConverterTests testConfigRangeRulesAcceptTheirBoundaryValues]' started.
[2026-09-16 01:32:15] [converterTests] [WARN] Duplicate config key 'WAV_WRITE_BEXT' in /var/folders/bl/0_vgy5fd1t94djrp8z4pw9zm0000gn/T/converter-tests.120A5DC8-932E-4FDB-B431-655F9EB65121/config.txt; using the last value '0'
[2026-09-16 01:32:15] [converterTests] [WARN] Duplicate config key 'WAV_WRITE_BEXT' in /var/folders/bl/0_vgy5fd1t94djrp8z4pw9zm0000gn/T/converter-tests.120A5DC8-932E-4FDB-B431-655F9EB65121/config.txt; using the last value '1'
[2026-09-16 01:32:15] [converterTests] [WARN] Duplicate config key 'FLAC_COMPRESSION_LEVEL' in /var/folders/bl/0_vgy5fd1t94djrp8z4pw9zm0000gn/T/converter-tests.120A5DC8-932E-4FDB-B431-655F9EB65121/config.txt; using the last value '0'
[2026-09-16 01:32:15] [converterTests] [WARN] Duplicate config key 'FLAC_COMPRESSION_LEVEL' in /var/folders/bl/0_vgy5fd1t94djrp8z4pw9zm0000gn/T/converter-tests.120A5DC8-932E-4FDB-B431-655F9EB65121/config.txt; using the last value '12'
[2026-09-16 01:32:15] [converterTests] [WARN] Duplicate config key 'IMAGE_AIPIX_PNG_COMPRESSION_LEVEL' in /var/folders/bl/0_vgy5fd1t94djrp8z4pw9zm0000gn/T/converter-tests.120A5DC8-932E-4FDB-B431-655F9EB65121/config.txt; using the last value '9'
[2026-09-16 01:32:15] [converterTests] [WARN] Duplicate config key 'IMAGE_JPG_TO_PNG_COMPRESSION_LEVEL' in /var/folders/bl/0_vgy5fd1t94djrp8z4pw9zm0000gn/T/converter-tests.120A5DC8-932E-4FDB-B431-655F9EB65121/config.txt; using the last value '9'
[2026-09-16 01:32:15] [converterTests] [WARN] Duplicate config key 'IMAGE_PNG_TO_JPEG_QUALITY' in /var/folders/bl/0_vgy5fd1t94djrp8z4pw9zm0000gn/T/converter-tests.120A5DC8-932E-4FDB-B431-655F9EB65121/config.txt; using the last value '1'
[2026-09-16 01:32:15] [converterTests] [WARN] Duplicate config key 'IMAGE_PNG_TO_JPEG_QUALITY' in /var/folders/bl/0_vgy5fd1t94djrp8z4pw9zm0000gn/T/converter-tests.120A5DC8-932E-4FDB-B431-655F9EB65121/config.txt; using the last value '100'
[2026-09-16 01:32:15] [converterTests] [WARN] Duplicate config key 'VIDEO_MP4_SOFTWARE_CRF' in /var/folders/bl/0_vgy5fd1t94djrp8z4pw9zm0000gn/T/converter-tests.120A5DC8-932E-4FDB-B431-655F9EB65121/config.txt; using the last value '0'
[2026-09-16 01:32:15] [converterTests] [WARN] Duplicate config key 'VIDEO_MP4_SOFTWARE_CRF' in /var/folders/bl/0_vgy5fd1t94djrp8z4pw9zm0000gn/T/converter-tests.120A5DC8-932E-4FDB-B431-655F9EB65121/config.txt; using the last value '51'
[2026-09-16 01:32:15] [converterTests] [WARN] Duplicate config key 'SHORT_MP4_VIDEO_CRF' in /var/folders/bl/0_vgy5fd1t94djrp8z4pw9zm0000gn/T/converter-tests.120A5DC8-932E-4FDB-B431-655F9EB65121/config.txt; using the last value '23.5'
[2026-09-16 01:32:15] [converterTests] [WARN] Duplicate config key 'VIDEO_MP4_VT_QUALITY' in /var/folders/bl/0_vgy5fd1t94djrp8z4pw9zm0000gn/T/converter-tests.120A5DC8-932E-4FDB-B431-655F9EB65121/config.txt; using the last value '1'
[2026-09-16 01:32:15] [converterTests] [WARN] Duplicate config key 'VIDEO_MP4_VT_QUALITY' in /var/folders/bl/0_vgy5fd1t94djrp8z4pw9zm0000gn/T/converter-tests.120A5DC8-932E-4FDB-B431-655F9EB65121/config.txt; using the last value '100'
[2026-09-16 01:32:15] [converterTests] [WARN] Duplicate config key 'SHORT_MP4_VT_QUALITY' in /var/folders/bl/0_vgy5fd1t94djrp8z4pw9zm0000gn/T/converter-tests.120A5DC8-932E-4FDB-B431-655F9EB65121/config.txt; using the last value '100'
[2026-09-16 01:32:15] [converterTests] [WARN] Duplicate config key 'CRC_CHUNK_BYTES' in /var/folders/bl/0_vgy5fd1t94djrp8z4pw9zm0000gn/T/converter-tests.120A5DC8-932E-4FDB-B431-655F9EB65121/config.txt; using the last value '1'
[2026-09-16 01:32:15] [converterTests] [WARN] Duplicate config key 'CRC_CHUNK_BYTES' in /var/folders/bl/0_vgy5fd1t94djrp8z4pw9zm0000gn/T/converter-tests.120A5DC8-932E-4FDB-B431-655F9EB65121/config.txt; using the last value '67108864'
[2026-09-16 01:32:15] [converterTests] [WARN] Duplicate config key 'IMAGE_3K_JPG_1MB_TARGET_BYTES' in /var/folders/bl/0_vgy5fd1t94djrp8z4pw9zm0000gn/T/converter-tests.120A5DC8-932E-4FDB-B431-655F9EB65121/config.txt; using the last value '1'
[2026-09-16 01:32:15] [converterTests] [WARN] Duplicate config key 'DURATION_TOLERANCE_SEC' in /var/folders/bl/0_vgy5fd1t94djrp8z4pw9zm0000gn/T/converter-tests.120A5DC8-932E-4FDB-B431-655F9EB65121/config.txt; using the last value '0'
[2026-09-16 01:32:15] [converterTests] [WARN] Duplicate config key 'IMAGE_AIPIX_SHARPNESS' in /var/folders/bl/0_vgy5fd1t94djrp8z4pw9zm0000gn/T/converter-tests.120A5DC8-932E-4FDB-B431-655F9EB65121/config.txt; using the last value '0'
Test Case '-[converterTests.ConverterTests testConfigRangeRulesAcceptTheirBoundaryValues]' passed (0.015 seconds).
Test Case '-[converterTests.ConverterTests testContainsChunkRejectsMalformedRIFFStructures]' started.
Test Case '-[converterTests.ConverterTests testContainsChunkRejectsMalformedRIFFStructures]' passed (0.002 seconds).
Test Case '-[converterTests.ConverterTests testContainsChunkWalksChunksInsteadOfScanningBytes]' started.
Test Case '-[converterTests.ConverterTests testContainsChunkWalksChunksInsteadOfScanningBytes]' passed (0.001 seconds).
Test Case '-[converterTests.ConverterTests testCRC32IsIndependentOfReadChunkBoundaries]' started.
Test Case '-[converterTests.ConverterTests testCRC32IsIndependentOfReadChunkBoundaries]' passed (0.036 seconds).
Test Case '-[converterTests.ConverterTests testCRC32MatchesReferenceImplementationAcrossChunkBoundaries]' started.
Test Case '-[converterTests.ConverterTests testCRC32MatchesReferenceImplementationAcrossChunkBoundaries]' passed (0.011 seconds).
Test Case '-[converterTests.ConverterTests testDependencyBootstrapEnrichesPathWithHomebrewLocations]' started.
Test Case '-[converterTests.ConverterTests testDependencyBootstrapEnrichesPathWithHomebrewLocations]' passed (0.000 seconds).
Test Case '-[converterTests.ConverterTests testDependencyManifestMatchesCurrentRuntimeTools]' started.
Test Case '-[converterTests.ConverterTests testDependencyManifestMatchesCurrentRuntimeTools]' passed (0.000 seconds).
Test Case '-[converterTests.ConverterTests testDependencyProbeGivesToolsNoStdin]' started.
Test Case '-[converterTests.ConverterTests testDependencyProbeGivesToolsNoStdin]' passed (0.546 seconds).
Test Case '-[converterTests.ConverterTests testDerivedMediaPredicatesRecogniseRepeatedPaddingMarkers]' started.
Test Case '-[converterTests.ConverterTests testDerivedMediaPredicatesRecogniseRepeatedPaddingMarkers]' passed (0.003 seconds).
Test Case '-[converterTests.ConverterTests testDuplicateConfigKeyIsReportedAndLastValueWins]' started.
Test Case '-[converterTests.ConverterTests testDuplicateConfigKeyIsReportedAndLastValueWins]' passed (0.005 seconds).
Test Case '-[converterTests.ConverterTests testEncoderLadderReportsEveryRungAndStopsOnEncoderIndependentFailure]' started.
[2026-09-16 01:32:16] [converterTests] [WARN] test encoder failed (a): a exploded
[2026-09-16 01:32:16] [converterTests] [WARN] test encoder failed (b): b exploded
[2026-09-16 01:32:16] [converterTests] [WARN] test encoder failed (c): c exploded
[2026-09-16 01:32:16] [converterTests] [WARN] test encoder failed (a): audio wrong
[2026-09-16 01:32:16] [converterTests] [WARN] test: skipping remaining encoders — this failure is not encoder-related.
[2026-09-16 01:32:16] [converterTests] [WARN] test encoder failed (a): no
Test Case '-[converterTests.ConverterTests testEncoderLadderReportsEveryRungAndStopsOnEncoderIndependentFailure]' passed (0.001 seconds).
Test Case '-[converterTests.ConverterTests testEnsureWritableDirectoryRejectsARegularFile]' started.
Test Case '-[converterTests.ConverterTests testEnsureWritableDirectoryRejectsARegularFile]' passed (0.001 seconds).
Test Case '-[converterTests.ConverterTests testEntryPointMapsArgumentErrorsToExitCodeTwo]' started.
[2026-09-16 01:32:16] [xctest] [ERROR] Unknown option '--not-an-option'. Run xctest -help for the list of actions and options.
[2026-09-16 01:32:16] [xctest] [DEBUG] converter/CLI.swift:364
[2026-09-16 01:32:16] [xctest] [ERROR] Only one action may be given; got '-full' and '-album'. Run xctest -help.
[2026-09-16 01:32:16] [xctest] [DEBUG] converter/CLI.swift:170
Test Case '-[converterTests.ConverterTests testEntryPointMapsArgumentErrorsToExitCodeTwo]' passed (0.002 seconds).
Test Case '-[converterTests.ConverterTests testEntryPointResolvesABareExecutableNameAgainstTheRunningBinary]' started.
Test Case '-[converterTests.ConverterTests testEntryPointResolvesABareExecutableNameAgainstTheRunningBinary]' passed (0.000 seconds).
Test Case '-[converterTests.ConverterTests testEveryConfigRuleRejectsAnInvalidValueNamingTheKey]' started.
[2026-09-16 01:32:16] [converterTests] [WARN] Duplicate config key 'PROFILE' in /var/folders/bl/0_vgy5fd1t94djrp8z4pw9zm0000gn/T/converter-tests.043DDB92-93DF-423F-9E70-1FE08CB4ECD5/config.txt; using the last value 'bogus'
[2026-09-16 01:32:16] [converterTests] [WARN] Duplicate config key 'PREFLIGHT_SECONDS' in /var/folders/bl/0_vgy5fd1t94djrp8z4pw9zm0000gn/T/converter-tests.043DDB92-93DF-423F-9E70-1FE08CB4ECD5/config.txt; using the last value '0'
[2026-09-16 01:32:16] [converterTests] [WARN] Duplicate config key 'PREFLIGHT_SECONDS' in /var/folders/bl/0_vgy5fd1t94djrp8z4pw9zm0000gn/T/converter-tests.043DDB92-93DF-423F-9E70-1FE08CB4ECD5/config.txt; using the last value '-1'
[2026-09-16 01:32:16] [converterTests] [WARN] Duplicate config key 'PREFLIGHT_SECONDS' in /var/folders/bl/0_vgy5fd1t94djrp8z4pw9zm0000gn/T/converter-tests.043DDB92-93DF-423F-9E70-1FE08CB4ECD5/config.txt; using the last value 'abc'
[2026-09-16 01:32:16] [converterTests] [WARN] Duplicate config key 'DURATION_TOLERANCE_SEC' in /var/folders/bl/0_vgy5fd1t94djrp8z4pw9zm0000gn/T/converter-tests.043DDB92-93DF-423F-9E70-1FE08CB4ECD5/config.txt; using the last value '-1'
[2026-09-16 01:32:16] [converterTests] [WARN] Duplicate config key 'DURATION_TOLERANCE_SEC' in /var/folders/bl/0_vgy5fd1t94djrp8z4pw9zm0000gn/T/converter-tests.043DDB92-93DF-423F-9E70-1FE08CB4ECD5/config.txt; using the last value 'nan'
[2026-09-16 01:32:16] [converterTests] [WARN] Duplicate config key 'CRC_CHUNK_BYTES' in /var/folders/bl/0_vgy5fd1t94djrp8z4pw9zm0000gn/T/converter-tests.043DDB92-93DF-423F-9E70-1FE08CB4ECD5/config.txt; using the last value '0'
[2026-09-16 01:32:16] [converterTests] [WARN] Duplicate config key 'CRC_CHUNK_BYTES' in /var/folders/bl/0_vgy5fd1t94djrp8z4pw9zm0000gn/T/converter-tests.043DDB92-93DF-423F-9E70-1FE08CB4ECD5/config.txt; using the last value '67108865'
[2026-09-16 01:32:16] [converterTests] [WARN] Duplicate config key 'WAV_SAMPLE_RATE' in /var/folders/bl/0_vgy5fd1t94djrp8z4pw9zm0000gn/T/converter-tests.043DDB92-93DF-423F-9E70-1FE08CB4ECD5/config.txt; using the last value '0'
[2026-09-16 01:32:16] [converterTests] [WARN] Duplicate config key 'WAV_SAMPLE_RATE' in /var/folders/bl/0_vgy5fd1t94djrp8z4pw9zm0000gn/T/converter-tests.043DDB92-93DF-423F-9E70-1FE08CB4ECD5/config.txt; using the last value '48000'
[2026-09-16 01:32:16] [converterTests] [WARN] Duplicate config key 'WAV_CODEC' in /var/folders/bl/0_vgy5fd1t94djrp8z4pw9zm0000gn/T/converter-tests.043DDB92-93DF-423F-9E70-1FE08CB4ECD5/config.txt; using the last value 'pcm_s16le'
[2026-09-16 01:32:16] [converterTests] [WARN] Duplicate config key 'WAV_CHANNELS' in /var/folders/bl/0_vgy5fd1t94djrp8z4pw9zm0000gn/T/converter-tests.043DDB92-93DF-423F-9E70-1FE08CB4ECD5/config.txt; using the last value '3'
[2026-09-16 01:32:16] [converterTests] [WARN] Duplicate config key 'WAV_CHANNELS' in /var/folders/bl/0_vgy5fd1t94djrp8z4pw9zm0000gn/T/converter-tests.043DDB92-93DF-423F-9E70-1FE08CB4ECD5/config.txt; using the last value '1'
[2026-09-16 01:32:16] [converterTests] [WARN] Duplicate config key 'WAV_WRITE_BEXT' in /var/folders/bl/0_vgy5fd1t94djrp8z4pw9zm0000gn/T/converter-tests.043DDB92-93DF-423F-9E70-1FE08CB4ECD5/config.txt; using the last value '2'
[2026-09-16 01:32:16] [converterTests] [WARN] Duplicate config key 'MP3_SAMPLE_RATE' in /var/folders/bl/0_vgy5fd1t94djrp8z4pw9zm0000gn/T/converter-tests.043DDB92-93DF-423F-9E70-1FE08CB4ECD5/config.txt; using the last value '0'
[2026-09-16 01:32:16] [converterTests] [WARN] Duplicate config key 'MP3_SAMPLE_RATE' in /var/folders/bl/0_vgy5fd1t94djrp8z4pw9zm0000gn/T/converter-tests.043DDB92-93DF-423F-9E70-1FE08CB4ECD5/config.txt; using the last value '44100'
[2026-09-16 01:32:16] [converterTests] [WARN] Duplicate config key 'MP3_BITRATE' in /var/folders/bl/0_vgy5fd1t94djrp8z4pw9zm0000gn/T/converter-tests.043DDB92-93DF-423F-9E70-1FE08CB4ECD5/config.txt; using the last value '128k'
[2026-09-16 01:32:16] [converterTests] [WARN] Duplicate config key 'MP3_CHANNELS' in /var/folders/bl/0_vgy5fd1t94djrp8z4pw9zm0000gn/T/converter-tests.043DDB92-93DF-423F-9E70-1FE08CB4ECD5/config.txt; using the last value '0'
[2026-09-16 01:32:16] [converterTests] [WARN] Duplicate config key 'MP3_CHANNELS' in /var/folders/bl/0_vgy5fd1t94djrp8z4pw9zm0000gn/T/converter-tests.043DDB92-93DF-423F-9E70-1FE08CB4ECD5/config.txt; using the last value '1'
[2026-09-16 01:32:16] [converterTests] [WARN] Duplicate config key 'MP3_MIN_BITRATE_BPS' in /var/folders/bl/0_vgy5fd1t94djrp8z4pw9zm0000gn/T/converter-tests.043DDB92-93DF-423F-9E70-1FE08CB4ECD5/config.txt; using the last value '0'
[2026-09-16 01:32:16] [converterTests] [WARN] Duplicate config key 'FLAC_SAMPLE_RATE' in /var/folders/bl/0_vgy5fd1t94djrp8z4pw9zm0000gn/T/converter-tests.043DDB92-93DF-423F-9E70-1FE08CB4ECD5/config.txt; using the last value '0'
[2026-09-16 01:32:16] [converterTests] [WARN] Duplicate config key 'FLAC_CHANNELS' in /var/folders/bl/0_vgy5fd1t94djrp8z4pw9zm0000gn/T/converter-tests.043DDB92-93DF-423F-9E70-1FE08CB4ECD5/config.txt; using the last value '3'
[2026-09-16 01:32:16] [converterTests] [WARN] Duplicate config key 'FLAC_COMPRESSION_LEVEL' in /var/folders/bl/0_vgy5fd1t94djrp8z4pw9zm0000gn/T/converter-tests.043DDB92-93DF-423F-9E70-1FE08CB4ECD5/config.txt; using the last value '13'
[2026-09-16 01:32:16] [converterTests] [WARN] Duplicate config key 'M4A_SAMPLE_RATE' in /var/folders/bl/0_vgy5fd1t94djrp8z4pw9zm0000gn/T/converter-tests.043DDB92-93DF-423F-9E70-1FE08CB4ECD5/config.txt; using the last value '0'
[2026-09-16 01:32:16] [converterTests] [WARN] Duplicate config key 'M4A_SAMPLE_RATE' in /var/folders/bl/0_vgy5fd1t94djrp8z4pw9zm0000gn/T/converter-tests.043DDB92-93DF-423F-9E70-1FE08CB4ECD5/config.txt; using the last value '44100'
[2026-09-16 01:32:16] [converterTests] [WARN] Duplicate config key 'M4A_CHANNELS' in /var/folders/bl/0_vgy5fd1t94djrp8z4pw9zm0000gn/T/converter-tests.043DDB92-93DF-423F-9E70-1FE08CB4ECD5/config.txt; using the last value '3'
[2026-09-16 01:32:16] [converterTests] [WARN] Duplicate config key 'M4A_CHANNELS' in /var/folders/bl/0_vgy5fd1t94djrp8z4pw9zm0000gn/T/converter-tests.043DDB92-93DF-423F-9E70-1FE08CB4ECD5/config.txt; using the last value '1'
[2026-09-16 01:32:16] [converterTests] [WARN] Duplicate config key 'AUDIO_QC_TARGET_LUFS' in /var/folders/bl/0_vgy5fd1t94djrp8z4pw9zm0000gn/T/converter-tests.043DDB92-93DF-423F-9E70-1FE08CB4ECD5/config.txt; using the last value '-4'
[2026-09-16 01:32:16] [converterTests] [WARN] Duplicate config key 'AUDIO_QC_LUFS_TOLERANCE' in /var/folders/bl/0_vgy5fd1t94djrp8z4pw9zm0000gn/T/converter-tests.043DDB92-93DF-423F-9E70-1FE08CB4ECD5/config.txt; using the last value '-1'
[2026-09-16 01:32:16] [converterTests] [WARN] Duplicate config key 'AUDIO_QC_MAX_TRUE_PEAK_DBTP' in /var/folders/bl/0_vgy5fd1t94djrp8z4pw9zm0000gn/T/converter-tests.043DDB92-93DF-423F-9E70-1FE08CB4ECD5/config.txt; using the last value '1'
[2026-09-16 01:32:16] [converterTests] [WARN] Duplicate config key 'AUDIO_QC_MAX_LOUDNESS_RANGE' in /var/folders/bl/0_vgy5fd1t94djrp8z4pw9zm0000gn/T/converter-tests.043DDB92-93DF-423F-9E70-1FE08CB4ECD5/config.txt; using the last value '-1'
[2026-09-16 01:32:16] [converterTests] [WARN] Duplicate config key 'AUDIO_QC_MAX_DC_OFFSET' in /var/folders/bl/0_vgy5fd1t94djrp8z4pw9zm0000gn/T/converter-tests.043DDB92-93DF-423F-9E70-1FE08CB4ECD5/config.txt; using the last value '-1'
[2026-09-16 01:32:16] [converterTests] [WARN] Duplicate config key 'AUDIO_QC_MAX_STEREO_IMBALANCE_DB' in /var/folders/bl/0_vgy5fd1t94djrp8z4pw9zm0000gn/T/converter-tests.043DDB92-93DF-423F-9E70-1FE08CB4ECD5/config.txt; using the last value '-1'
[2026-09-16 01:32:16] [converterTests] [WARN] Duplicate config key 'AUDIO_QC_MAX_CLIPPED_SAMPLES' in /var/folders/bl/0_vgy5fd1t94djrp8z4pw9zm0000gn/T/converter-tests.043DDB92-93DF-423F-9E70-1FE08CB4ECD5/config.txt; using the last value '-1'
[2026-09-16 01:32:16] [converterTests] [WARN] Duplicate config key 'AUDIO_QC_MINIMUM_ANALYSIS_SECONDS' in /var/folders/bl/0_vgy5fd1t94djrp8z4pw9zm0000gn/T/converter-tests.043DDB92-93DF-423F-9E70-1FE08CB4ECD5/config.txt; using the last value '0'
[2026-09-16 01:32:16] [converterTests] [WARN] Duplicate config key 'SHORT_AUDIO_QC_TARGET_LUFS' in /var/folders/bl/0_vgy5fd1t94djrp8z4pw9zm0000gn/T/converter-tests.043DDB92-93DF-423F-9E70-1FE08CB4ECD5/config.txt; using the last value '-80'
[2026-09-16 01:32:16] [converterTests] [WARN] Duplicate config key 'SHORT_AUDIO_QC_LUFS_TOLERANCE' in /var/folders/bl/0_vgy5fd1t94djrp8z4pw9zm0000gn/T/converter-tests.043DDB92-93DF-423F-9E70-1FE08CB4ECD5/config.txt; using the last value '-1'
[2026-09-16 01:32:16] [converterTests] [WARN] Duplicate config key 'SHORT_AUDIO_QC_MAX_LOUDNESS_RANGE' in /var/folders/bl/0_vgy5fd1t94djrp8z4pw9zm0000gn/T/converter-tests.043DDB92-93DF-423F-9E70-1FE08CB4ECD5/config.txt; using the last value '-1'
[2026-09-16 01:32:16] [converterTests] [WARN] Duplicate config key 'MASTERING_TARGET_LUFS' in /var/folders/bl/0_vgy5fd1t94djrp8z4pw9zm0000gn/T/converter-tests.043DDB92-93DF-423F-9E70-1FE08CB4ECD5/config.txt; using the last value '0'
[2026-09-16 01:32:16] [converterTests] [WARN] Duplicate config key 'MASTERING_MAX_TRUE_PEAK_DBTP' in /var/folders/bl/0_vgy5fd1t94djrp8z4pw9zm0000gn/T/converter-tests.043DDB92-93DF-423F-9E70-1FE08CB4ECD5/config.txt; using the last value '0.5'
[2026-09-16 01:32:16] [converterTests] [WARN] Duplicate config key 'MASTERING_MAX_LOUDNESS_RANGE' in /var/folders/bl/0_vgy5fd1t94djrp8z4pw9zm0000gn/T/converter-tests.043DDB92-93DF-423F-9E70-1FE08CB4ECD5/config.txt; using the last value '-1'
[2026-09-16 01:32:16] [converterTests] [WARN] Duplicate config key 'VIDEO_MP4_ENCODER' in /var/folders/bl/0_vgy5fd1t94djrp8z4pw9zm0000gn/T/converter-tests.043DDB92-93DF-423F-9E70-1FE08CB4ECD5/config.txt; using the last value ''
[2026-09-16 01:32:16] [converterTests] [WARN] Duplicate config key 'VIDEO_MP4_VT_QUALITY' in /var/folders/bl/0_vgy5fd1t94djrp8z4pw9zm0000gn/T/converter-tests.043DDB92-93DF-423F-9E70-1FE08CB4ECD5/config.txt; using the last value '0'
[2026-09-16 01:32:16] [converterTests] [WARN] Duplicate config key 'VIDEO_MP4_VT_QUALITY' in /var/folders/bl/0_vgy5fd1t94djrp8z4pw9zm0000gn/T/converter-tests.043DDB92-93DF-423F-9E70-1FE08CB4ECD5/config.txt; using the last value '101'
[2026-09-16 01:32:16] [converterTests] [WARN] Duplicate config key 'VIDEO_MP4_VT_QUALITY' in /var/folders/bl/0_vgy5fd1t94djrp8z4pw9zm0000gn/T/converter-tests.043DDB92-93DF-423F-9E70-1FE08CB4ECD5/config.txt; using the last value 'abc'
[2026-09-16 01:32:16] [converterTests] [WARN] Duplicate config key 'VIDEO_MP4_SOFTWARE_PRESET' in /var/folders/bl/0_vgy5fd1t94djrp8z4pw9zm0000gn/T/converter-tests.043DDB92-93DF-423F-9E70-1FE08CB4ECD5/config.txt; using the last value ''
[2026-09-16 01:32:16] [converterTests] [WARN] Duplicate config key 'VIDEO_MP4_SOFTWARE_CRF' in /var/folders/bl/0_vgy5fd1t94djrp8z4pw9zm0000gn/T/converter-tests.043DDB92-93DF-423F-9E70-1FE08CB4ECD5/config.txt; using the last value '52'
[2026-09-16 01:32:16] [converterTests] [WARN] Duplicate config key 'VIDEO_MP4_SOFTWARE_CRF' in /var/folders/bl/0_vgy5fd1t94djrp8z4pw9zm0000gn/T/converter-tests.043DDB92-93DF-423F-9E70-1FE08CB4ECD5/config.txt; using the last value '-1'
[2026-09-16 01:32:16] [converterTests] [WARN] Duplicate config key 'VIDEO_MP4_INPUT_FPS' in /var/folders/bl/0_vgy5fd1t94djrp8z4pw9zm0000gn/T/converter-tests.043DDB92-93DF-423F-9E70-1FE08CB4ECD5/config.txt; using the last value '0'
[2026-09-16 01:32:16] [converterTests] [WARN] Duplicate config key 'VIDEO_MP4_INPUT_FPS' in /var/folders/bl/0_vgy5fd1t94djrp8z4pw9zm0000gn/T/converter-tests.043DDB92-93DF-423F-9E70-1FE08CB4ECD5/config.txt; using the last value '1/0'
[2026-09-16 01:32:16] [converterTests] [WARN] Duplicate config key 'VIDEO_MP4_AUDIO_SAMPLE_RATE' in /var/folders/bl/0_vgy5fd1t94djrp8z4pw9zm0000gn/T/converter-tests.043DDB92-93DF-423F-9E70-1FE08CB4ECD5/config.txt; using the last value '0'
[2026-09-16 01:32:16] [converterTests] [WARN] Duplicate config key 'VIDEO_MP4_AUDIO_SAMPLE_RATE' in /var/folders/bl/0_vgy5fd1t94djrp8z4pw9zm0000gn/T/converter-tests.043DDB92-93DF-423F-9E70-1FE08CB4ECD5/config.txt; using the last value '44100'
[2026-09-16 01:32:16] [converterTests] [WARN] Duplicate config key 'VIDEO_MP4_WIDTH' in /var/folders/bl/0_vgy5fd1t94djrp8z4pw9zm0000gn/T/converter-tests.043DDB92-93DF-423F-9E70-1FE08CB4ECD5/config.txt; using the last value '0'
[2026-09-16 01:32:16] [converterTests] [WARN] Duplicate config key 'VIDEO_MP4_HEIGHT' in /var/folders/bl/0_vgy5fd1t94djrp8z4pw9zm0000gn/T/converter-tests.043DDB92-93DF-423F-9E70-1FE08CB4ECD5/config.txt; using the last value '0'
[2026-09-16 01:32:16] [converterTests] [WARN] Duplicate config key 'VIDEO_MP4_SCALE_FILTER' in /var/folders/bl/0_vgy5fd1t94djrp8z4pw9zm0000gn/T/converter-tests.043DDB92-93DF-423F-9E70-1FE08CB4ECD5/config.txt; using the last value ''
[2026-09-16 01:32:16] [converterTests] [WARN] Duplicate config key 'VIDEO_MP4_SCALE_FILTER' in /var/folders/bl/0_vgy5fd1t94djrp8z4pw9zm0000gn/T/converter-tests.043DDB92-93DF-423F-9E70-1FE08CB4ECD5/config.txt; using the last value 'bogus'
[2026-09-16 01:32:16] [converterTests] [WARN] Duplicate config key 'VIDEO_MP4_SCALE_FILTER' in /var/folders/bl/0_vgy5fd1t94djrp8z4pw9zm0000gn/T/converter-tests.043DDB92-93DF-423F-9E70-1FE08CB4ECD5/config.txt; using the last value 'lanczos,scale=1:1'
[2026-09-16 01:32:16] [converterTests] [WARN] Duplicate config key 'VIDEO_MP4_PIXEL_FORMAT' in /var/folders/bl/0_vgy5fd1t94djrp8z4pw9zm0000gn/T/converter-tests.043DDB92-93DF-423F-9E70-1FE08CB4ECD5/config.txt; using the last value ''
[2026-09-16 01:32:16] [converterTests] [WARN] Duplicate config key 'VIDEO_MP4_TAG' in /var/folders/bl/0_vgy5fd1t94djrp8z4pw9zm0000gn/T/converter-tests.043DDB92-93DF-423F-9E70-1FE08CB4ECD5/config.txt; using the last value ''
[2026-09-16 01:32:16] [converterTests] [WARN] Duplicate config key 'VIDEO_MP4_VERIFY_CODEC' in /var/folders/bl/0_vgy5fd1t94djrp8z4pw9zm0000gn/T/converter-tests.043DDB92-93DF-423F-9E70-1FE08CB4ECD5/config.txt; using the last value ''
[2026-09-16 01:32:16] [converterTests] [WARN] Duplicate config key 'VIDEO_COLOR_PRIMARIES' in /var/folders/bl/0_vgy5fd1t94djrp8z4pw9zm0000gn/T/converter-tests.043DDB92-93DF-423F-9E70-1FE08CB4ECD5/config.txt; using the last value ''
[2026-09-16 01:32:16] [converterTests] [WARN] Duplicate config key 'VIDEO_COLOR_PRIMARIES' in /var/folders/bl/0_vgy5fd1t94djrp8z4pw9zm0000gn/T/converter-tests.043DDB92-93DF-423F-9E70-1FE08CB4ECD5/config.txt; using the last value 'bt709,x=1'
[2026-09-16 01:32:16] [converterTests] [WARN] Duplicate config key 'VIDEO_COLOR_TRANSFER' in /var/folders/bl/0_vgy5fd1t94djrp8z4pw9zm0000gn/T/converter-tests.043DDB92-93DF-423F-9E70-1FE08CB4ECD5/config.txt; using the last value ''
[2026-09-16 01:32:16] [converterTests] [WARN] Duplicate config key 'VIDEO_COLOR_TRANSFER' in /var/folders/bl/0_vgy5fd1t94djrp8z4pw9zm0000gn/T/converter-tests.043DDB92-93DF-423F-9E70-1FE08CB4ECD5/config.txt; using the last value 'bt709:y'
[2026-09-16 01:32:16] [converterTests] [WARN] Duplicate config key 'VIDEO_COLOR_SPACE' in /var/folders/bl/0_vgy5fd1t94djrp8z4pw9zm0000gn/T/converter-tests.043DDB92-93DF-423F-9E70-1FE08CB4ECD5/config.txt; using the last value ''
[2026-09-16 01:32:16] [converterTests] [WARN] Duplicate config key 'VIDEO_COLOR_SPACE' in /var/folders/bl/0_vgy5fd1t94djrp8z4pw9zm0000gn/T/converter-tests.043DDB92-93DF-423F-9E70-1FE08CB4ECD5/config.txt; using the last value 'bt709 z'
[2026-09-16 01:32:16] [converterTests] [WARN] Duplicate config key 'VIDEO_COLOR_RANGE' in /var/folders/bl/0_vgy5fd1t94djrp8z4pw9zm0000gn/T/converter-tests.043DDB92-93DF-423F-9E70-1FE08CB4ECD5/config.txt; using the last value ''
[2026-09-16 01:32:16] [converterTests] [WARN] Duplicate config key 'VIDEO_COLOR_RANGE' in /var/folders/bl/0_vgy5fd1t94djrp8z4pw9zm0000gn/T/converter-tests.043DDB92-93DF-423F-9E70-1FE08CB4ECD5/config.txt; using the last value 'wide'
[2026-09-16 01:32:16] [converterTests] [WARN] Duplicate config key 'SHORT_MP4_CLIP_SECONDS' in /var/folders/bl/0_vgy5fd1t94djrp8z4pw9zm0000gn/T/converter-tests.043DDB92-93DF-423F-9E70-1FE08CB4ECD5/config.txt; using the last value '0'
[2026-09-16 01:32:16] [converterTests] [WARN] Duplicate config key 'SHORT_MP4_FPS' in /var/folders/bl/0_vgy5fd1t94djrp8z4pw9zm0000gn/T/converter-tests.043DDB92-93DF-423F-9E70-1FE08CB4ECD5/config.txt; using the last value '0'
[2026-09-16 01:32:16] [converterTests] [WARN] Duplicate config key 'SHORT_MP4_SCALE_W' in /var/folders/bl/0_vgy5fd1t94djrp8z4pw9zm0000gn/T/converter-tests.043DDB92-93DF-423F-9E70-1FE08CB4ECD5/config.txt; using the last value '0'
[2026-09-16 01:32:16] [converterTests] [WARN] Duplicate config key 'SHORT_MP4_SCALE_H' in /var/folders/bl/0_vgy5fd1t94djrp8z4pw9zm0000gn/T/converter-tests.043DDB92-93DF-423F-9E70-1FE08CB4ECD5/config.txt; using the last value '0'
[2026-09-16 01:32:16] [converterTests] [WARN] Duplicate config key 'SHORT_MP4_VIDEO_PRESET' in /var/folders/bl/0_vgy5fd1t94djrp8z4pw9zm0000gn/T/converter-tests.043DDB92-93DF-423F-9E70-1FE08CB4ECD5/config.txt; using the last value ''
[2026-09-16 01:32:16] [converterTests] [WARN] Duplicate config key 'SHORT_MP4_VIDEO_CRF' in /var/folders/bl/0_vgy5fd1t94djrp8z4pw9zm0000gn/T/converter-tests.043DDB92-93DF-423F-9E70-1FE08CB4ECD5/config.txt; using the last value '52'
[2026-09-16 01:32:16] [converterTests] [WARN] Duplicate config key 'SHORT_MP4_VT_QUALITY' in /var/folders/bl/0_vgy5fd1t94djrp8z4pw9zm0000gn/T/converter-tests.043DDB92-93DF-423F-9E70-1FE08CB4ECD5/config.txt; using the last value '0'
[2026-09-16 01:32:16] [converterTests] [WARN] Duplicate config key 'SHORT_MP4_AUDIO_SAMPLE_RATE' in /var/folders/bl/0_vgy5fd1t94djrp8z4pw9zm0000gn/T/converter-tests.043DDB92-93DF-423F-9E70-1FE08CB4ECD5/config.txt; using the last value '44100'
[2026-09-16 01:32:16] [converterTests] [WARN] Duplicate config key 'SHORT_MP4_VIDEO_CODEC' in /var/folders/bl/0_vgy5fd1t94djrp8z4pw9zm0000gn/T/converter-tests.043DDB92-93DF-423F-9E70-1FE08CB4ECD5/config.txt; using the last value ''
[2026-09-16 01:32:16] [converterTests] [WARN] Duplicate config key 'SHORT_MP4_PIXEL_FORMAT' in /var/folders/bl/0_vgy5fd1t94djrp8z4pw9zm0000gn/T/converter-tests.043DDB92-93DF-423F-9E70-1FE08CB4ECD5/config.txt; using the last value ''
[2026-09-16 01:32:16] [converterTests] [WARN] Duplicate config key 'SHORT_MP4_VERIFY_CODEC' in /var/folders/bl/0_vgy5fd1t94djrp8z4pw9zm0000gn/T/converter-tests.043DDB92-93DF-423F-9E70-1FE08CB4ECD5/config.txt; using the last value ''
[2026-09-16 01:32:16] [converterTests] [WARN] Duplicate config key 'IMAGE_8K_WIDTH' in /var/folders/bl/0_vgy5fd1t94djrp8z4pw9zm0000gn/T/converter-tests.043DDB92-93DF-423F-9E70-1FE08CB4ECD5/config.txt; using the last value '0'
[2026-09-16 01:32:16] [converterTests] [WARN] Duplicate config key 'IMAGE_8K_HEIGHT' in /var/folders/bl/0_vgy5fd1t94djrp8z4pw9zm0000gn/T/converter-tests.043DDB92-93DF-423F-9E70-1FE08CB4ECD5/config.txt; using the last value '0'
[2026-09-16 01:32:16] [converterTests] [WARN] Duplicate config key 'IMAGE_4K_WIDTH' in /var/folders/bl/0_vgy5fd1t94djrp8z4pw9zm0000gn/T/converter-tests.043DDB92-93DF-423F-9E70-1FE08CB4ECD5/config.txt; using the last value '0'
[2026-09-16 01:32:16] [converterTests] [WARN] Duplicate config key 'IMAGE_4K_HEIGHT' in /var/folders/bl/0_vgy5fd1t94djrp8z4pw9zm0000gn/T/converter-tests.043DDB92-93DF-423F-9E70-1FE08CB4ECD5/config.txt; using the last value '0'
[2026-09-16 01:32:16] [converterTests] [WARN] Duplicate config key 'IMAGE_3K_SIZE' in /var/folders/bl/0_vgy5fd1t94djrp8z4pw9zm0000gn/T/converter-tests.043DDB92-93DF-423F-9E70-1FE08CB4ECD5/config.txt; using the last value '0'
[2026-09-16 01:32:16] [converterTests] [WARN] Duplicate config key 'IMAGE_2K_SIZE' in /var/folders/bl/0_vgy5fd1t94djrp8z4pw9zm0000gn/T/converter-tests.043DDB92-93DF-423F-9E70-1FE08CB4ECD5/config.txt; using the last value '0'
[2026-09-16 01:32:16] [converterTests] [WARN] Duplicate config key 'IMAGE_AIPIX_SHARPNESS' in /var/folders/bl/0_vgy5fd1t94djrp8z4pw9zm0000gn/T/converter-tests.043DDB92-93DF-423F-9E70-1FE08CB4ECD5/config.txt; using the last value '-0.1'
[2026-09-16 01:32:16] [converterTests] [WARN] Duplicate config key 'IMAGE_AIPIX_FILTER' in /var/folders/bl/0_vgy5fd1t94djrp8z4pw9zm0000gn/T/converter-tests.043DDB92-93DF-423F-9E70-1FE08CB4ECD5/config.txt; using the last value ''
[2026-09-16 01:32:16] [converterTests] [WARN] Duplicate config key 'IMAGE_AIPIX_PNG_COMPRESSION_LEVEL' in /var/folders/bl/0_vgy5fd1t94djrp8z4pw9zm0000gn/T/converter-tests.043DDB92-93DF-423F-9E70-1FE08CB4ECD5/config.txt; using the last value '10'
[2026-09-16 01:32:16] [converterTests] [WARN] Duplicate config key 'IMAGE_JPG_TO_PNG_COMPRESSION_LEVEL' in /var/folders/bl/0_vgy5fd1t94djrp8z4pw9zm0000gn/T/converter-tests.043DDB92-93DF-423F-9E70-1FE08CB4ECD5/config.txt; using the last value '10'
[2026-09-16 01:32:16] [converterTests] [WARN] Duplicate config key 'IMAGE_PNG_TO_JPEG_QUALITY' in /var/folders/bl/0_vgy5fd1t94djrp8z4pw9zm0000gn/T/converter-tests.043DDB92-93DF-423F-9E70-1FE08CB4ECD5/config.txt; using the last value '0'
[2026-09-16 01:32:16] [converterTests] [WARN] Duplicate config key 'IMAGE_PNG_TO_JPEG_QUALITY' in /var/folders/bl/0_vgy5fd1t94djrp8z4pw9zm0000gn/T/converter-tests.043DDB92-93DF-423F-9E70-1FE08CB4ECD5/config.txt; using the last value '101'
[2026-09-16 01:32:16] [converterTests] [WARN] Duplicate config key 'IMAGE_JPEG_SAMPLING_FACTOR' in /var/folders/bl/0_vgy5fd1t94djrp8z4pw9zm0000gn/T/converter-tests.043DDB92-93DF-423F-9E70-1FE08CB4ECD5/config.txt; using the last value ''
[2026-09-16 01:32:16] [converterTests] [WARN] Duplicate config key 'IMAGE_OUTPUT_COLORSPACE' in /var/folders/bl/0_vgy5fd1t94djrp8z4pw9zm0000gn/T/converter-tests.043DDB92-93DF-423F-9E70-1FE08CB4ECD5/config.txt; using the last value ''
[2026-09-16 01:32:16] [converterTests] [WARN] Duplicate config key 'IMAGE_3K_JPG_1MB_TARGET_BYTES' in /var/folders/bl/0_vgy5fd1t94djrp8z4pw9zm0000gn/T/converter-tests.043DDB92-93DF-423F-9E70-1FE08CB4ECD5/config.txt; using the last value '0'
[2026-09-16 01:32:16] [converterTests] [WARN] Duplicate config key 'IMAGE_3K_JPG_5MB_TARGET_BYTES' in /var/folders/bl/0_vgy5fd1t94djrp8z4pw9zm0000gn/T/converter-tests.043DDB92-93DF-423F-9E70-1FE08CB4ECD5/config.txt; using the last value '0'
[2026-09-16 01:32:16] [converterTests] [WARN] Duplicate config key 'IMAGE_8K_JPG_1MB_TARGET_BYTES' in /var/folders/bl/0_vgy5fd1t94djrp8z4pw9zm0000gn/T/converter-tests.043DDB92-93DF-423F-9E70-1FE08CB4ECD5/config.txt; using the last value '0'
[2026-09-16 01:32:16] [converterTests] [WARN] Duplicate config key 'IMAGE_8K_JPG_2MB_TARGET_BYTES' in /var/folders/bl/0_vgy5fd1t94djrp8z4pw9zm0000gn/T/converter-tests.043DDB92-93DF-423F-9E70-1FE08CB4ECD5/config.txt; using the last value '0'
[2026-09-16 01:32:16] [converterTests] [WARN] Duplicate config key 'IMAGE_8K_JPG_20MB_TARGET_BYTES' in /var/folders/bl/0_vgy5fd1t94djrp8z4pw9zm0000gn/T/converter-tests.043DDB92-93DF-423F-9E70-1FE08CB4ECD5/config.txt; using the last value '0'
[2026-09-16 01:32:16] [converterTests] [WARN] Duplicate config key 'ALBUM_SILENCE_SECS' in /var/folders/bl/0_vgy5fd1t94djrp8z4pw9zm0000gn/T/converter-tests.043DDB92-93DF-423F-9E70-1FE08CB4ECD5/config.txt; using the last value '0'
[2026-09-16 01:32:16] [converterTests] [WARN] Duplicate config key 'WAV_FADE_DUR' in /var/folders/bl/0_vgy5fd1t94djrp8z4pw9zm0000gn/T/converter-tests.043DDB92-93DF-423F-9E70-1FE08CB4ECD5/config.txt; using the last value '0'
Test Case '-[converterTests.ConverterTests testEveryConfigRuleRejectsAnInvalidValueNamingTheKey]' passed (0.093 seconds).
Test Case '-[converterTests.ConverterTests testEverySupportedConfigKeyIsDocumentedInRepositoryConfigWithItsDefault]' started.
Test Case '-[converterTests.ConverterTests testEverySupportedConfigKeyIsDocumentedInRepositoryConfigWithItsDefault]' passed (0.001 seconds).
Test Case '-[converterTests.ConverterTests testExplicitConfigThatDoesNotExistIsRejected]' started.
Test Case '-[converterTests.ConverterTests testExplicitConfigThatDoesNotExistIsRejected]' passed (0.001 seconds).
Test Case '-[converterTests.ConverterTests testExplicitPathsMustStayDirectlyInOutput]' started.
Test Case '-[converterTests.ConverterTests testExplicitPathsMustStayDirectlyInOutput]' passed (0.001 seconds).
Test Case '-[converterTests.ConverterTests testFadeActionsUseDefaultNormalCurve]' started.
Test Case '-[converterTests.ConverterTests testFadeActionsUseDefaultNormalCurve]' passed (0.000 seconds).
Test Case '-[converterTests.ConverterTests testFadeCutParsesCutAndFadeDurations]' started.
Test Case '-[converterTests.ConverterTests testFadeCutParsesCutAndFadeDurations]' passed (0.000 seconds).
Test Case '-[converterTests.ConverterTests testFadeCutRejectsMissingArguments]' started.
Test Case '-[converterTests.ConverterTests testFadeCutRejectsMissingArguments]' passed (0.000 seconds).
Test Case '-[converterTests.ConverterTests testFadeFLACAliasNoLongerFallsThroughToFullRun]' started.
Test Case '-[converterTests.ConverterTests testFadeFLACAliasNoLongerFallsThroughToFullRun]' passed (0.000 seconds).
Test Case '-[converterTests.ConverterTests testFadeOutParsesFlexibleTimeArguments]' started.
Test Case '-[converterTests.ConverterTests testFadeOutParsesFlexibleTimeArguments]' passed (0.000 seconds).
Test Case '-[converterTests.ConverterTests testFadeOutRejectsMissingArguments]' started.
Test Case '-[converterTests.ConverterTests testFadeOutRejectsMissingArguments]' passed (0.000 seconds).
Test Case '-[converterTests.ConverterTests testFadeOutRejectsTooManyArguments]' started.
Test Case '-[converterTests.ConverterTests testFadeOutRejectsTooManyArguments]' passed (0.000 seconds).
Test Case '-[converterTests.ConverterTests testFlexibleTimecodeParsingAcceptsSupportedFormsAndRejectsInvalidBounds]' started.
Test Case '-[converterTests.ConverterTests testFlexibleTimecodeParsingAcceptsSupportedFormsAndRejectsInvalidBounds]' passed (0.000 seconds).
Test Case '-[converterTests.ConverterTests testFullRunImageBaseNameStripsStackedDerivedSuffixes]' started.
Test Case '-[converterTests.ConverterTests testFullRunImageBaseNameStripsStackedDerivedSuffixes]' passed (0.000 seconds).
Test Case '-[converterTests.ConverterTests testFullRunRenamesItsSourceAudioToOneSource]' started.
[2026-09-16 01:32:16] [converterTests] [INFO] Source audio renamed: Mirage_bass_80Hz_4dB_RF64.flac -> 1_source.flac
[2026-09-16 01:32:16] [converterTests] [WARN] Full pipeline found multiple same-stem audio files; auto-selecting 1_source.flac and ignoring derived companions.
Test Case '-[converterTests.ConverterTests testFullRunRenamesItsSourceAudioToOneSource]' passed (0.002 seconds).
Test Case '-[converterTests.ConverterTests testFullRunRenamesTheWholeSourceFamilyAndKeepsRerunsStable]' started.
[2026-09-16 01:32:16] [converterTests] [WARN] Full pipeline found multiple same-stem audio files; auto-selecting song.flac and ignoring derived companions.
[2026-09-16 01:32:16] [converterTests] [INFO] Source audio renamed: song.flac -> 1_source.flac
[2026-09-16 01:32:16] [converterTests] [INFO] Source audio renamed: song.wav -> 1_source.wav
[2026-09-16 01:32:16] [converterTests] [INFO] Source audio renamed: song_BW64.wav -> 1_source_BW64.wav
[2026-09-16 01:32:16] [converterTests] [INFO] Source audio renamed: song_RF64.flac -> 1_source_RF64.flac
[2026-09-16 01:32:16] [converterTests] [WARN] Full pipeline found multiple same-stem audio files; auto-selecting 1_source.flac and ignoring derived companions.
Test Case '-[converterTests.ConverterTests testFullRunRenamesTheWholeSourceFamilyAndKeepsRerunsStable]' passed (0.002 seconds).
Test Case '-[converterTests.ConverterTests testFullRunSourceImagesRejectTwoLandscapeMasters]' started.
Test Case '-[converterTests.ConverterTests testFullRunSourceImagesRejectTwoLandscapeMasters]' passed (0.357 seconds).
Test Case '-[converterTests.ConverterTests testFullRunSourceImagesSplitByOrientation]' started.
Test Case '-[converterTests.ConverterTests testFullRunSourceImagesSplitByOrientation]' passed (0.433 seconds).
Test Case '-[converterTests.ConverterTests testGrayscaleOutputSatisfiesAnSRGBExpectation]' started.
Test Case '-[converterTests.ConverterTests testGrayscaleOutputSatisfiesAnSRGBExpectation]' passed (0.001 seconds).
Test Case '-[converterTests.ConverterTests testHashActionsDefaultToProjectOutputDirectory]' started.
Test Case '-[converterTests.ConverterTests testHashActionsDefaultToProjectOutputDirectory]' passed (0.001 seconds).
Test Case '-[converterTests.ConverterTests testHelpListAndMatrixSkipRuntimeDependencyBootstrap]' started.
Test Case '-[converterTests.ConverterTests testHelpListAndMatrixSkipRuntimeDependencyBootstrap]' passed (0.000 seconds).
Test Case '-[converterTests.ConverterTests testHelpTextDistinguishesAlbumTxtAndDirectoryAlbumBuilds]' started.
Test Case '-[converterTests.ConverterTests testHelpTextDistinguishesAlbumTxtAndDirectoryAlbumBuilds]' passed (0.001 seconds).
Test Case '-[converterTests.ConverterTests testHelpTextMentionsFullRunContract]' started.
Test Case '-[converterTests.ConverterTests testHelpTextMentionsFullRunContract]' passed (0.007 seconds).
Test Case '-[converterTests.ConverterTests testHomebrewInstallerIsPinnedAndIntegrityChecked]' started.
Test Case '-[converterTests.ConverterTests testHomebrewInstallerIsPinnedAndIntegrityChecked]' passed (0.673 seconds).
Test Case '-[converterTests.ConverterTests testInstallerSubprocessReportsStderrAndTimesOut]' started.
Test Case '-[converterTests.ConverterTests testInstallerSubprocessReportsStderrAndTimesOut]' passed (1.633 seconds).
Test Case '-[converterTests.ConverterTests testInvalidLoudnormConfigTargetIsRejectedDuringLoad]' started.
[2026-09-16 01:32:19] [converterTests] [WARN] Duplicate config key 'AUDIO_QC_TARGET_LUFS' in /var/folders/bl/0_vgy5fd1t94djrp8z4pw9zm0000gn/T/converter-tests.7EAD0D91-2BAB-45C0-82CB-3F23D7E45702/config.txt; using the last value '-4'
Test Case '-[converterTests.ConverterTests testInvalidLoudnormConfigTargetIsRejectedDuringLoad]' passed (0.005 seconds).
Test Case '-[converterTests.ConverterTests testInvalidStringConfigIsRejectedDuringLoad]' started.
[2026-09-16 01:32:19] [converterTests] [WARN] Duplicate config key 'SHORT_MP4_CLIP_SECONDS' in /var/folders/bl/0_vgy5fd1t94djrp8z4pw9zm0000gn/T/converter-tests.14CDED43-C547-4E77-A8C3-6AA0282D7A23/config.txt; using the last value 'abc'
Test Case '-[converterTests.ConverterTests testInvalidStringConfigIsRejectedDuringLoad]' passed (0.006 seconds).
Test Case '-[converterTests.ConverterTests testLoudnessFallbackAcceptsMediaValidQCIssuesOnly]' started.
Test Case '-[converterTests.ConverterTests testLoudnessFallbackAcceptsMediaValidQCIssuesOnly]' passed (0.001 seconds).
Test Case '-[converterTests.ConverterTests testLoudnessFallbackOnlyExcusesAnInherentTruePeak]' started.
Test Case '-[converterTests.ConverterTests testLoudnessFallbackOnlyExcusesAnInherentTruePeak]' passed (0.001 seconds).
Test Case '-[converterTests.ConverterTests testLoudnessFiltersRejectBassAndEQFilters]' started.
Test Case '-[converterTests.ConverterTests testLoudnessFiltersRejectBassAndEQFilters]' passed (0.002 seconds).
Test Case '-[converterTests.ConverterTests testLoudnessParsesTargetLUFS]' started.
Test Case '-[converterTests.ConverterTests testLoudnessParsesTargetLUFS]' passed (0.001 seconds).
Test Case '-[converterTests.ConverterTests testLoudnessRejectsInvalidTargets]' started.
Test Case '-[converterTests.ConverterTests testLoudnessRejectsInvalidTargets]' passed (0.000 seconds).
Test Case '-[converterTests.ConverterTests testLoudnormArgumentClampsAreInclusiveAtTheExactBounds]' started.
Test Case '-[converterTests.ConverterTests testLoudnormArgumentClampsAreInclusiveAtTheExactBounds]' passed (0.001 seconds).
Test Case '-[converterTests.ConverterTests testLoudnormArgumentRoundingNeverLeavesTheAcceptedRange]' started.
Test Case '-[converterTests.ConverterTests testLoudnormArgumentRoundingNeverLeavesTheAcceptedRange]' passed (0.309 seconds).
Test Case '-[converterTests.ConverterTests testLoudnormArgumentsStayInsideFFmpegsAcceptedRanges]' started.
Test Case '-[converterTests.ConverterTests testLoudnormArgumentsStayInsideFFmpegsAcceptedRanges]' passed (0.000 seconds).
Test Case '-[converterTests.ConverterTests testLoudnormJSONParsingIgnoresBracesInInputMetadata]' started.
Test Case '-[converterTests.ConverterTests testLoudnormJSONParsingIgnoresBracesInInputMetadata]' passed (0.001 seconds).
Test Case '-[converterTests.ConverterTests testLoudnormJSONParsingToleratesSurroundingFilterOutput]' started.
Test Case '-[converterTests.ConverterTests testLoudnormJSONParsingToleratesSurroundingFilterOutput]' passed (0.001 seconds).
Test Case '-[converterTests.ConverterTests testMasterAndFLACAlbumCandidatesSkipDerivedOutputs]' started.
Test Case '-[converterTests.ConverterTests testMasterAndFLACAlbumCandidatesSkipDerivedOutputs]' passed (0.003 seconds).
Test Case '-[converterTests.ConverterTests testMatrixInitializationDoesNotRequireProjectOutputDirectory]' started.
Test Case '-[converterTests.ConverterTests testMatrixInitializationDoesNotRequireProjectOutputDirectory]' passed (0.000 seconds).
Test Case '-[converterTests.ConverterTests testMatrixTextMentionsCompletedAudioAndImageGraph]' started.
Test Case '-[converterTests.ConverterTests testMatrixTextMentionsCompletedAudioAndImageGraph]' passed (0.000 seconds).
Test Case '-[converterTests.ConverterTests testMissingAlbumFileErrorPointsAtTheExampleTemplate]' started.
Test Case '-[converterTests.ConverterTests testMissingAlbumFileErrorPointsAtTheExampleTemplate]' passed (0.000 seconds).
Test Case '-[converterTests.ConverterTests testMissingSourceAudioErrorNamesWhatWasSkipped]' started.
[2026-09-16 01:32:19] [converterTests] [INFO] Source audio renamed: Mirage.mp3 -> 1_source.mp3
[2026-09-16 01:32:19] [converterTests] [INFO] Source audio renamed: Mirage_RF64.wav -> 1_source_RF64.wav
Test Case '-[converterTests.ConverterTests testMissingSourceAudioErrorNamesWhatWasSkipped]' passed (0.005 seconds).
Test Case '-[converterTests.ConverterTests testNFTToShortFlagParsesAndOldMP3ToShortFlagIsRejected]' started.
Test Case '-[converterTests.ConverterTests testNFTToShortFlagParsesAndOldMP3ToShortFlagIsRejected]' passed (0.000 seconds).
Test Case '-[converterTests.ConverterTests testNoArgumentsShowHelpInsteadOfFullRun]' started.
Test Case '-[converterTests.ConverterTests testNoArgumentsShowHelpInsteadOfFullRun]' passed (0.000 seconds).
Test Case '-[converterTests.ConverterTests testNoiseParsesDefaultAndExplicitDuration]' started.
Test Case '-[converterTests.ConverterTests testNoiseParsesDefaultAndExplicitDuration]' passed (0.000 seconds).
Test Case '-[converterTests.ConverterTests testNoiseRejectsInvalidArguments]' started.
Test Case '-[converterTests.ConverterTests testNoiseRejectsInvalidArguments]' passed (0.000 seconds).
Test Case '-[converterTests.ConverterTests testNonFiniteConfigDoubleIsRejectedDuringLoad]' started.
[2026-09-16 01:32:19] [converterTests] [WARN] Duplicate config key 'AUDIO_QC_MINIMUM_ANALYSIS_SECONDS' in /var/folders/bl/0_vgy5fd1t94djrp8z4pw9zm0000gn/T/converter-tests.8955C374-3300-4900-BDB5-422B63503CF1/config.txt; using the last value 'nan'
Test Case '-[converterTests.ConverterTests testNonFiniteConfigDoubleIsRejectedDuringLoad]' passed (0.004 seconds).
Test Case '-[converterTests.ConverterTests testNumericFormattingAndBitrateParsingUseStableFFmpegForms]' started.
Test Case '-[converterTests.ConverterTests testNumericFormattingAndBitrateParsingUseStableFFmpegForms]' passed (0.002 seconds).
Test Case '-[converterTests.ConverterTests testOrphanCleanupLeavesOtherHostsTempFilesAlone]' started.
Test Case '-[converterTests.ConverterTests testOrphanCleanupLeavesOtherHostsTempFilesAlone]' passed (0.002 seconds).
Test Case '-[converterTests.ConverterTests testOutputFileIsOnlyAcceptedBySingleOutputActions]' started.
Test Case '-[converterTests.ConverterTests testOutputFileIsOnlyAcceptedBySingleOutputActions]' passed (0.000 seconds).
Test Case '-[converterTests.ConverterTests testOutputNamingAndSuffixHelpersAreStable]' started.
Test Case '-[converterTests.ConverterTests testOutputNamingAndSuffixHelpersAreStable]' passed (0.001 seconds).
Test Case '-[converterTests.ConverterTests testParserRejectsDeprecatedInputOverrideFlags]' started.
Test Case '-[converterTests.ConverterTests testParserRejectsDeprecatedInputOverrideFlags]' passed (0.000 seconds).
Test Case '-[converterTests.ConverterTests testParserRejectsRecursiveDiscoveryFlag]' started.
Test Case '-[converterTests.ConverterTests testParserRejectsRecursiveDiscoveryFlag]' passed (0.000 seconds).
Test Case '-[converterTests.ConverterTests testParserRejectsRemovedJPEGAliasFlags]' started.
Test Case '-[converterTests.ConverterTests testParserRejectsRemovedJPEGAliasFlags]' passed (0.000 seconds).
Test Case '-[converterTests.ConverterTests testPixelFormatConfigMustBeAnFFmpegToken]' started.
[2026-09-16 01:32:19] [converterTests] [WARN] Duplicate config key 'VIDEO_MP4_PIXEL_FORMAT' in /var/folders/bl/0_vgy5fd1t94djrp8z4pw9zm0000gn/T/converter-tests.C61E16E0-1A63-45D1-9AB3-3507BED6049F/config.txt; using the last value 'yuv420p,scale=16:16'
Test Case '-[converterTests.ConverterTests testPixelFormatConfigMustBeAnFFmpegToken]' passed (0.002 seconds).
Test Case '-[converterTests.ConverterTests testProcessRunnerNamesSignalDeaths]' started.
Test Case '-[converterTests.ConverterTests testProcessRunnerNamesSignalDeaths]' passed (0.074 seconds).
Test Case '-[converterTests.ConverterTests testProjectLoudnessDefaultsAreMinus12LUFS]' started.
Test Case '-[converterTests.ConverterTests testProjectLoudnessDefaultsAreMinus12LUFS]' passed (0.001 seconds).
Test Case '-[converterTests.ConverterTests testPublishBackupRecoveryRemovesStaleBackupWhenDestinationExists]' started.
Test Case '-[converterTests.ConverterTests testPublishBackupRecoveryRemovesStaleBackupWhenDestinationExists]' passed (0.004 seconds).
Test Case '-[converterTests.ConverterTests testPublishBackupRecoveryRestoresMissingDestination]' started.
[2026-09-16 01:32:19] [converterTests] [WARN] Recovered previous version from publish backup: /var/folders/bl/0_vgy5fd1t94djrp8z4pw9zm0000gn/T/converter-test-7012C5E8-CA92-47E2-BC04-5EEEE3B0E483/song.mp3
Test Case '-[converterTests.ConverterTests testPublishBackupRecoveryRestoresMissingDestination]' passed (0.002 seconds).
Test Case '-[converterTests.ConverterTests testPublishTempKeepsDestinationWhenBackupMoveFails]' started.
Test Case '-[converterTests.ConverterTests testPublishTempKeepsDestinationWhenBackupMoveFails]' passed (0.011 seconds).
Test Case '-[converterTests.ConverterTests testPublishTempLeavesNoBackupBehind]' started.
Test Case '-[converterTests.ConverterTests testPublishTempLeavesNoBackupBehind]' passed (0.003 seconds).
Test Case '-[converterTests.ConverterTests testPublishTempRestoresPreviousVersionWhenTempMoveFails]' started.
Test Case '-[converterTests.ConverterTests testPublishTempRestoresPreviousVersionWhenTempMoveFails]' passed (0.003 seconds).
Test Case '-[converterTests.ConverterTests testRateConfigRejectsInfinity]' started.
[2026-09-16 01:32:19] [converterTests] [WARN] Duplicate config key 'SHORT_MP4_FPS' in /var/folders/bl/0_vgy5fd1t94djrp8z4pw9zm0000gn/T/converter-tests.D09B8DFC-AEE9-43D9-92BB-DB3F65B5B046/config.txt; using the last value 'inf'
Test Case '-[converterTests.ConverterTests testRateConfigRejectsInfinity]' passed (0.002 seconds).
Test Case '-[converterTests.ConverterTests testRepositoryConfigKeysAreSupportedAndTheFileLoadsWithoutWarnings]' started.
Test Case '-[converterTests.ConverterTests testRepositoryConfigKeysAreSupportedAndTheFileLoadsWithoutWarnings]' passed (0.003 seconds).
Test Case '-[converterTests.ConverterTests testRequireDirectChildHandlesAbsolutePathsInsideAndOutsideOutDir]' started.
Test Case '-[converterTests.ConverterTests testRequireDirectChildHandlesAbsolutePathsInsideAndOutsideOutDir]' passed (0.003 seconds).
Test Case '-[converterTests.ConverterTests testRequireDirectChildRejectsRelativeEscapesSubfoldersAndSymlinkedSubfolders]' started.
Test Case '-[converterTests.ConverterTests testRequireDirectChildRejectsRelativeEscapesSubfoldersAndSymlinkedSubfolders]' passed (0.005 seconds).
Test Case '-[converterTests.ConverterTests testRequireDirectChildResolvesSymlinkedOutDirOnBothSides]' started.
Test Case '-[converterTests.ConverterTests testRequireDirectChildResolvesSymlinkedOutDirOnBothSides]' passed (0.002 seconds).
Test Case '-[converterTests.ConverterTests testResolveFullAudioPrefersHighestQualitySameStemSource]' started.
[2026-09-16 01:32:19] [converterTests] [WARN] Full pipeline found multiple same-stem audio files; auto-selecting song.flac and ignoring derived companions.
[2026-09-16 01:32:19] [converterTests] [INFO] Source audio renamed: song.flac -> 1_source.flac
[2026-09-16 01:32:19] [converterTests] [INFO] Source audio renamed: song.mp3 -> 1_source.mp3
[2026-09-16 01:32:19] [converterTests] [INFO] Source audio renamed: song.wav -> 1_source.wav
[2026-09-16 01:32:19] [converterTests] [INFO] Source audio renamed: song_BW64.flac -> 1_source_BW64.flac
[2026-09-16 01:32:19] [converterTests] [INFO] Source audio renamed: song_RF64.wav -> 1_source_RF64.wav
Test Case '-[converterTests.ConverterTests testResolveFullAudioPrefersHighestQualitySameStemSource]' passed (0.003 seconds).
Test Case '-[converterTests.ConverterTests testResolveFullImageCollapsesItsOwnDerivedOutputsOnRerun]' started.
[2026-09-16 01:32:20] [converterTests] [WARN] Square source image '9_NFT3K.png' is treated as the landscape master; it will be fitted into a 7680x4320 frame.
[2026-09-16 01:32:20] [converterTests] [WARN] Square source image '9_NFT8K.png' is treated as the landscape master; it will be fitted into a 7680x4320 frame.
[2026-09-16 01:32:20] [converterTests] [WARN] Full pipeline found multiple same-stem images; auto-selecting 9_8K.png and ignoring derived companions.
[2026-09-16 01:32:20] [converterTests] [WARN] Square source image '9_NFT3K.png' is treated as the landscape master; it will be fitted into a 7680x4320 frame.
[2026-09-16 01:32:20] [converterTests] [WARN] Square source image '9_NFT8K.png' is treated as the landscape master; it will be fitted into a 7680x4320 frame.
[2026-09-16 01:32:21] [converterTests] [WARN] Full pipeline found multiple same-stem images; auto-selecting 9.png and ignoring derived companions.
Test Case '-[converterTests.ConverterTests testResolveFullImageCollapsesItsOwnDerivedOutputsOnRerun]' passed (1.143 seconds).
Test Case '-[converterTests.ConverterTests testResolveFullImageStillRejectsTwoDistinctSources]' started.
Test Case '-[converterTests.ConverterTests testResolveFullImageStillRejectsTwoDistinctSources]' passed (0.427 seconds).
Test Case '-[converterTests.ConverterTests testSchedulerProfileKeepsExpectedConcurrencyCaps]' started.
Test Case '-[converterTests.ConverterTests testSchedulerProfileKeepsExpectedConcurrencyCaps]' passed (0.000 seconds).
Test Case '-[converterTests.ConverterTests testShortClipSecondsAcceptsTimecodesAndRejectsNonPositiveOrMalformedValues]' started.
[2026-09-16 01:32:21] [converterTests] [WARN] Duplicate config key 'SHORT_MP4_CLIP_SECONDS' in /var/folders/bl/0_vgy5fd1t94djrp8z4pw9zm0000gn/T/converter-tests.773DD1C4-539E-4450-8054-9FC00F5F0B0D/config.txt; using the last value '58'
[2026-09-16 01:32:21] [converterTests] [WARN] Duplicate config key 'SHORT_MP4_CLIP_SECONDS' in /var/folders/bl/0_vgy5fd1t94djrp8z4pw9zm0000gn/T/converter-tests.773DD1C4-539E-4450-8054-9FC00F5F0B0D/config.txt; using the last value '0:58'
[2026-09-16 01:32:21] [converterTests] [WARN] Duplicate config key 'SHORT_MP4_CLIP_SECONDS' in /var/folders/bl/0_vgy5fd1t94djrp8z4pw9zm0000gn/T/converter-tests.773DD1C4-539E-4450-8054-9FC00F5F0B0D/config.txt; using the last value '1:30'
[2026-09-16 01:32:21] [converterTests] [WARN] Duplicate config key 'SHORT_MP4_CLIP_SECONDS' in /var/folders/bl/0_vgy5fd1t94djrp8z4pw9zm0000gn/T/converter-tests.773DD1C4-539E-4450-8054-9FC00F5F0B0D/config.txt; using the last value '0:01:30.5'
[2026-09-16 01:32:21] [converterTests] [WARN] Duplicate config key 'SHORT_MP4_CLIP_SECONDS' in /var/folders/bl/0_vgy5fd1t94djrp8z4pw9zm0000gn/T/converter-tests.773DD1C4-539E-4450-8054-9FC00F5F0B0D/config.txt; using the last value '0'
[2026-09-16 01:32:21] [converterTests] [WARN] Duplicate config key 'SHORT_MP4_CLIP_SECONDS' in /var/folders/bl/0_vgy5fd1t94djrp8z4pw9zm0000gn/T/converter-tests.773DD1C4-539E-4450-8054-9FC00F5F0B0D/config.txt; using the last value '0:00'
[2026-09-16 01:32:21] [converterTests] [WARN] Duplicate config key 'SHORT_MP4_CLIP_SECONDS' in /var/folders/bl/0_vgy5fd1t94djrp8z4pw9zm0000gn/T/converter-tests.773DD1C4-539E-4450-8054-9FC00F5F0B0D/config.txt; using the last value '-5'
[2026-09-16 01:32:21] [converterTests] [WARN] Duplicate config key 'SHORT_MP4_CLIP_SECONDS' in /var/folders/bl/0_vgy5fd1t94djrp8z4pw9zm0000gn/T/converter-tests.773DD1C4-539E-4450-8054-9FC00F5F0B0D/config.txt; using the last value '1:75'
[2026-09-16 01:32:21] [converterTests] [WARN] Duplicate config key 'SHORT_MP4_CLIP_SECONDS' in /var/folders/bl/0_vgy5fd1t94djrp8z4pw9zm0000gn/T/converter-tests.773DD1C4-539E-4450-8054-9FC00F5F0B0D/config.txt; using the last value 'abc'
[2026-09-16 01:32:21] [converterTests] [WARN] Duplicate config key 'SHORT_MP4_CLIP_SECONDS' in /var/folders/bl/0_vgy5fd1t94djrp8z4pw9zm0000gn/T/converter-tests.773DD1C4-539E-4450-8054-9FC00F5F0B0D/config.txt; using the last value '1e300'
[2026-09-16 01:32:21] [converterTests] [WARN] Duplicate config key 'SHORT_MP4_CLIP_SECONDS' in /var/folders/bl/0_vgy5fd1t94djrp8z4pw9zm0000gn/T/converter-tests.773DD1C4-539E-4450-8054-9FC00F5F0B0D/config.txt; using the last value '1:2:3:4'
Test Case '-[converterTests.ConverterTests testShortClipSecondsAcceptsTimecodesAndRejectsNonPositiveOrMalformedValues]' passed (0.025 seconds).
Test Case '-[converterTests.ConverterTests testShortDurationHelpersClampToInputDurationConfigAndHardLimit]' started.
[2026-09-16 01:32:21] [converterTests] [WARN] Duplicate config key 'SHORT_MP4_CLIP_SECONDS' in /var/folders/bl/0_vgy5fd1t94djrp8z4pw9zm0000gn/T/converter-tests.182F26BE-D1CA-46E1-A270-F191BF0A05C7/config.txt; using the last value '0:30'
Test Case '-[converterTests.ConverterTests testShortDurationHelpersClampToInputDurationConfigAndHardLimit]' passed (0.002 seconds).
Test Case '-[converterTests.ConverterTests testShortFillModesUseDistinctTempStemsAndSuffixes]' started.
Test Case '-[converterTests.ConverterTests testShortFillModesUseDistinctTempStemsAndSuffixes]' passed (0.000 seconds).
Test Case '-[converterTests.ConverterTests testShortMP4StemsCoverLetterboxedAndCenterCutVariants]' started.
Test Case '-[converterTests.ConverterTests testShortMP4StemsCoverLetterboxedAndCenterCutVariants]' passed (0.000 seconds).
Test Case '-[converterTests.ConverterTests testSignalDeathIsNeverAnAllowedExitCode]' started.
Test Case '-[converterTests.ConverterTests testSignalDeathIsNeverAnAllowedExitCode]' passed (0.075 seconds).
Test Case '-[converterTests.ConverterTests testSilenceParsesDefaultAndExplicitDuration]' started.
Test Case '-[converterTests.ConverterTests testSilenceParsesDefaultAndExplicitDuration]' passed (0.001 seconds).
Test Case '-[converterTests.ConverterTests testSilenceRejectsInvalidArguments]' started.
Test Case '-[converterTests.ConverterTests testSilenceRejectsInvalidArguments]' passed (0.000 seconds).
Test Case '-[converterTests.ConverterTests testStaticLoudnessGainNeverAttenuatesQuietPeakConstrainedAudio]' started.
Test Case '-[converterTests.ConverterTests testStaticLoudnessGainNeverAttenuatesQuietPeakConstrainedAudio]' passed (0.001 seconds).
Test Case '-[converterTests.ConverterTests testStringAndURLHelpersNormalizeNamesWithoutFileSystemAccess]' started.
Test Case '-[converterTests.ConverterTests testStringAndURLHelpersNormalizeNamesWithoutFileSystemAccess]' passed (0.000 seconds).
Test Case '-[converterTests.ConverterTests testTailFadeParsesDefaultAndExplicitDuration]' started.
Test Case '-[converterTests.ConverterTests testTailFadeParsesDefaultAndExplicitDuration]' passed (0.000 seconds).
Test Case '-[converterTests.ConverterTests testTailFadeRejectsTooManyArguments]' started.
Test Case '-[converterTests.ConverterTests testTailFadeRejectsTooManyArguments]' passed (0.000 seconds).
Test Case '-[converterTests.ConverterTests testTimecodeRejectsAbsurdDurationsAndFFmpegNumberNeverTraps]' started.
Test Case '-[converterTests.ConverterTests testTimecodeRejectsAbsurdDurationsAndFFmpegNumberNeverTraps]' passed (0.004 seconds).
Test Case '-[converterTests.ConverterTests testTimecodeRejectsEmptyColonSeparatedComponents]' started.
Test Case '-[converterTests.ConverterTests testTimecodeRejectsEmptyColonSeparatedComponents]' passed (0.000 seconds).
Test Case '-[converterTests.ConverterTests testUnitMakeToolIgnoresHostConfigAndDebugOverrides]' started.
Test Case '-[converterTests.ConverterTests testUnitMakeToolIgnoresHostConfigAndDebugOverrides]' passed (0.001 seconds).
Test Case '-[converterTests.ConverterTests testUnknownConfigKeyIsReportedAtWarnLevelNamingKeyAndFile]' started.
Test Case '-[converterTests.ConverterTests testUnknownConfigKeyIsReportedAtWarnLevelNamingKeyAndFile]' passed (0.005 seconds).
Test Case '-[converterTests.ConverterTests testUnknownOptionsAndStrayPositionalsAreRejected]' started.
Test Case '-[converterTests.ConverterTests testUnknownOptionsAndStrayPositionalsAreRejected]' passed (0.003 seconds).
Test Case '-[converterTests.ConverterTests testUnusableInstalledToolsAreNamedWithTheirReason]' started.
Test Case '-[converterTests.ConverterTests testUnusableInstalledToolsAreNamedWithTheirReason]' passed (0.807 seconds).
Test Case '-[converterTests.ConverterTests testValidateRejectsH264VideoToolboxPrimaryAboveVideoToolboxSessionLimit]' started.
[2026-09-16 01:32:22] [converterTests] [WARN] Duplicate config key 'SHORT_MP4_VIDEO_CODEC' in /var/folders/bl/0_vgy5fd1t94djrp8z4pw9zm0000gn/T/converter-tests.A55013CE-F252-4712-97B2-653839F943D4/config.txt; using the last value 'h264_videotoolbox'
[2026-09-16 01:32:22] [converterTests] [WARN] Duplicate config key 'SHORT_MP4_VIDEO_FALLBACKS' in /var/folders/bl/0_vgy5fd1t94djrp8z4pw9zm0000gn/T/converter-tests.A55013CE-F252-4712-97B2-653839F943D4/config.txt; using the last value 'libx264'
[2026-09-16 01:32:22] [converterTests] [WARN] Duplicate config key 'SHORT_MP4_SCALE_W' in /var/folders/bl/0_vgy5fd1t94djrp8z4pw9zm0000gn/T/converter-tests.A55013CE-F252-4712-97B2-653839F943D4/config.txt; using the last value '4320'
[2026-09-16 01:32:22] [converterTests] [WARN] Duplicate config key 'SHORT_MP4_SCALE_H' in /var/folders/bl/0_vgy5fd1t94djrp8z4pw9zm0000gn/T/converter-tests.A55013CE-F252-4712-97B2-653839F943D4/config.txt; using the last value '7680'
[2026-09-16 01:32:22] [converterTests] [WARN] Duplicate config key 'SHORT_MP4_VIDEO_CODEC' in /var/folders/bl/0_vgy5fd1t94djrp8z4pw9zm0000gn/T/converter-tests.A55013CE-F252-4712-97B2-653839F943D4/config.txt; using the last value 'h264_videotoolbox'
[2026-09-16 01:32:22] [converterTests] [WARN] Duplicate config key 'SHORT_MP4_VIDEO_FALLBACKS' in /var/folders/bl/0_vgy5fd1t94djrp8z4pw9zm0000gn/T/converter-tests.A55013CE-F252-4712-97B2-653839F943D4/config.txt; using the last value 'libx264'
[2026-09-16 01:32:22] [converterTests] [WARN] Duplicate config key 'SHORT_MP4_SCALE_W' in /var/folders/bl/0_vgy5fd1t94djrp8z4pw9zm0000gn/T/converter-tests.A55013CE-F252-4712-97B2-653839F943D4/config.txt; using the last value '4098'
[2026-09-16 01:32:22] [converterTests] [WARN] Duplicate config key 'SHORT_MP4_SCALE_H' in /var/folders/bl/0_vgy5fd1t94djrp8z4pw9zm0000gn/T/converter-tests.A55013CE-F252-4712-97B2-653839F943D4/config.txt; using the last value '4096'
[2026-09-16 01:32:22] [converterTests] [WARN] Duplicate config key 'SHORT_MP4_VIDEO_CODEC' in /var/folders/bl/0_vgy5fd1t94djrp8z4pw9zm0000gn/T/converter-tests.A55013CE-F252-4712-97B2-653839F943D4/config.txt; using the last value 'h264_videotoolbox'
[2026-09-16 01:32:22] [converterTests] [WARN] Duplicate config key 'SHORT_MP4_VIDEO_FALLBACKS' in /var/folders/bl/0_vgy5fd1t94djrp8z4pw9zm0000gn/T/converter-tests.A55013CE-F252-4712-97B2-653839F943D4/config.txt; using the last value 'libx264'
[2026-09-16 01:32:22] [converterTests] [WARN] Duplicate config key 'SHORT_MP4_SCALE_W' in /var/folders/bl/0_vgy5fd1t94djrp8z4pw9zm0000gn/T/converter-tests.A55013CE-F252-4712-97B2-653839F943D4/config.txt; using the last value '4096'
[2026-09-16 01:32:22] [converterTests] [WARN] Duplicate config key 'SHORT_MP4_SCALE_H' in /var/folders/bl/0_vgy5fd1t94djrp8z4pw9zm0000gn/T/converter-tests.A55013CE-F252-4712-97B2-653839F943D4/config.txt; using the last value '4098'
[2026-09-16 01:32:22] [converterTests] [WARN] Duplicate config key 'SHORT_MP4_VIDEO_CODEC' in /var/folders/bl/0_vgy5fd1t94djrp8z4pw9zm0000gn/T/converter-tests.A55013CE-F252-4712-97B2-653839F943D4/config.txt; using the last value 'h264_videotoolbox'
[2026-09-16 01:32:22] [converterTests] [WARN] Duplicate config key 'SHORT_MP4_VIDEO_FALLBACKS' in /var/folders/bl/0_vgy5fd1t94djrp8z4pw9zm0000gn/T/converter-tests.A55013CE-F252-4712-97B2-653839F943D4/config.txt; using the last value 'libx264'
[2026-09-16 01:32:22] [converterTests] [WARN] Duplicate config key 'SHORT_MP4_SCALE_W' in /var/folders/bl/0_vgy5fd1t94djrp8z4pw9zm0000gn/T/converter-tests.A55013CE-F252-4712-97B2-653839F943D4/config.txt; using the last value '4096'
[2026-09-16 01:32:22] [converterTests] [WARN] Duplicate config key 'SHORT_MP4_SCALE_H' in /var/folders/bl/0_vgy5fd1t94djrp8z4pw9zm0000gn/T/converter-tests.A55013CE-F252-4712-97B2-653839F943D4/config.txt; using the last value '4096'
[2026-09-16 01:32:22] [converterTests] [WARN] Duplicate config key 'SHORT_MP4_VIDEO_CODEC' in /var/folders/bl/0_vgy5fd1t94djrp8z4pw9zm0000gn/T/converter-tests.A55013CE-F252-4712-97B2-653839F943D4/config.txt; using the last value 'libx264'
[2026-09-16 01:32:22] [converterTests] [WARN] Duplicate config key 'SHORT_MP4_VIDEO_FALLBACKS' in /var/folders/bl/0_vgy5fd1t94djrp8z4pw9zm0000gn/T/converter-tests.A55013CE-F252-4712-97B2-653839F943D4/config.txt; using the last value 'h264_videotoolbox'
[2026-09-16 01:32:22] [converterTests] [WARN] Duplicate config key 'SHORT_MP4_SCALE_W' in /var/folders/bl/0_vgy5fd1t94djrp8z4pw9zm0000gn/T/converter-tests.A55013CE-F252-4712-97B2-653839F943D4/config.txt; using the last value '4320'
[2026-09-16 01:32:22] [converterTests] [WARN] Duplicate config key 'SHORT_MP4_SCALE_H' in /var/folders/bl/0_vgy5fd1t94djrp8z4pw9zm0000gn/T/converter-tests.A55013CE-F252-4712-97B2-653839F943D4/config.txt; using the last value '7680'
[2026-09-16 01:32:22] [converterTests] [WARN] Duplicate config key 'VIDEO_MP4_ENCODER' in /var/folders/bl/0_vgy5fd1t94djrp8z4pw9zm0000gn/T/converter-tests.A55013CE-F252-4712-97B2-653839F943D4/config.txt; using the last value 'h264_videotoolbox'
[2026-09-16 01:32:22] [converterTests] [WARN] Duplicate config key 'VIDEO_MP4_WIDTH' in /var/folders/bl/0_vgy5fd1t94djrp8z4pw9zm0000gn/T/converter-tests.A55013CE-F252-4712-97B2-653839F943D4/config.txt; using the last value '7680'
[2026-09-16 01:32:22] [converterTests] [WARN] Duplicate config key 'VIDEO_MP4_HEIGHT' in /var/folders/bl/0_vgy5fd1t94djrp8z4pw9zm0000gn/T/converter-tests.A55013CE-F252-4712-97B2-653839F943D4/config.txt; using the last value '4320'
[2026-09-16 01:32:22] [converterTests] [WARN] Duplicate config key 'VIDEO_MP4_ENCODER' in /var/folders/bl/0_vgy5fd1t94djrp8z4pw9zm0000gn/T/converter-tests.A55013CE-F252-4712-97B2-653839F943D4/config.txt; using the last value 'hevc_videotoolbox'
[2026-09-16 01:32:22] [converterTests] [WARN] Duplicate config key 'VIDEO_MP4_WIDTH' in /var/folders/bl/0_vgy5fd1t94djrp8z4pw9zm0000gn/T/converter-tests.A55013CE-F252-4712-97B2-653839F943D4/config.txt; using the last value '7680'
[2026-09-16 01:32:22] [converterTests] [WARN] Duplicate config key 'VIDEO_MP4_HEIGHT' in /var/folders/bl/0_vgy5fd1t94djrp8z4pw9zm0000gn/T/converter-tests.A55013CE-F252-4712-97B2-653839F943D4/config.txt; using the last value '4320'
Test Case '-[converterTests.ConverterTests testValidateRejectsH264VideoToolboxPrimaryAboveVideoToolboxSessionLimit]' passed (0.020 seconds).
Test Case '-[converterTests.ConverterTests testVerifyCodecMapsEncoderFamilies]' started.
Test Case '-[converterTests.ConverterTests testVerifyCodecMapsEncoderFamilies]' passed (0.001 seconds).
Test Case '-[converterTests.ConverterTests testWAVHeaderRejectsTruncatedWAVXAndMismatchedContainers]' started.
Test Case '-[converterTests.ConverterTests testWAVHeaderRejectsTruncatedWAVXAndMismatchedContainers]' passed (0.002 seconds).
Test Case '-[converterTests.ConverterTests testYouTubeShortProfileKeepsLibx264PrimaryAtPortrait8K]' started.
Test Case '-[converterTests.ConverterTests testYouTubeShortProfileKeepsLibx264PrimaryAtPortrait8K]' passed (0.000 seconds).
Test Case '-[converterTests.ConverterTests testYouTubeShortProfileKeepsProjectMinus12LUFSTarget]' started.
Test Case '-[converterTests.ConverterTests testYouTubeShortProfileKeepsProjectMinus12LUFSTarget]' passed (0.000 seconds).
Test Suite 'ConverterTests' passed at 2026-09-16 01:32:22.437.
	 Executed 134 tests, with 0 failures (0 unexpected) in 10.366 (10.377) seconds
Test Suite 'PipelineIntegrationTests' started at 2026-09-16 01:32:22.437.
Test Case '-[converterTests.PipelineIntegrationTests testAcceptsLeadingSilenceWhenAudioBecomesAudibleLater]' started.
[2026-09-16 01:32:23] [converterTests] [INFO] Created WAV: leadingsilence.wav
Test Case '-[converterTests.PipelineIntegrationTests testAcceptsLeadingSilenceWhenAudioBecomesAudibleLater]' passed (1.960 seconds).
Test Case '-[converterTests.PipelineIntegrationTests testAIPixPreservesFullStemToAvoidUnderscoreCollisions]' started.
[2026-09-16 01:32:24] [converterTests] [INFO] PNG variants: art_1.png
[2026-09-16 01:32:24] [converterTests] [INFO] Created 8K PNG: art_1_8K.png
[2026-09-16 01:32:25] [converterTests] [INFO] Created 4K PNG: art_1_4K.png
[2026-09-16 01:32:25] [converterTests] [INFO] PNG variants: art_2.png
[2026-09-16 01:32:25] [converterTests] [INFO] Created 8K PNG: art_2_8K.png
[2026-09-16 01:32:25] [converterTests] [INFO] Created 4K PNG: art_2_4K.png
Test Case '-[converterTests.PipelineIntegrationTests testAIPixPreservesFullStemToAvoidUnderscoreCollisions]' passed (1.301 seconds).
Test Case '-[converterTests.PipelineIntegrationTests testAIPixRefusesToOverwriteItsOwnSource]' started.
Test Case '-[converterTests.PipelineIntegrationTests testAIPixRefusesToOverwriteItsOwnSource]' passed (0.294 seconds).
Test Case '-[converterTests.PipelineIntegrationTests testAlbumBuildAcceptsNonStandardRIFFWavInputs]' started.
[2026-09-16 01:32:27] [converterTests] [INFO] Created album WAV: /var/folders/bl/0_vgy5fd1t94djrp8z4pw9zm0000gn/T/converter-tests.4D34975C-9285-49AB-B218-F3EBBA786AEE/Output/album.rf64.wav
Test Case '-[converterTests.PipelineIntegrationTests testAlbumBuildAcceptsNonStandardRIFFWavInputs]' passed (2.121 seconds).
Test Case '-[converterTests.PipelineIntegrationTests testAlbumBuildFromAlbumFileCreatesVerifiedRF64Wave]' started.
[2026-09-16 01:32:29] [converterTests] [INFO] Created album WAV: /var/folders/bl/0_vgy5fd1t94djrp8z4pw9zm0000gn/T/converter-tests.1E7EB6DA-4AE0-47B5-916E-3AFDD995D7C5/Output/album.rf64.wav
Test Case '-[converterTests.PipelineIntegrationTests testAlbumBuildFromAlbumFileCreatesVerifiedRF64Wave]' passed (1.900 seconds).
Test Case '-[converterTests.PipelineIntegrationTests testAlbumDurationToleranceIsStrictlyBelowTheGapItMustDetect]' started.
[2026-09-16 01:32:30] [converterTests] [WARN] Duplicate config key 'ALBUM_SILENCE_SECS' in /var/folders/bl/0_vgy5fd1t94djrp8z4pw9zm0000gn/T/converter-tests.6A215D00-BD90-4E81-8C19-FDC456E1E6F6/config.txt; using the last value '2'
[2026-09-16 01:32:30] [converterTests] [WARN] Duplicate config key 'DURATION_TOLERANCE_SEC' in /var/folders/bl/0_vgy5fd1t94djrp8z4pw9zm0000gn/T/converter-tests.6A215D00-BD90-4E81-8C19-FDC456E1E6F6/config.txt; using the last value '2'
[2026-09-16 01:32:30] [converterTests] [WARN] Duplicate config key 'ALBUM_SILENCE_SECS' in /var/folders/bl/0_vgy5fd1t94djrp8z4pw9zm0000gn/T/converter-tests.6A215D00-BD90-4E81-8C19-FDC456E1E6F6/config.txt; using the last value '2'
[2026-09-16 01:32:30] [converterTests] [WARN] Duplicate config key 'DURATION_TOLERANCE_SEC' in /var/folders/bl/0_vgy5fd1t94djrp8z4pw9zm0000gn/T/converter-tests.6A215D00-BD90-4E81-8C19-FDC456E1E6F6/config.txt; using the last value '0.5'
Test Case '-[converterTests.PipelineIntegrationTests testAlbumDurationToleranceIsStrictlyBelowTheGapItMustDetect]' passed (0.003 seconds).
Test Case '-[converterTests.PipelineIntegrationTests testAlbumFileFailsClosedOnMissingTracksUnlessContinueOnError]' started.
[2026-09-16 01:32:30] [converterTests] [ERROR] album.txt entry 'missing_track.wav': missing track /var/folders/bl/0_vgy5fd1t94djrp8z4pw9zm0000gn/T/converter-tests.F66FDBF5-9E15-49EE-835D-431B942B15B0/Output/missing_track.wav
[2026-09-16 01:32:31] [converterTests] [INFO] Created album WAV: /var/folders/bl/0_vgy5fd1t94djrp8z4pw9zm0000gn/T/converter-tests.F66FDBF5-9E15-49EE-835D-431B942B15B0/Output/album.rf64.wav
Test Case '-[converterTests.PipelineIntegrationTests testAlbumFileFailsClosedOnMissingTracksUnlessContinueOnError]' passed (2.235 seconds).
Test Case '-[converterTests.PipelineIntegrationTests testAlbumPipelineSortsMixedAudioNormalizesAndContinuesFullRun]' started.
[2026-09-16 01:32:32] [converterTests] [INFO] Profile: youtube_master
[2026-09-16 01:32:32] [converterTests] [INFO] Scheduler profile: total=3 image=2 audio=2 video=1
[2026-09-16 01:32:32] [converterTests] [INFO] Album pipeline start
[2026-09-16 01:32:32] [converterTests] [INFO] Album track order: 1 - Sun.mp3, 2 - Rain.wav, 10 - Storm.flac
[2026-09-16 01:32:32] [converterTests] [INFO] Album loudness normalize 1/3: 1 - Sun.mp3
[2026-09-16 01:32:34] [converterTests] [INFO] Album track ready: 1 - Sun.mp3 [integrated=-11.95 LUFS]
[2026-09-16 01:32:34] [converterTests] [INFO] Album loudness normalize 2/3: 2 - Rain.wav
[2026-09-16 01:32:35] [converterTests] [INFO] Album track ready: 2 - Rain.wav [integrated=-12.05 LUFS]
[2026-09-16 01:32:36] [converterTests] [INFO] Album loudness normalize 3/3: 10 - Storm.flac
[2026-09-16 01:32:37] [converterTests] [INFO] Album track ready: 10 - Storm.flac [integrated=-11.95 LUFS]
[2026-09-16 01:32:38] [converterTests] [INFO] Created album WAV: /var/folders/bl/0_vgy5fd1t94djrp8z4pw9zm0000gn/T/converter-tests.74C0F381-5382-4C96-9102-362778C02817/Output/album.wav
[2026-09-16 01:32:38] [converterTests] [INFO] Album source audio: album.wav
[2026-09-16 01:32:38] [converterTests] [INFO] Full step: use Horizontal_8K.png for main MP4
[2026-09-16 01:32:38] [converterTests] [INFO] Full step: use Vertical_8K.png for short MP4
[2026-09-16 01:32:38] [converterTests] [INFO] Full step: image deliverables from Horizontal_8K.png
[2026-09-16 01:32:38] [converterTests] [INFO] Full step: 4K PNG
[2026-09-16 01:32:38] [converterTests] [INFO] Full step: NFT assets
[2026-09-16 01:32:38] [converterTests] [INFO] Created 4K PNG: album_4K.png
[2026-09-16 01:32:38] [converterTests] [INFO] Full step: 2K PNG
[2026-09-16 01:32:38] [converterTests] [INFO] Created 2K PNG: album_2K.png
[2026-09-16 01:32:38] [converterTests] [INFO] Full step: 3K PNG
[2026-09-16 01:32:38] [converterTests] [INFO] Full step: external RF64/BW64 audio deliverables
[2026-09-16 01:32:38] [converterTests] [INFO] Created 3K PNG: album_3K.png
[2026-09-16 01:32:38] [converterTests] [INFO] Full step: 3K JPG deliverables
[2026-09-16 01:32:38] [converterTests] [INFO] Created NFT set: album
[2026-09-16 01:32:38] [converterTests] [INFO] Full step: 8K JPG deliverables
[2026-09-16 01:32:38] [converterTests] [INFO] Created 1MB JPG: album_8K_1MB.jpg
[2026-09-16 01:32:38] [converterTests] [INFO] Created 1MB JPG: album_3K_1MB.jpg
[2026-09-16 01:32:38] [converterTests] [INFO] Created 5MB JPG: album_3K_5MB.jpg
[2026-09-16 01:32:38] [converterTests] [INFO] Created 2MB JPG: album_8K_2MB.jpg
[2026-09-16 01:32:38] [converterTests] [INFO] Created 20MB JPG: album_8K_20MB.jpg
[2026-09-16 01:32:39] [converterTests] [INFO] Created external FLAC: album_RF64.flac
[2026-09-16 01:32:40] [converterTests] [INFO] Created external WAV: album_RF64.wav
[2026-09-16 01:32:41] [converterTests] [INFO] Created external BW64 WAV: album_BW64.wav
[2026-09-16 01:32:45] [converterTests] [INFO] Created M4A: album.m4a
[2026-09-16 01:32:45] [converterTests] [INFO] Created MP3: album.mp3
[2026-09-16 01:32:45] [converterTests] [INFO] Full step: M4A -> MP4
[2026-09-16 01:32:46] [converterTests] [INFO] Main video encoders: hevc_videotoolbox, libx265
[2026-09-16 01:32:47] [converterTests] [INFO] Created MP4: album_8K.mp4 [encoder=hevc_videotoolbox]
[2026-09-16 01:32:47] [converterTests] [INFO] Full step: portrait short stills
[2026-09-16 01:32:47] [converterTests] [INFO] Created portrait still: album_Short_8K.png
[2026-09-16 01:32:47] [converterTests] [INFO] Created 1MB JPG: album_Short_8K_1MB.jpg
[2026-09-16 01:32:47] [converterTests] [INFO] Created 2MB JPG: album_Short_8K_2MB.jpg
[2026-09-16 01:32:47] [converterTests] [INFO] Created portrait still: album_Short_CenterCut_8K.png
[2026-09-16 01:32:47] [converterTests] [INFO] Created 1MB JPG: album_Short_CenterCut_8K_1MB.jpg
[2026-09-16 01:32:47] [converterTests] [INFO] Created 2MB JPG: album_Short_CenterCut_8K_2MB.jpg
[2026-09-16 01:32:47] [converterTests] [INFO] Full step: PNG -> Short: album_Short_8K.png
[2026-09-16 01:32:48] [converterTests] [INFO] Short video encoders: libx264, h264_videotoolbox
[2026-09-16 01:32:49] [converterTests] [INFO] Created portrait short MP4: album_8K_Short.mp4 [encoder=libx264]
[2026-09-16 01:32:50] [converterTests] [INFO] Created portrait short MP4: album_8K_Short_FullSong.mp4 [encoder=libx264]
[2026-09-16 01:32:51] [converterTests] [INFO] Created portrait short MP4 (centre cut): album_8K_Short_CenterCut.mp4 [encoder=libx264]
[2026-09-16 01:32:52] [converterTests] [INFO] Created portrait short MP4 (centre cut): album_8K_Short_FullSong_CenterCut.mp4 [encoder=libx264]
[2026-09-16 01:32:52] [converterTests] [INFO] Album pipeline complete
Test Case '-[converterTests.PipelineIntegrationTests testAlbumPipelineSortsMixedAudioNormalizesAndContinuesFullRun]' passed (21.317 seconds).
Test Case '-[converterTests.PipelineIntegrationTests testAlbumRunKeepsOutputFileForTheAlbumWAVOnly]' started.
[2026-09-16 01:32:53] [converterTests] [INFO] Profile: youtube_master
[2026-09-16 01:32:53] [converterTests] [INFO] Scheduler profile: total=3 image=2 audio=2 video=1
[2026-09-16 01:32:53] [converterTests] [INFO] Album pipeline start
[2026-09-16 01:32:53] [converterTests] [INFO] Album track order: 01.wav, 02.wav
[2026-09-16 01:32:53] [converterTests] [INFO] Album loudness normalize 1/2: 01.wav
[2026-09-16 01:32:54] [converterTests] [INFO] Album track ready: 01.wav [integrated=-12.05 LUFS]
[2026-09-16 01:32:54] [converterTests] [INFO] Album loudness normalize 2/2: 02.wav
[2026-09-16 01:32:55] [converterTests] [INFO] Album track ready: 02.wav [integrated=-11.95 LUFS]
[2026-09-16 01:32:55] [converterTests] [INFO] Created album WAV: /var/folders/bl/0_vgy5fd1t94djrp8z4pw9zm0000gn/T/converter-tests.05768F36-41D1-4A0B-8826-0EBAA48F646B/Output/MyAlbum.wav
[2026-09-16 01:32:55] [converterTests] [INFO] Album source audio: MyAlbum.wav
[2026-09-16 01:32:55] [converterTests] [INFO] Full step: PNG variants
[2026-09-16 01:32:55] [converterTests] [INFO] Created 8K PNG: MyAlbum_8K.png
[2026-09-16 01:32:55] [converterTests] [INFO] Created 4K PNG: MyAlbum_4K.png
[2026-09-16 01:32:55] [converterTests] [INFO] Full step: NFT assets
[2026-09-16 01:32:55] [converterTests] [INFO] Full step: 2K PNG
[2026-09-16 01:32:55] [converterTests] [INFO] Created 2K PNG: MyAlbum_2K.png
[2026-09-16 01:32:55] [converterTests] [INFO] Full step: 3K PNG
[2026-09-16 01:32:55] [converterTests] [INFO] Full step: external RF64/BW64 audio deliverables
[2026-09-16 01:32:55] [converterTests] [INFO] Created 3K PNG: MyAlbum_3K.png
[2026-09-16 01:32:55] [converterTests] [INFO] Full step: 3K JPG deliverables
[2026-09-16 01:32:56] [converterTests] [INFO] Created 1MB JPG: MyAlbum_3K_1MB.jpg
[2026-09-16 01:32:56] [converterTests] [INFO] Created NFT set: MyAlbum
[2026-09-16 01:32:56] [converterTests] [INFO] Full step: 8K JPG deliverables
[2026-09-16 01:32:56] [converterTests] [INFO] Created 5MB JPG: MyAlbum_3K_5MB.jpg
[2026-09-16 01:32:56] [converterTests] [INFO] Created 1MB JPG: MyAlbum_8K_1MB.jpg
[2026-09-16 01:32:56] [converterTests] [INFO] Created 2MB JPG: MyAlbum_8K_2MB.jpg
[2026-09-16 01:32:56] [converterTests] [INFO] Created 20MB JPG: MyAlbum_8K_20MB.jpg
[2026-09-16 01:32:56] [converterTests] [INFO] Created external FLAC: MyAlbum_RF64.flac
[2026-09-16 01:32:56] [converterTests] [INFO] Created external WAV: MyAlbum_RF64.wav
[2026-09-16 01:32:57] [converterTests] [INFO] Created external BW64 WAV: MyAlbum_BW64.wav
[2026-09-16 01:32:58] [converterTests] [INFO] Created MP3: MyAlbum.mp3
[2026-09-16 01:32:58] [converterTests] [INFO] Created M4A: MyAlbum.m4a
[2026-09-16 01:32:58] [converterTests] [INFO] Full step: M4A -> MP4
[2026-09-16 01:32:59] [converterTests] [INFO] Main video encoders: hevc_videotoolbox, libx265
[2026-09-16 01:33:00] [converterTests] [INFO] Created MP4: MyAlbum_8K.mp4 [encoder=hevc_videotoolbox]
[2026-09-16 01:33:00] [converterTests] [INFO] Full step: portrait short stills
[2026-09-16 01:33:00] [converterTests] [INFO] Created portrait still: MyAlbum_Short_8K.png
[2026-09-16 01:33:00] [converterTests] [INFO] Created 1MB JPG: MyAlbum_Short_8K_1MB.jpg
[2026-09-16 01:33:00] [converterTests] [INFO] Created 2MB JPG: MyAlbum_Short_8K_2MB.jpg
[2026-09-16 01:33:00] [converterTests] [INFO] Created portrait still: MyAlbum_Short_CenterCut_8K.png
[2026-09-16 01:33:00] [converterTests] [INFO] Created 1MB JPG: MyAlbum_Short_CenterCut_8K_1MB.jpg
[2026-09-16 01:33:00] [converterTests] [INFO] Created 2MB JPG: MyAlbum_Short_CenterCut_8K_2MB.jpg
[2026-09-16 01:33:00] [converterTests] [INFO] Full step: PNG -> Short: MyAlbum_Short_8K.png
[2026-09-16 01:33:01] [converterTests] [INFO] Short video encoders: libx264, h264_videotoolbox
[2026-09-16 01:33:02] [converterTests] [INFO] Created portrait short MP4: MyAlbum_8K_Short.mp4 [encoder=libx264]
[2026-09-16 01:33:03] [converterTests] [INFO] Created portrait short MP4: MyAlbum_8K_Short_FullSong.mp4 [encoder=libx264]
[2026-09-16 01:33:04] [converterTests] [INFO] Created portrait short MP4 (centre cut): MyAlbum_8K_Short_CenterCut.mp4 [encoder=libx264]
[2026-09-16 01:33:05] [converterTests] [INFO] Created portrait short MP4 (centre cut): MyAlbum_8K_Short_FullSong_CenterCut.mp4 [encoder=libx264]
[2026-09-16 01:33:05] [converterTests] [INFO] Album pipeline complete
Test Case '-[converterTests.PipelineIntegrationTests testAlbumRunKeepsOutputFileForTheAlbumWAVOnly]' passed (11.898 seconds).
Test Case '-[converterTests.PipelineIntegrationTests testAudioConversionMatrixProducesVerifiedOutputs]' started.
[2026-09-16 01:33:06] [converterTests] [INFO] Created WAV: audio_flac.wav
[2026-09-16 01:33:10] [converterTests] [INFO] Created MP3: audio_flac.mp3
[2026-09-16 01:33:12] [converterTests] [INFO] Created M4A: audio_flac.m4a
[2026-09-16 01:33:15] [converterTests] [INFO] Created FLAC: audio_wav.flac
[2026-09-16 01:33:18] [converterTests] [INFO] Created MP3: audio_wav.mp3
[2026-09-16 01:33:21] [converterTests] [INFO] Created M4A: audio_wav.m4a
[2026-09-16 01:33:23] [converterTests] [INFO] Created WAV: audio_mp3.wav
[2026-09-16 01:33:25] [converterTests] [INFO] Created FLAC: audio_mp3.flac
[2026-09-16 01:33:28] [converterTests] [INFO] Created M4A: audio_mp3.m4a
[2026-09-16 01:33:31] [converterTests] [INFO] Created WAV: audio_m4a.wav
[2026-09-16 01:33:35] [converterTests] [INFO] Created MP3: audio_m4a.mp3
[2026-09-16 01:33:37] [converterTests] [INFO] Created FLAC: audio_m4a.flac
Test Case '-[converterTests.PipelineIntegrationTests testAudioConversionMatrixProducesVerifiedOutputs]' passed (32.134 seconds).
Test Case '-[converterTests.PipelineIntegrationTests testAudioPaddingUsesTheAudioStreamDurationWhenTheVideoOutlastsIt]' started.
[2026-09-16 01:33:38] [converterTests] [INFO] outlasting_video.mp4 carries a video track; the padded audio output keeps the audio only.
[2026-09-16 01:33:39] [converterTests] [INFO] Silence MP4 video encoders: hevc_videotoolbox, libx265
[2026-09-16 01:33:41] [converterTests] [INFO] Created silence-padded media: outlasting_video_silence_0_5s.mp4
Test Case '-[converterTests.PipelineIntegrationTests testAudioPaddingUsesTheAudioStreamDurationWhenTheVideoOutlastsIt]' passed (5.146 seconds).
Test Case '-[converterTests.PipelineIntegrationTests testAudioTranscodesIgnoreAttachedVideoStreams]' started.
[2026-09-16 01:33:44] [converterTests] [INFO] Created WAV: flac_artwork.wav
[2026-09-16 01:33:46] [converterTests] [INFO] Created WAV: mp3_artwork.wav
Test Case '-[converterTests.PipelineIntegrationTests testAudioTranscodesIgnoreAttachedVideoStreams]' passed (4.083 seconds).
Test Case '-[converterTests.PipelineIntegrationTests testBassBatchResolvesTheFilterSetOncePerRun]' started.
[2026-09-16 01:33:46] [converterTests] [INFO] Bass boost one.wav: frequency=80Hz gain=3dB
[2026-09-16 01:33:50] [converterTests] [INFO] Created bass-adjusted media: one_bass_80Hz_3dB.wav
[2026-09-16 01:33:50] [converterTests] [INFO] Bass boost two.wav: frequency=80Hz gain=3dB
[2026-09-16 01:33:53] [converterTests] [INFO] Created bass-adjusted media: two_bass_80Hz_3dB.wav
Test Case '-[converterTests.PipelineIntegrationTests testBassBatchResolvesTheFilterSetOncePerRun]' passed (6.674 seconds).
Test Case '-[converterTests.PipelineIntegrationTests testBassBoostProcessesAudioAndMP4Inputs]' started.
[2026-09-16 01:33:54] [converterTests] [INFO] Bass boost bass_flac.flac: frequency=80Hz gain=5dB
[2026-09-16 01:33:57] [converterTests] [INFO] Created bass-adjusted media: bass_flac_bass.flac
[2026-09-16 01:33:57] [converterTests] [INFO] Bass boost bass_m4a.m4a: frequency=80Hz gain=5dB
[2026-09-16 01:34:00] [converterTests] [INFO] Created bass-adjusted media: bass_m4a_bass.m4a
[2026-09-16 01:34:00] [converterTests] [INFO] Bass boost bass_mp3.mp3: frequency=80Hz gain=5dB
[2026-09-16 01:34:03] [converterTests] [INFO] Created bass-adjusted media: bass_mp3_bass.mp3
[2026-09-16 01:34:03] [converterTests] [INFO] Bass boost bass_video.mp4: frequency=80Hz gain=5dB
[2026-09-16 01:34:06] [converterTests] [INFO] Created bass-adjusted media: bass_video_bass.mp4
[2026-09-16 01:34:06] [converterTests] [INFO] Bass boost bass_wav.wav: frequency=80Hz gain=5dB
[2026-09-16 01:34:09] [converterTests] [INFO] Created bass-adjusted media: bass_wav_bass.wav
Test Case '-[converterTests.PipelineIntegrationTests testBassBoostProcessesAudioAndMP4Inputs]' passed (20.461 seconds).
Test Case '-[converterTests.PipelineIntegrationTests testBassBoostRefusesToPublishClippedOutput]' started.
[2026-09-16 01:34:14] [converterTests] [WARN] Duplicate config key 'AUDIO_QC_MAX_CLIPPED_SAMPLES' in /var/folders/bl/0_vgy5fd1t94djrp8z4pw9zm0000gn/T/converter-tests.2729BECA-404B-4A43-9395-55FC7283E13D/config.txt; using the last value '0'
[2026-09-16 01:34:18] [converterTests] [INFO] Created bass-adjusted media: quiet_low_bass.wav
Test Case '-[converterTests.PipelineIntegrationTests testBassBoostRefusesToPublishClippedOutput]' passed (4.878 seconds).
Test Case '-[converterTests.PipelineIntegrationTests testBassNegativeGainReducesLowBandEnergy]' started.
[2026-09-16 01:34:21] [converterTests] [INFO] Created bass-adjusted media: bass_cut_source_bass_80Hz_m5dB.wav
Test Case '-[converterTests.PipelineIntegrationTests testBassNegativeGainReducesLowBandEnergy]' passed (3.253 seconds).
Test Case '-[converterTests.PipelineIntegrationTests testBassUsesSettingsSpecificSuffixForManualValues]' started.
Test Case '-[converterTests.PipelineIntegrationTests testBassUsesSettingsSpecificSuffixForManualValues]' passed (0.003 seconds).
Test Case '-[converterTests.PipelineIntegrationTests testBatchConversionActionsProduceTheirOutputs]' started.
[2026-09-16 01:34:22] [converterTests] [INFO] WAV -> FLAC: batch_wav.wav
[2026-09-16 01:34:23] [converterTests] [INFO] Created FLAC: batch_wav.flac
[2026-09-16 01:34:23] [converterTests] [INFO] FLAC -> WAV: batch_flac.flac
[2026-09-16 01:34:24] [converterTests] [INFO] Created WAV: batch_flac.wav
[2026-09-16 01:34:24] [converterTests] [INFO] FLAC -> WAV: batch_wav.flac
[2026-09-16 01:34:25] [converterTests] [INFO] Rebuilding batch_wav.wav: its source batch_wav.flac is newer than the existing output.
[2026-09-16 01:34:25] [converterTests] [INFO] Created WAV: batch_wav.wav
[2026-09-16 01:34:25] [converterTests] [INFO] WAV -> M4A: batch_flac.wav
[2026-09-16 01:34:29] [converterTests] [INFO] Created M4A: batch_flac.m4a
[2026-09-16 01:34:29] [converterTests] [INFO] WAV -> M4A: batch_wav.wav
[2026-09-16 01:34:32] [converterTests] [INFO] Created M4A: batch_wav.m4a
[2026-09-16 01:34:32] [converterTests] [INFO] M4A -> MP3: batch_flac.m4a
[2026-09-16 01:34:35] [converterTests] [INFO] Created MP3: batch_flac.mp3
[2026-09-16 01:34:35] [converterTests] [INFO] M4A -> MP3: batch_m4a.m4a
[2026-09-16 01:34:39] [converterTests] [INFO] Created MP3: batch_m4a.mp3
[2026-09-16 01:34:39] [converterTests] [INFO] M4A -> MP3: batch_wav.m4a
[2026-09-16 01:34:42] [converterTests] [INFO] Created MP3: batch_wav.mp3
[2026-09-16 01:34:42] [converterTests] [INFO] JPG -> PNG: batch_art.jpg
[2026-09-16 01:34:42] [converterTests] [INFO] Created PNG: batch_art.png
[2026-09-16 01:34:42] [converterTests] [INFO] PNG -> JPG: batch_art.png
[2026-09-16 01:34:42] [converterTests] [INFO] Skip existing JPG image: batch_art.jpg
[2026-09-16 01:34:43] [converterTests] [INFO] Loudscan progress starts now. Each file prints the current four-line loudness report.
[2026-09-16 01:34:43] [converterTests] [INFO] Loudscan 1/11 measuring: batch_flac.flac
[2026-09-16 01:34:43] [converterTests] [INFO] Loudscan 1/11 files processed: batch_flac.flac
Average loudness: -21.75 LUFS across 1 files
Lowest loudness: -21.75 LUFS (batch_flac.flac)
Highest loudness: -21.75 LUFS (batch_flac.flac)
Top 3 loudest average: -21.75 LUFS
[2026-09-16 01:34:43] [converterTests] [INFO] Loudscan 2/11 measuring: batch_flac.m4a
[2026-09-16 01:34:44] [converterTests] [INFO] Loudscan 2/11 files processed: batch_flac.m4a
Average loudness: -21.75 LUFS across 2 files
Lowest loudness: -21.75 LUFS (batch_flac.flac)
Highest loudness: -21.75 LUFS (batch_flac.flac)
Top 3 loudest average: -21.75 LUFS
[2026-09-16 01:34:44] [converterTests] [INFO] Loudscan 3/11 measuring: batch_flac.mp3
[2026-09-16 01:34:44] [converterTests] [INFO] Loudscan 3/11 files processed: batch_flac.mp3
[2026-09-16 01:34:44] [converterTests] [INFO] Loudscan 4/11 measuring: batch_flac.wav
Average loudness: -21.75 LUFS across 3 files
Lowest loudness: -21.75 LUFS (batch_flac.flac)
Highest loudness: -21.75 LUFS (batch_flac.flac)
Top 3 loudest average: -21.75 LUFS
[2026-09-16 01:34:45] [converterTests] [INFO] Loudscan 4/11 files processed: batch_flac.wav
Average loudness: -21.75 LUFS across 4 files
Lowest loudness: -21.75 LUFS (batch_flac.flac)
Highest loudness: -21.75 LUFS (batch_flac.flac)
Top 3 loudest average: -21.75 LUFS
[2026-09-16 01:34:45] [converterTests] [INFO] Loudscan 5/11 measuring: batch_m4a.m4a
Average loudness: -21.76 LUFS across 5 files
Lowest loudness: -21.79 LUFS (batch_m4a.m4a)
Highest loudness: -21.75 LUFS (batch_flac.flac)
Top 3 loudest average: -21.75 LUFS
[2026-09-16 01:34:45] [converterTests] [INFO] Loudscan 5/11 files processed: batch_m4a.m4a
[2026-09-16 01:34:45] [converterTests] [INFO] Loudscan 6/11 measuring: batch_m4a.mp3
Average loudness: -21.76 LUFS across 6 files
Lowest loudness: -21.79 LUFS (batch_m4a.m4a)
Highest loudness: -21.75 LUFS (batch_flac.flac)
Top 3 loudest average: -21.75 LUFS
[2026-09-16 01:34:46] [converterTests] [INFO] Loudscan 6/11 files processed: batch_m4a.mp3
[2026-09-16 01:34:46] [converterTests] [INFO] Loudscan 7/11 measuring: batch_mp3.mp3
[2026-09-16 01:34:46] [converterTests] [INFO] Loudscan 7/11 files processed: batch_mp3.mp3
Average loudness: -21.80 LUFS across 7 files
Lowest loudness: -22.05 LUFS (batch_mp3.mp3)
Highest loudness: -21.75 LUFS (batch_flac.flac)
Top 3 loudest average: -21.75 LUFS
[2026-09-16 01:34:46] [converterTests] [INFO] Loudscan 8/11 measuring: batch_wav.flac
[2026-09-16 01:34:47] [converterTests] [INFO] Loudscan 8/11 files processed: batch_wav.flac
Average loudness: -21.80 LUFS across 8 files
Lowest loudness: -22.05 LUFS (batch_mp3.mp3)
Highest loudness: -21.75 LUFS (batch_flac.flac)
Top 3 loudest average: -21.75 LUFS
[2026-09-16 01:34:47] [converterTests] [INFO] Loudscan 9/11 measuring: batch_wav.m4a
[2026-09-16 01:34:47] [converterTests] [INFO] Loudscan 9/11 files processed: batch_wav.m4a
Average loudness: -21.79 LUFS across 9 files
Lowest loudness: -22.05 LUFS (batch_mp3.mp3)
Highest loudness: -21.75 LUFS (batch_flac.flac)
Top 3 loudest average: -21.75 LUFS
[2026-09-16 01:34:47] [converterTests] [INFO] Loudscan 10/11 measuring: batch_wav.mp3
Average loudness: -21.79 LUFS across 10 files
Lowest loudness: -22.05 LUFS (batch_mp3.mp3)
Highest loudness: -21.75 LUFS (batch_flac.flac)
Top 3 loudest average: -21.75 LUFS
[2026-09-16 01:34:48] [converterTests] [INFO] Loudscan 10/11 files processed: batch_wav.mp3
[2026-09-16 01:34:48] [converterTests] [INFO] Loudscan 11/11 measuring: batch_wav.wav
[2026-09-16 01:34:49] [converterTests] [INFO] Loudscan 11/11 files processed: batch_wav.wav
Average loudness: -21.78 LUFS across 11 files
Lowest loudness: -22.05 LUFS (batch_mp3.mp3)
Highest loudness: -21.75 LUFS (batch_flac.flac)
Top 3 loudest average: -21.75 LUFS
Test Case '-[converterTests.PipelineIntegrationTests testBatchConversionActionsProduceTheirOutputs]' passed (26.918 seconds).
Test Case '-[converterTests.PipelineIntegrationTests testBW64SizeEstimateCoversBothPassesAndTheSpaceGuardFires]' started.
Test Case '-[converterTests.PipelineIntegrationTests testBW64SizeEstimateCoversBothPassesAndTheSpaceGuardFires]' passed (0.002 seconds).
Test Case '-[converterTests.PipelineIntegrationTests testBW64StructureRejectsDs64TextInsideBext]' started.
[2026-09-16 01:34:50] [converterTests] [INFO] Created external BW64 WAV: bw64_source_BW64.wav
Test Case '-[converterTests.PipelineIntegrationTests testBW64StructureRejectsDs64TextInsideBext]' passed (1.694 seconds).
Test Case '-[converterTests.PipelineIntegrationTests testBW64WriterRefusesTheSameInputAndOutputPath]' started.
Test Case '-[converterTests.PipelineIntegrationTests testBW64WriterRefusesTheSameInputAndOutputPath]' passed (0.067 seconds).
Test Case '-[converterTests.PipelineIntegrationTests testBW64WriterRejectsAChannelCountThatOverflowsTheBlockAlignment]' started.
Test Case '-[converterTests.PipelineIntegrationTests testBW64WriterRejectsAChannelCountThatOverflowsTheBlockAlignment]' passed (0.067 seconds).
Test Case '-[converterTests.PipelineIntegrationTests testBW64WriterReportsATruncatedOutput]' started.
Test Case '-[converterTests.PipelineIntegrationTests testBW64WriterReportsATruncatedOutput]' passed (0.833 seconds).
Test Case '-[converterTests.PipelineIntegrationTests testCanonicalPCMEquivalenceRejectsLengthAndChannelMismatch]' started.
Test Case '-[converterTests.PipelineIntegrationTests testCanonicalPCMEquivalenceRejectsLengthAndChannelMismatch]' passed (0.616 seconds).
Test Case '-[converterTests.PipelineIntegrationTests testCanonicalPCMVerifierRejectsMismatchedLosslessOutput]' started.
Test Case '-[converterTests.PipelineIntegrationTests testCanonicalPCMVerifierRejectsMismatchedLosslessOutput]' passed (0.266 seconds).
Test Case '-[converterTests.PipelineIntegrationTests testCleanupOrphansRemovesTempFileOnceOwningChildHasExited]' started.
Test Case '-[converterTests.PipelineIntegrationTests testCleanupOrphansRemovesTempFileOnceOwningChildHasExited]' passed (0.068 seconds).
Test Case '-[converterTests.PipelineIntegrationTests testCleanupOrphansRetainsTempFilesOfLiveProcessesAndUnparsableNames]' started.
Test Case '-[converterTests.PipelineIntegrationTests testCleanupOrphansRetainsTempFilesOfLiveProcessesAndUnparsableNames]' passed (0.075 seconds).
Test Case '-[converterTests.PipelineIntegrationTests testCleanupTempsRemovesRunScopedHiddenTempFiles]' started.
Test Case '-[converterTests.PipelineIntegrationTests testCleanupTempsRemovesRunScopedHiddenTempFiles]' passed (0.005 seconds).
Test Case '-[converterTests.PipelineIntegrationTests testClippedSampleCeilingIsRebasedInTheRenderDomain]' started.
[2026-09-16 01:34:52] [converterTests] [WARN] Duplicate config key 'AUDIO_QC_MAX_CLIPPED_SAMPLES' in /var/folders/bl/0_vgy5fd1t94djrp8z4pw9zm0000gn/T/converter-tests.E2A43A7C-E5AA-4AC2-8CD7-ECD310C66432/config.txt; using the last value '0'
[2026-09-16 01:34:54] [converterTests] [INFO] Source already exceeds delivery QC on: true peak 0.02 dBTP (limit 0.00); clipped samples 25280 (limit 0); integrated loudness 0.65 LUFS (maximum 0.00). Verifying the render does not worsen these, rather than altering the audio.
Test Case '-[converterTests.PipelineIntegrationTests testClippedSampleCeilingIsRebasedInTheRenderDomain]' passed (2.070 seconds).
Test Case '-[converterTests.PipelineIntegrationTests testDerivedImageNamingOnlyReplacesTrailing8KMarker]' started.
[2026-09-16 01:34:55] [converterTests] [INFO] Created 3K PNG: mix_8K_take_3K.png
[2026-09-16 01:34:55] [converterTests] [INFO] Created NFT set: mix_8K_take
Test Case '-[converterTests.PipelineIntegrationTests testDerivedImageNamingOnlyReplacesTrailing8KMarker]' passed (1.075 seconds).
Test Case '-[converterTests.PipelineIntegrationTests testDoctorPassesOnHealthyWorkspace]' started.
[2026-09-16 01:34:55] [converterTests] [INFO] Profile: youtube_master
[2026-09-16 01:34:55] [converterTests] [INFO] Scheduler profile: total=3 image=2 audio=2 video=1
[2026-09-16 01:34:55] [converterTests] [INFO] Doctor start
[2026-09-16 01:34:55] [converterTests] [INFO] Doctor tool ok: awk
[2026-09-16 01:34:55] [converterTests] [INFO] Doctor tool ok: sed
[2026-09-16 01:34:55] [converterTests] [INFO] Doctor tool ok: ffmpeg
[2026-09-16 01:34:55] [converterTests] [INFO] Doctor tool ok: ffprobe
[2026-09-16 01:34:55] [converterTests] [INFO] Doctor tool ok: magick
[2026-09-16 01:34:56] [converterTests] [INFO] Doctor filter ok: loudnorm
[2026-09-16 01:34:56] [converterTests] [INFO] Doctor filter ok: astats
[2026-09-16 01:34:56] [converterTests] [INFO] Doctor filter ok: volumedetect
[2026-09-16 01:34:56] [converterTests] [INFO] Doctor filter ok: setparams
[2026-09-16 01:34:56] [converterTests] [INFO] Doctor filter ok: bass
[2026-09-16 01:34:56] [converterTests] [INFO] Doctor main video encoders: hevc_videotoolbox, libx265
[2026-09-16 01:34:56] [converterTests] [INFO] Doctor short video encoders: libx264, h264_videotoolbox
[2026-09-16 01:34:56] [converterTests] [INFO] Doctor encoder ok: alac
[2026-09-16 01:34:56] [converterTests] [INFO] Doctor free space: 87006351360 bytes
[2026-09-16 01:34:56] [converterTests] [INFO] Doctor source image ok: poster.png
[2026-09-16 01:34:56] [converterTests] [INFO] Doctor source audio ok: song.mp3
[2026-09-16 01:34:56] [converterTests] [INFO] Doctor complete
Test Case '-[converterTests.PipelineIntegrationTests testDoctorPassesOnHealthyWorkspace]' passed (0.695 seconds).
Test Case '-[converterTests.PipelineIntegrationTests testDoctorReportsACorruptSourceAudio]' started.
[2026-09-16 01:34:56] [converterTests] [INFO] Profile: youtube_master
[2026-09-16 01:34:56] [converterTests] [INFO] Scheduler profile: total=3 image=2 audio=2 video=1
[2026-09-16 01:34:56] [converterTests] [INFO] Doctor start
[2026-09-16 01:34:56] [converterTests] [INFO] Doctor tool ok: awk
[2026-09-16 01:34:56] [converterTests] [INFO] Doctor tool ok: sed
[2026-09-16 01:34:56] [converterTests] [INFO] Doctor tool ok: ffmpeg
[2026-09-16 01:34:56] [converterTests] [INFO] Doctor tool ok: ffprobe
[2026-09-16 01:34:56] [converterTests] [INFO] Doctor tool ok: magick
[2026-09-16 01:34:56] [converterTests] [INFO] Doctor filter ok: loudnorm
[2026-09-16 01:34:56] [converterTests] [INFO] Doctor filter ok: astats
[2026-09-16 01:34:56] [converterTests] [INFO] Doctor filter ok: volumedetect
[2026-09-16 01:34:56] [converterTests] [INFO] Doctor filter ok: setparams
[2026-09-16 01:34:56] [converterTests] [INFO] Doctor filter ok: bass
[2026-09-16 01:34:56] [converterTests] [INFO] Doctor main video encoders: hevc_videotoolbox, libx265
[2026-09-16 01:34:56] [converterTests] [INFO] Doctor short video encoders: libx264, h264_videotoolbox
[2026-09-16 01:34:56] [converterTests] [INFO] Doctor encoder ok: alac
[2026-09-16 01:34:56] [converterTests] [INFO] Doctor free space: 87006384128 bytes
Test Case '-[converterTests.PipelineIntegrationTests testDoctorReportsACorruptSourceAudio]' passed (0.146 seconds).
Test Case '-[converterTests.PipelineIntegrationTests testDoctorReportsACorruptSourceImage]' started.
[2026-09-16 01:34:56] [converterTests] [INFO] Profile: youtube_master
[2026-09-16 01:34:56] [converterTests] [INFO] Scheduler profile: total=3 image=2 audio=2 video=1
[2026-09-16 01:34:56] [converterTests] [INFO] Doctor start
[2026-09-16 01:34:56] [converterTests] [INFO] Doctor tool ok: awk
[2026-09-16 01:34:56] [converterTests] [INFO] Doctor tool ok: sed
[2026-09-16 01:34:56] [converterTests] [INFO] Doctor tool ok: ffmpeg
[2026-09-16 01:34:56] [converterTests] [INFO] Doctor tool ok: ffprobe
[2026-09-16 01:34:56] [converterTests] [INFO] Doctor tool ok: magick
[2026-09-16 01:34:56] [converterTests] [INFO] Doctor filter ok: loudnorm
[2026-09-16 01:34:56] [converterTests] [INFO] Doctor filter ok: astats
[2026-09-16 01:34:56] [converterTests] [INFO] Doctor filter ok: volumedetect
[2026-09-16 01:34:56] [converterTests] [INFO] Doctor filter ok: setparams
[2026-09-16 01:34:56] [converterTests] [INFO] Doctor filter ok: bass
[2026-09-16 01:34:56] [converterTests] [INFO] Doctor main video encoders: hevc_videotoolbox, libx265
[2026-09-16 01:34:56] [converterTests] [INFO] Doctor short video encoders: libx264, h264_videotoolbox
[2026-09-16 01:34:56] [converterTests] [INFO] Doctor encoder ok: alac
[2026-09-16 01:34:56] [converterTests] [INFO] Doctor free space: 87006388224 bytes
Test Case '-[converterTests.PipelineIntegrationTests testDoctorReportsACorruptSourceImage]' passed (0.297 seconds).
Test Case '-[converterTests.PipelineIntegrationTests testDoctorReportsAMissingInputDirectory]' started.
[2026-09-16 01:34:56] [converterTests] [INFO] Profile: youtube_master
[2026-09-16 01:34:56] [converterTests] [INFO] Scheduler profile: total=3 image=2 audio=2 video=1
[2026-09-16 01:34:56] [converterTests] [INFO] Doctor start
Test Case '-[converterTests.PipelineIntegrationTests testDoctorReportsAMissingInputDirectory]' passed (0.003 seconds).
Test Case '-[converterTests.PipelineIntegrationTests testExistingExternalFLACIsRebuiltWhenCanonicalPCMDoesNotMatchSource]' started.
[2026-09-16 01:34:59] [converterTests] [INFO] Created external FLAC: archive_source_RF64.flac
Test Case '-[converterTests.PipelineIntegrationTests testExistingExternalFLACIsRebuiltWhenCanonicalPCMDoesNotMatchSource]' passed (3.115 seconds).
Test Case '-[converterTests.PipelineIntegrationTests testExternalFLACVariantStreamCopiesAudioOnlyFromFLACWithArtwork]' started.
[2026-09-16 01:35:01] [converterTests] [INFO] Created external FLAC: external_flac_artwork_RF64.flac
Test Case '-[converterTests.PipelineIntegrationTests testExternalFLACVariantStreamCopiesAudioOnlyFromFLACWithArtwork]' passed (2.250 seconds).
Test Case '-[converterTests.PipelineIntegrationTests testExternalWAVStructureFindsBextChunkBeyond64KiB]' started.
Test Case '-[converterTests.PipelineIntegrationTests testExternalWAVStructureFindsBextChunkBeyond64KiB]' passed (0.616 seconds).
Test Case '-[converterTests.PipelineIntegrationTests testExternalWAVStructureIgnoresBextTextInsideListInfo]' started.
Test Case '-[converterTests.PipelineIntegrationTests testExternalWAVStructureIgnoresBextTextInsideListInfo]' passed (1.200 seconds).
Test Case '-[converterTests.PipelineIntegrationTests testFadeCutProcessesMP3WAVAndFLACWithShortenedDuration]' started.
[2026-09-16 01:35:04] [converterTests] [INFO] Fadecut cut_flac.flac: cut=0.500 fade=0.750
[2026-09-16 01:35:07] [converterTests] [INFO] Created fadecut audio: cut_flac_fadecut_0.5s_0.75s.flac
[2026-09-16 01:35:07] [converterTests] [INFO] Fadecut cut_mp3.mp3: cut=0.500 fade=0.750
[2026-09-16 01:35:09] [converterTests] [INFO] Created fadecut audio: cut_mp3_fadecut_0.5s_0.75s.mp3
[2026-09-16 01:35:09] [converterTests] [INFO] Fadecut cut_wav.wav: cut=0.500 fade=0.750
[2026-09-16 01:35:12] [converterTests] [INFO] Created fadecut audio: cut_wav_fadecut_0.5s_0.75s.wav
Test Case '-[converterTests.PipelineIntegrationTests testFadeCutProcessesMP3WAVAndFLACWithShortenedDuration]' passed (10.551 seconds).
Test Case '-[converterTests.PipelineIntegrationTests testFadeCutRejectsCutThatRemovesEntireSource]' started.
[2026-09-16 01:35:14] [converterTests] [INFO] Fadecut too_short.wav: cut=2 fade=0.500
[2026-09-16 01:35:15] [converterTests] [ERROR] Fadecut would remove the entire audio file: cut=2.0s duration=1.0s for too_short.wav
Test Case '-[converterTests.PipelineIntegrationTests testFadeCutRejectsCutThatRemovesEntireSource]' passed (0.415 seconds).
Test Case '-[converterTests.PipelineIntegrationTests testFadeOutDoesNotEnforceDeliveryQCPolicy]' started.
[2026-09-16 01:35:15] [converterTests] [WARN] Duplicate config key 'AUDIO_QC_MAX_TRUE_PEAK_DBTP' in /var/folders/bl/0_vgy5fd1t94djrp8z4pw9zm0000gn/T/converter-tests.11C6666C-99F5-4B22-B195-12FAA086FC43/config.txt; using the last value '-1'
[2026-09-16 01:35:15] [converterTests] [INFO] Fadeout hot_fade_song.mp3: start=1.500 duration=0.750
[2026-09-16 01:35:17] [converterTests] [INFO] Created faded audio: hot_fade_song_fadeout_1.5s_0.75s.mp3
Test Case '-[converterTests.PipelineIntegrationTests testFadeOutDoesNotEnforceDeliveryQCPolicy]' passed (3.550 seconds).
Test Case '-[converterTests.PipelineIntegrationTests testFadeOutProducesTruncatedSameFormatAudioOutput]' started.
[2026-09-16 01:35:18] [converterTests] [INFO] Fadeout fade_song.mp3: start=1.500 duration=0.750
[2026-09-16 01:35:21] [converterTests] [INFO] Created faded audio: fade_song_fadeout_1.5s_0.75s.mp3
Test Case '-[converterTests.PipelineIntegrationTests testFadeOutProducesTruncatedSameFormatAudioOutput]' passed (3.617 seconds).
Test Case '-[converterTests.PipelineIntegrationTests testFadeOutRejectsRangeBeyondSourceDuration]' started.
[2026-09-16 01:35:22] [converterTests] [INFO] Fadeout short_song.wav: start=1 duration=1
[2026-09-16 01:35:22] [converterTests] [ERROR] Fade end 2.0s exceeds source duration 1.2s for short_song.wav
Test Case '-[converterTests.PipelineIntegrationTests testFadeOutRejectsRangeBeyondSourceDuration]' passed (0.416 seconds).
Test Case '-[converterTests.PipelineIntegrationTests testFittedPortraitStillOnlySharpensRawArtwork]' started.
Test Case '-[converterTests.PipelineIntegrationTests testFittedPortraitStillOnlySharpensRawArtwork]' passed (0.002 seconds).
Test Case '-[converterTests.PipelineIntegrationTests testFLACHashRenamesToCRC32Filename]' started.
[2026-09-16 01:35:22] [converterTests] [INFO] Hash FLAC filenames
[2026-09-16 01:35:23] [converterTests] [INFO] Renamed flac: hash_source.flac -> 5CDF3EE5.flac
Test Case '-[converterTests.PipelineIntegrationTests testFLACHashRenamesToCRC32Filename]' passed (0.619 seconds).
Test Case '-[converterTests.PipelineIntegrationTests testFullAudioPreparationPreservesMP3SourceLoudnessEvenIfMasteringConfigIsEnabled]' started.
[2026-09-16 01:35:23] [converterTests] [WARN] Duplicate config key 'MASTERING_TARGET_LUFS' in /var/folders/bl/0_vgy5fd1t94djrp8z4pw9zm0000gn/T/converter-tests.3BFEE872-6BE7-4913-A381-E95E89180370/config.txt; using the last value '-28'
[2026-09-16 01:35:23] [converterTests] [INFO] Created WAV: master_release.wav
[2026-09-16 01:35:23] [converterTests] [INFO] Full step: external RF64/BW64 audio deliverables
[2026-09-16 01:35:24] [converterTests] [INFO] Created external FLAC: master_release_RF64.flac
[2026-09-16 01:35:24] [converterTests] [INFO] Created external WAV: master_release_RF64.wav
[2026-09-16 01:35:25] [converterTests] [INFO] Created external BW64 WAV: master_release_BW64.wav
[2026-09-16 01:35:25] [converterTests] [INFO] Full step: MP3 source is not the delivery standard (MP3 bitrate below minimum (got=192000 min=300000): /var/folders/bl/0_vgy5fd1t94djrp8z4pw9zm0000gn/T/converter-tests.3BFEE872-6BE7-4913-A381-E95E89180370/Output/master_me.mp3); encoding master_release.mp3
[2026-09-16 01:35:27] [converterTests] [INFO] Created MP3: master_release.mp3
[2026-09-16 01:35:27] [converterTests] [INFO] Created M4A: master_release.m4a
Test Case '-[converterTests.PipelineIntegrationTests testFullAudioPreparationPreservesMP3SourceLoudnessEvenIfMasteringConfigIsEnabled]' passed (4.715 seconds).
Test Case '-[converterTests.PipelineIntegrationTests testFullAudioPreparationPreservesOriginalWAVForExternalFLACVariants]' started.
[2026-09-16 01:35:28] [converterTests] [INFO] Full step: external RF64/BW64 audio deliverables
[2026-09-16 01:35:28] [converterTests] [INFO] Created WAV: wav_release.wav
[2026-09-16 01:35:28] [converterTests] [INFO] Created external FLAC: wav_release_RF64.flac
[2026-09-16 01:35:29] [converterTests] [INFO] Created external WAV: wav_release_RF64.wav
[2026-09-16 01:35:29] [converterTests] [INFO] Created external BW64 WAV: wav_release_BW64.wav
[2026-09-16 01:35:31] [converterTests] [INFO] Created MP3: wav_release.mp3
[2026-09-16 01:35:31] [converterTests] [INFO] Created M4A: wav_release.m4a
Test Case '-[converterTests.PipelineIntegrationTests testFullAudioPreparationPreservesOriginalWAVForExternalFLACVariants]' passed (3.288 seconds).
Test Case '-[converterTests.PipelineIntegrationTests testFullPipelineProducesExpectedOutputsAndLeavesNoScopedTemps]' started.
[2026-09-16 01:35:31] [converterTests] [INFO] Profile: youtube_master
[2026-09-16 01:35:31] [converterTests] [INFO] Scheduler profile: total=3 image=2 audio=2 video=1
[2026-09-16 01:35:31] [converterTests] [INFO] Full pipeline start
[2026-09-16 01:35:31] [converterTests] [INFO] Source audio renamed: track.mp3 -> 1_source.mp3
[2026-09-16 01:35:31] [converterTests] [INFO] Source audio: 1_source.mp3
[2026-09-16 01:35:31] [converterTests] [INFO] Full step: PNG variants
[2026-09-16 01:35:31] [converterTests] [INFO] Created 8K PNG: 1_8K.png
[2026-09-16 01:35:31] [converterTests] [INFO] Created 4K PNG: 1_4K.png
[2026-09-16 01:35:31] [converterTests] [INFO] Full step: NFT assets
[2026-09-16 01:35:31] [converterTests] [INFO] Full step: 2K PNG
[2026-09-16 01:35:31] [converterTests] [INFO] Created 2K PNG: 1_2K.png
[2026-09-16 01:35:31] [converterTests] [INFO] Full step: 3K PNG
[2026-09-16 01:35:31] [converterTests] [INFO] Created 3K PNG: 1_3K.png
[2026-09-16 01:35:31] [converterTests] [INFO] Full step: 3K JPG deliverables
[2026-09-16 01:35:31] [converterTests] [INFO] Created 1MB JPG: 1_3K_1MB.jpg
[2026-09-16 01:35:31] [converterTests] [INFO] Created NFT set: 1
[2026-09-16 01:35:31] [converterTests] [INFO] Full step: 8K JPG deliverables
[2026-09-16 01:35:31] [converterTests] [INFO] Created 5MB JPG: 1_3K_5MB.jpg
[2026-09-16 01:35:31] [converterTests] [INFO] Created 1MB JPG: 1_8K_1MB.jpg
[2026-09-16 01:35:31] [converterTests] [INFO] Created 2MB JPG: 1_8K_2MB.jpg
[2026-09-16 01:35:31] [converterTests] [INFO] Created 20MB JPG: 1_8K_20MB.jpg
[2026-09-16 01:35:32] [converterTests] [INFO] Created WAV: 1.wav
[2026-09-16 01:35:32] [converterTests] [INFO] Full step: external RF64/BW64 audio deliverables
[2026-09-16 01:35:32] [converterTests] [INFO] Created external FLAC: 1_RF64.flac
[2026-09-16 01:35:32] [converterTests] [INFO] Created external WAV: 1_RF64.wav
[2026-09-16 01:35:33] [converterTests] [INFO] Created external BW64 WAV: 1_BW64.wav
[2026-09-16 01:35:33] [converterTests] [INFO] Full step: MP3 source is not the delivery standard (MP3 bitrate below minimum (got=192000 min=300000): /private/var/folders/bl/0_vgy5fd1t94djrp8z4pw9zm0000gn/T/converter-tests.F0433681-D817-4BD8-84B9-0565094A6636/Output/1_source.mp3); encoding 1.mp3
[2026-09-16 01:35:34] [converterTests] [INFO] Created MP3: 1.mp3
[2026-09-16 01:35:34] [converterTests] [INFO] Created M4A: 1.m4a
[2026-09-16 01:35:34] [converterTests] [INFO] Full step: M4A -> MP4
[2026-09-16 01:35:35] [converterTests] [INFO] Main video encoders: hevc_videotoolbox, libx265
[2026-09-16 01:35:36] [converterTests] [INFO] Created MP4: 1_8K.mp4 [encoder=hevc_videotoolbox]
[2026-09-16 01:35:36] [converterTests] [INFO] Full step: portrait short stills
[2026-09-16 01:35:36] [converterTests] [INFO] Created portrait still: 1_Short_8K.png
[2026-09-16 01:35:36] [converterTests] [INFO] Created 1MB JPG: 1_Short_8K_1MB.jpg
[2026-09-16 01:35:36] [converterTests] [INFO] Created 2MB JPG: 1_Short_8K_2MB.jpg
[2026-09-16 01:35:36] [converterTests] [INFO] Created portrait still: 1_Short_CenterCut_8K.png
[2026-09-16 01:35:36] [converterTests] [INFO] Created 1MB JPG: 1_Short_CenterCut_8K_1MB.jpg
[2026-09-16 01:35:36] [converterTests] [INFO] Created 2MB JPG: 1_Short_CenterCut_8K_2MB.jpg
[2026-09-16 01:35:36] [converterTests] [INFO] Full step: PNG -> Short: 1_Short_8K.png
[2026-09-16 01:35:37] [converterTests] [INFO] Short video encoders: libx264, h264_videotoolbox
[2026-09-16 01:35:38] [converterTests] [INFO] Created portrait short MP4: 1_8K_Short.mp4 [encoder=libx264]
[2026-09-16 01:35:39] [converterTests] [INFO] Created portrait short MP4: 1_8K_Short_FullSong.mp4 [encoder=libx264]
[2026-09-16 01:35:40] [converterTests] [INFO] Created portrait short MP4 (centre cut): 1_8K_Short_CenterCut.mp4 [encoder=libx264]
[2026-09-16 01:35:40] [converterTests] [INFO] Created portrait short MP4 (centre cut): 1_8K_Short_FullSong_CenterCut.mp4 [encoder=libx264]
[2026-09-16 01:35:40] [converterTests] [INFO] Full pipeline complete
Test Case '-[converterTests.PipelineIntegrationTests testFullPipelineProducesExpectedOutputsAndLeavesNoScopedTemps]' passed (11.809 seconds).
Test Case '-[converterTests.PipelineIntegrationTests testFullPipelineProducesFullSongShortForLongSourceAudio]' started.
[2026-09-16 01:35:43] [converterTests] [WARN] Duplicate config key 'SHORT_MP4_CLIP_SECONDS' in /var/folders/bl/0_vgy5fd1t94djrp8z4pw9zm0000gn/T/converter-tests.9C15242C-54DF-41FE-AA34-DA9E20AADB84/config.txt; using the last value '58'
[2026-09-16 01:35:43] [converterTests] [INFO] Profile: youtube_master
[2026-09-16 01:35:43] [converterTests] [INFO] Scheduler profile: total=3 image=2 audio=2 video=1
[2026-09-16 01:35:43] [converterTests] [INFO] Full pipeline start
[2026-09-16 01:35:43] [converterTests] [INFO] Source audio renamed: track.mp3 -> 1_source.mp3
[2026-09-16 01:35:43] [converterTests] [INFO] Source audio: 1_source.mp3
[2026-09-16 01:35:43] [converterTests] [INFO] Full step: PNG variants
[2026-09-16 01:35:44] [converterTests] [INFO] Created 8K PNG: 1_8K.png
[2026-09-16 01:35:44] [converterTests] [INFO] Created 4K PNG: 1_4K.png
[2026-09-16 01:35:44] [converterTests] [INFO] Full step: NFT assets
[2026-09-16 01:35:44] [converterTests] [INFO] Full step: 2K PNG
[2026-09-16 01:35:44] [converterTests] [INFO] Created 2K PNG: 1_2K.png
[2026-09-16 01:35:44] [converterTests] [INFO] Full step: 8K JPG deliverables
[2026-09-16 01:35:44] [converterTests] [INFO] Created 1MB JPG: 1_8K_1MB.jpg
[2026-09-16 01:35:44] [converterTests] [INFO] Created 2MB JPG: 1_8K_2MB.jpg
[2026-09-16 01:35:44] [converterTests] [INFO] Created NFT set: 1
[2026-09-16 01:35:44] [converterTests] [INFO] Full step: 3K PNG
[2026-09-16 01:35:44] [converterTests] [INFO] Created 20MB JPG: 1_8K_20MB.jpg
[2026-09-16 01:35:44] [converterTests] [INFO] Created 3K PNG: 1_3K.png
[2026-09-16 01:35:44] [converterTests] [INFO] Full step: 3K JPG deliverables
[2026-09-16 01:35:44] [converterTests] [INFO] Created 1MB JPG: 1_3K_1MB.jpg
[2026-09-16 01:35:44] [converterTests] [INFO] Created 5MB JPG: 1_3K_5MB.jpg
[2026-09-16 01:35:44] [converterTests] [INFO] Created WAV: 1.wav
[2026-09-16 01:35:44] [converterTests] [INFO] Full step: external RF64/BW64 audio deliverables
[2026-09-16 01:35:45] [converterTests] [INFO] Created external FLAC: 1_RF64.flac
[2026-09-16 01:35:46] [converterTests] [INFO] Created external WAV: 1_RF64.wav
[2026-09-16 01:35:48] [converterTests] [INFO] Created external BW64 WAV: 1_BW64.wav
[2026-09-16 01:35:48] [converterTests] [INFO] Full step: MP3 source is not the delivery standard (MP3 bitrate below minimum (got=192000 min=300000): /private/var/folders/bl/0_vgy5fd1t94djrp8z4pw9zm0000gn/T/converter-tests.9C15242C-54DF-41FE-AA34-DA9E20AADB84/Output/1_source.mp3); encoding 1.mp3
[2026-09-16 01:35:59] [converterTests] [INFO] Created M4A: 1.m4a
[2026-09-16 01:35:59] [converterTests] [INFO] Created MP3: 1.mp3
[2026-09-16 01:35:59] [converterTests] [INFO] Full step: M4A -> MP4
[2026-09-16 01:36:03] [converterTests] [INFO] Main video encoders: hevc_videotoolbox, libx265
[2026-09-16 01:36:10] [converterTests] [INFO] Created MP4: 1_8K.mp4 [encoder=hevc_videotoolbox]
[2026-09-16 01:36:10] [converterTests] [INFO] Full step: portrait short stills
[2026-09-16 01:36:10] [converterTests] [INFO] Created portrait still: 1_Short_8K.png
[2026-09-16 01:36:10] [converterTests] [INFO] Created 1MB JPG: 1_Short_8K_1MB.jpg
[2026-09-16 01:36:10] [converterTests] [INFO] Created 2MB JPG: 1_Short_8K_2MB.jpg
[2026-09-16 01:36:10] [converterTests] [INFO] Created portrait still: 1_Short_CenterCut_8K.png
[2026-09-16 01:36:10] [converterTests] [INFO] Created 1MB JPG: 1_Short_CenterCut_8K_1MB.jpg
[2026-09-16 01:36:10] [converterTests] [INFO] Created 2MB JPG: 1_Short_CenterCut_8K_2MB.jpg
[2026-09-16 01:36:10] [converterTests] [INFO] Full step: PNG -> Short: 1_Short_8K.png
[2026-09-16 01:36:12] [converterTests] [INFO] Short video encoders: libx264, h264_videotoolbox
[2026-09-16 01:36:19] [converterTests] [INFO] Created portrait short MP4: 1_8K_Short.mp4 [encoder=libx264]
[2026-09-16 01:36:29] [converterTests] [INFO] Created portrait short MP4: 1_8K_Short_FullSong.mp4 [encoder=libx264]
[2026-09-16 01:36:33] [converterTests] [INFO] Created portrait short MP4 (centre cut): 1_8K_Short_CenterCut.mp4 [encoder=libx264]
[2026-09-16 01:36:40] [converterTests] [INFO] Created portrait short MP4 (centre cut): 1_8K_Short_FullSong_CenterCut.mp4 [encoder=libx264]
[2026-09-16 01:36:40] [converterTests] [INFO] Full pipeline complete
Test Case '-[converterTests.PipelineIntegrationTests testFullPipelineProducesFullSongShortForLongSourceAudio]' passed (67.581 seconds).
Test Case '-[converterTests.PipelineIntegrationTests testFullPipelineUsesNamedHorizontalAndVertical8KPNGs]' started.
[2026-09-16 01:36:50] [converterTests] [INFO] Profile: youtube_master
[2026-09-16 01:36:50] [converterTests] [INFO] Scheduler profile: total=3 image=2 audio=2 video=1
[2026-09-16 01:36:50] [converterTests] [INFO] Full pipeline start
[2026-09-16 01:36:50] [converterTests] [INFO] Source audio renamed: 463406_B_PH.flac -> 1_source.flac
[2026-09-16 01:36:50] [converterTests] [INFO] Source audio: 1_source.flac
[2026-09-16 01:36:50] [converterTests] [INFO] Full step: external RF64/BW64 audio deliverables
[2026-09-16 01:36:50] [converterTests] [INFO] Full step: use Horizontal_8K.png for main MP4
[2026-09-16 01:36:50] [converterTests] [INFO] Full step: use Vertical_8K.png for short MP4
[2026-09-16 01:36:50] [converterTests] [INFO] Full step: image deliverables from Horizontal_8K.png
[2026-09-16 01:36:50] [converterTests] [INFO] Full step: 4K PNG
[2026-09-16 01:36:51] [converterTests] [INFO] Created 4K PNG: 1_4K.png
[2026-09-16 01:36:51] [converterTests] [INFO] Full step: 2K PNG
[2026-09-16 01:36:51] [converterTests] [INFO] Created 2K PNG: 1_2K.png
[2026-09-16 01:36:51] [converterTests] [INFO] Full step: NFT assets
[2026-09-16 01:36:51] [converterTests] [INFO] Created NFT set: 1
[2026-09-16 01:36:51] [converterTests] [INFO] Full step: 3K PNG
[2026-09-16 01:36:51] [converterTests] [INFO] Created 3K PNG: 1_3K.png
[2026-09-16 01:36:51] [converterTests] [INFO] Full step: 3K JPG deliverables
[2026-09-16 01:36:51] [converterTests] [INFO] Created 1MB JPG: 1_3K_1MB.jpg
[2026-09-16 01:36:51] [converterTests] [INFO] Created 5MB JPG: 1_3K_5MB.jpg
[2026-09-16 01:36:51] [converterTests] [INFO] Full step: 8K JPG deliverables
[2026-09-16 01:36:51] [converterTests] [INFO] Created 1MB JPG: 1_8K_1MB.jpg
[2026-09-16 01:36:51] [converterTests] [INFO] Created 2MB JPG: 1_8K_2MB.jpg
[2026-09-16 01:36:51] [converterTests] [INFO] Created 20MB JPG: 1_8K_20MB.jpg
[2026-09-16 01:36:51] [converterTests] [INFO] Created WAV: 1.wav
[2026-09-16 01:36:51] [converterTests] [INFO] Created external FLAC: 1_RF64.flac
[2026-09-16 01:36:51] [converterTests] [INFO] Created external WAV: 1_RF64.wav
[2026-09-16 01:36:52] [converterTests] [INFO] Created external BW64 WAV: 1_BW64.wav
[2026-09-16 01:36:53] [converterTests] [INFO] Created MP3: 1.mp3
[2026-09-16 01:36:53] [converterTests] [INFO] Created M4A: 1.m4a
[2026-09-16 01:36:53] [converterTests] [INFO] Full step: M4A -> MP4
[2026-09-16 01:36:54] [converterTests] [INFO] Main video encoders: hevc_videotoolbox, libx265
[2026-09-16 01:36:55] [converterTests] [INFO] Created MP4: 1_8K.mp4 [encoder=hevc_videotoolbox]
[2026-09-16 01:36:55] [converterTests] [INFO] Full step: portrait short stills
[2026-09-16 01:36:55] [converterTests] [INFO] Created portrait still: 1_Short_8K.png
[2026-09-16 01:36:55] [converterTests] [INFO] Created 1MB JPG: 1_Short_8K_1MB.jpg
[2026-09-16 01:36:55] [converterTests] [INFO] Created 2MB JPG: 1_Short_8K_2MB.jpg
[2026-09-16 01:36:55] [converterTests] [INFO] Created portrait still: 1_Short_CenterCut_8K.png
[2026-09-16 01:36:55] [converterTests] [INFO] Created 1MB JPG: 1_Short_CenterCut_8K_1MB.jpg
[2026-09-16 01:36:55] [converterTests] [INFO] Created 2MB JPG: 1_Short_CenterCut_8K_2MB.jpg
[2026-09-16 01:36:55] [converterTests] [INFO] Full step: PNG -> Short: 1_Short_8K.png
[2026-09-16 01:36:56] [converterTests] [INFO] Short video encoders: libx264, h264_videotoolbox
[2026-09-16 01:36:56] [converterTests] [INFO] Created portrait short MP4: 1_8K_Short.mp4 [encoder=libx264]
[2026-09-16 01:36:58] [converterTests] [INFO] Created portrait short MP4: 1_8K_Short_FullSong.mp4 [encoder=libx264]
[2026-09-16 01:36:59] [converterTests] [INFO] Created portrait short MP4 (centre cut): 1_8K_Short_CenterCut.mp4 [encoder=libx264]
[2026-09-16 01:36:59] [converterTests] [INFO] Created portrait short MP4 (centre cut): 1_8K_Short_FullSong_CenterCut.mp4 [encoder=libx264]
[2026-09-16 01:36:59] [converterTests] [INFO] Full pipeline complete
Test Case '-[converterTests.PipelineIntegrationTests testFullPipelineUsesNamedHorizontalAndVertical8KPNGs]' passed (10.041 seconds).
Test Case '-[converterTests.PipelineIntegrationTests testFullRunClassifiesEXIFRotatedJPEGByDisplayedOrientation]' started.
Test Case '-[converterTests.PipelineIntegrationTests testFullRunClassifiesEXIFRotatedJPEGByDisplayedOrientation]' passed (0.313 seconds).
Test Case '-[converterTests.PipelineIntegrationTests testFullRunCopiesAStandardMP3WithCoverArtInsteadOfReencodingIt]' started.
[2026-09-16 01:37:02] [converterTests] [INFO] Copied standard MP3: copied.mp3
Test Case '-[converterTests.PipelineIntegrationTests testFullRunCopiesAStandardMP3WithCoverArtInsteadOfReencodingIt]' passed (1.351 seconds).
Test Case '-[converterTests.PipelineIntegrationTests testFullRunNeverOverwritesItsMP3Source]' started.
[2026-09-16 01:37:02] [converterTests] [INFO] Profile: youtube_master
[2026-09-16 01:37:02] [converterTests] [INFO] Scheduler profile: total=3 image=2 audio=2 video=1
[2026-09-16 01:37:02] [converterTests] [INFO] Full pipeline start
[2026-09-16 01:37:02] [converterTests] [INFO] Source audio renamed: track.mp3 -> 1_source.mp3
[2026-09-16 01:37:02] [converterTests] [INFO] Source audio: 1_source.mp3
[2026-09-16 01:37:02] [converterTests] [INFO] Full step: PNG variants
[2026-09-16 01:37:02] [converterTests] [INFO] Created 8K PNG: 1_8K.png
[2026-09-16 01:37:02] [converterTests] [INFO] Created 4K PNG: 1_4K.png
[2026-09-16 01:37:02] [converterTests] [INFO] Full step: NFT assets
[2026-09-16 01:37:02] [converterTests] [INFO] Full step: 2K PNG
[2026-09-16 01:37:02] [converterTests] [INFO] Created 2K PNG: 1_2K.png
[2026-09-16 01:37:02] [converterTests] [INFO] Full step: 8K JPG deliverables
[2026-09-16 01:37:02] [converterTests] [INFO] Created 1MB JPG: 1_8K_1MB.jpg
[2026-09-16 01:37:02] [converterTests] [INFO] Created 2MB JPG: 1_8K_2MB.jpg
[2026-09-16 01:37:02] [converterTests] [INFO] Created NFT set: 1
[2026-09-16 01:37:02] [converterTests] [INFO] Full step: 3K PNG
[2026-09-16 01:37:02] [converterTests] [INFO] Created 20MB JPG: 1_8K_20MB.jpg
[2026-09-16 01:37:02] [converterTests] [INFO] Created 3K PNG: 1_3K.png
[2026-09-16 01:37:02] [converterTests] [INFO] Full step: 3K JPG deliverables
[2026-09-16 01:37:02] [converterTests] [INFO] Created 1MB JPG: 1_3K_1MB.jpg
[2026-09-16 01:37:02] [converterTests] [INFO] Created 5MB JPG: 1_3K_5MB.jpg
[2026-09-16 01:37:03] [converterTests] [INFO] Created WAV: 1.wav
[2026-09-16 01:37:03] [converterTests] [INFO] Full step: external RF64/BW64 audio deliverables
[2026-09-16 01:37:03] [converterTests] [INFO] Created external FLAC: 1_RF64.flac
[2026-09-16 01:37:03] [converterTests] [INFO] Created external WAV: 1_RF64.wav
[2026-09-16 01:37:04] [converterTests] [INFO] Created external BW64 WAV: 1_BW64.wav
[2026-09-16 01:37:04] [converterTests] [INFO] Full step: MP3 source is not the delivery standard (Audio sample rate mismatch for /private/var/folders/bl/0_vgy5fd1t94djrp8z4pw9zm0000gn/T/converter-tests.F8AE61B6-68EA-46AA-A2F4-8D0F33265969/Output/1_source.mp3 (got=Optional(44100) expected=48000)); encoding 1.mp3
[2026-09-16 01:37:05] [converterTests] [INFO] Created MP3: 1.mp3
[2026-09-16 01:37:05] [converterTests] [INFO] Created M4A: 1.m4a
[2026-09-16 01:37:05] [converterTests] [INFO] Full step: M4A -> MP4
[2026-09-16 01:37:06] [converterTests] [INFO] Main video encoders: hevc_videotoolbox, libx265
[2026-09-16 01:37:07] [converterTests] [INFO] Created MP4: 1_8K.mp4 [encoder=hevc_videotoolbox]
[2026-09-16 01:37:07] [converterTests] [INFO] Full step: portrait short stills
[2026-09-16 01:37:07] [converterTests] [INFO] Created portrait still: 1_Short_8K.png
[2026-09-16 01:37:07] [converterTests] [INFO] Created 1MB JPG: 1_Short_8K_1MB.jpg
[2026-09-16 01:37:07] [converterTests] [INFO] Created 2MB JPG: 1_Short_8K_2MB.jpg
[2026-09-16 01:37:07] [converterTests] [INFO] Created portrait still: 1_Short_CenterCut_8K.png
[2026-09-16 01:37:07] [converterTests] [INFO] Created 1MB JPG: 1_Short_CenterCut_8K_1MB.jpg
[2026-09-16 01:37:07] [converterTests] [INFO] Created 2MB JPG: 1_Short_CenterCut_8K_2MB.jpg
[2026-09-16 01:37:07] [converterTests] [INFO] Full step: PNG -> Short: 1_Short_8K.png
[2026-09-16 01:37:08] [converterTests] [INFO] Short video encoders: libx264, h264_videotoolbox
[2026-09-16 01:37:08] [converterTests] [INFO] Created portrait short MP4: 1_8K_Short.mp4 [encoder=libx264]
[2026-09-16 01:37:10] [converterTests] [INFO] Created portrait short MP4: 1_8K_Short_FullSong.mp4 [encoder=libx264]
[2026-09-16 01:37:10] [converterTests] [INFO] Created portrait short MP4 (centre cut): 1_8K_Short_CenterCut.mp4 [encoder=libx264]
[2026-09-16 01:37:11] [converterTests] [INFO] Created portrait short MP4 (centre cut): 1_8K_Short_FullSong_CenterCut.mp4 [encoder=libx264]
[2026-09-16 01:37:11] [converterTests] [INFO] Full pipeline complete
Test Case '-[converterTests.PipelineIntegrationTests testFullRunNeverOverwritesItsMP3Source]' passed (9.786 seconds).
Test Case '-[converterTests.PipelineIntegrationTests testFullRunNeverOverwritesItsWAVSource]' started.
[2026-09-16 01:37:12] [converterTests] [INFO] Profile: youtube_master
[2026-09-16 01:37:12] [converterTests] [INFO] Scheduler profile: total=3 image=2 audio=2 video=1
[2026-09-16 01:37:12] [converterTests] [INFO] Full pipeline start
[2026-09-16 01:37:12] [converterTests] [INFO] Source audio renamed: track.wav -> 1_source.wav
[2026-09-16 01:37:12] [converterTests] [INFO] Source audio: 1_source.wav
[2026-09-16 01:37:12] [converterTests] [INFO] Full step: external RF64/BW64 audio deliverables
[2026-09-16 01:37:12] [converterTests] [INFO] Full step: PNG variants
[2026-09-16 01:37:12] [converterTests] [INFO] Created 8K PNG: 1_8K.png
[2026-09-16 01:37:12] [converterTests] [INFO] Created 4K PNG: 1_4K.png
[2026-09-16 01:37:12] [converterTests] [INFO] Full step: NFT assets
[2026-09-16 01:37:12] [converterTests] [INFO] Created NFT set: 1
[2026-09-16 01:37:12] [converterTests] [INFO] Full step: 2K PNG
[2026-09-16 01:37:12] [converterTests] [INFO] Created 2K PNG: 1_2K.png
[2026-09-16 01:37:12] [converterTests] [INFO] Full step: 8K JPG deliverables
[2026-09-16 01:37:12] [converterTests] [INFO] Created 1MB JPG: 1_8K_1MB.jpg
[2026-09-16 01:37:12] [converterTests] [INFO] Created 2MB JPG: 1_8K_2MB.jpg
[2026-09-16 01:37:12] [converterTests] [INFO] Created 20MB JPG: 1_8K_20MB.jpg
[2026-09-16 01:37:12] [converterTests] [INFO] Full step: 3K PNG
[2026-09-16 01:37:12] [converterTests] [INFO] Created 3K PNG: 1_3K.png
[2026-09-16 01:37:12] [converterTests] [INFO] Full step: 3K JPG deliverables
[2026-09-16 01:37:12] [converterTests] [INFO] Created 1MB JPG: 1_3K_1MB.jpg
[2026-09-16 01:37:12] [converterTests] [INFO] Created 5MB JPG: 1_3K_5MB.jpg
[2026-09-16 01:37:13] [converterTests] [INFO] Created external FLAC: 1_RF64.flac
[2026-09-16 01:37:13] [converterTests] [INFO] Created WAV: 1.wav
[2026-09-16 01:37:13] [converterTests] [INFO] Created external WAV: 1_RF64.wav
[2026-09-16 01:37:13] [converterTests] [INFO] Created external BW64 WAV: 1_BW64.wav
[2026-09-16 01:37:15] [converterTests] [INFO] Created MP3: 1.mp3
[2026-09-16 01:37:15] [converterTests] [INFO] Created M4A: 1.m4a
[2026-09-16 01:37:15] [converterTests] [INFO] Full step: M4A -> MP4
[2026-09-16 01:37:16] [converterTests] [INFO] Main video encoders: hevc_videotoolbox, libx265
[2026-09-16 01:37:17] [converterTests] [INFO] Created MP4: 1_8K.mp4 [encoder=hevc_videotoolbox]
[2026-09-16 01:37:17] [converterTests] [INFO] Full step: portrait short stills
[2026-09-16 01:37:17] [converterTests] [INFO] Created portrait still: 1_Short_8K.png
[2026-09-16 01:37:17] [converterTests] [INFO] Created 1MB JPG: 1_Short_8K_1MB.jpg
[2026-09-16 01:37:17] [converterTests] [INFO] Created 2MB JPG: 1_Short_8K_2MB.jpg
[2026-09-16 01:37:17] [converterTests] [INFO] Created portrait still: 1_Short_CenterCut_8K.png
[2026-09-16 01:37:17] [converterTests] [INFO] Created 1MB JPG: 1_Short_CenterCut_8K_1MB.jpg
[2026-09-16 01:37:17] [converterTests] [INFO] Created 2MB JPG: 1_Short_CenterCut_8K_2MB.jpg
[2026-09-16 01:37:17] [converterTests] [INFO] Full step: PNG -> Short: 1_Short_8K.png
[2026-09-16 01:37:17] [converterTests] [INFO] Short video encoders: libx264, h264_videotoolbox
[2026-09-16 01:37:18] [converterTests] [INFO] Created portrait short MP4: 1_8K_Short.mp4 [encoder=libx264]
[2026-09-16 01:37:19] [converterTests] [INFO] Created portrait short MP4: 1_8K_Short_FullSong.mp4 [encoder=libx264]
[2026-09-16 01:37:20] [converterTests] [INFO] Created portrait short MP4 (centre cut): 1_8K_Short_CenterCut.mp4 [encoder=libx264]
[2026-09-16 01:37:21] [converterTests] [INFO] Created portrait short MP4 (centre cut): 1_8K_Short_FullSong_CenterCut.mp4 [encoder=libx264]
[2026-09-16 01:37:21] [converterTests] [INFO] Full pipeline complete
Test Case '-[converterTests.PipelineIntegrationTests testFullRunNeverOverwritesItsWAVSource]' passed (9.063 seconds).
Test Case '-[converterTests.PipelineIntegrationTests testFullRunPreflightsTheSourceBeforeRenamingIt]' started.
[2026-09-16 01:37:21] [converterTests] [INFO] Full pipeline start
Test Case '-[converterTests.PipelineIntegrationTests testFullRunPreflightsTheSourceBeforeRenamingIt]' passed (0.031 seconds).
Test Case '-[converterTests.PipelineIntegrationTests testFullRunTreatsASquareSourceAsTheLandscapeImage]' started.
[2026-09-16 01:37:21] [converterTests] [WARN] Square source image 'artwork.png' is treated as the landscape master; it will be fitted into a 320x180 frame.
Test Case '-[converterTests.PipelineIntegrationTests testFullRunTreatsASquareSourceAsTheLandscapeImage]' passed (0.135 seconds).
Test Case '-[converterTests.PipelineIntegrationTests testImageBatchActionsSkipPortraitShortStills]' started.
[2026-09-16 01:37:21] [converterTests] [WARN] Duplicate config key 'IMAGE_8K_WIDTH' in /var/folders/bl/0_vgy5fd1t94djrp8z4pw9zm0000gn/T/converter-tests.F7A58C2D-51A1-4F22-8840-9CBE6803449B/config.txt; using the last value '320'
[2026-09-16 01:37:21] [converterTests] [WARN] Duplicate config key 'IMAGE_8K_HEIGHT' in /var/folders/bl/0_vgy5fd1t94djrp8z4pw9zm0000gn/T/converter-tests.F7A58C2D-51A1-4F22-8840-9CBE6803449B/config.txt; using the last value '180'
[2026-09-16 01:37:21] [converterTests] [INFO] PNG variants: art_Short_8K_reference.png
[2026-09-16 01:37:21] [converterTests] [INFO] Created 8K PNG: art_Short_8K_reference_8K.png
[2026-09-16 01:37:21] [converterTests] [INFO] Created 4K PNG: art_Short_8K_reference_4K.png
[2026-09-16 01:37:21] [converterTests] [WARN] Duplicate config key 'IMAGE_8K_WIDTH' in /var/folders/bl/0_vgy5fd1t94djrp8z4pw9zm0000gn/T/converter-tests.F7A58C2D-51A1-4F22-8840-9CBE6803449B/config.txt; using the last value '320'
[2026-09-16 01:37:21] [converterTests] [WARN] Duplicate config key 'IMAGE_8K_HEIGHT' in /var/folders/bl/0_vgy5fd1t94djrp8z4pw9zm0000gn/T/converter-tests.F7A58C2D-51A1-4F22-8840-9CBE6803449B/config.txt; using the last value '180'
[2026-09-16 01:37:21] [converterTests] [INFO] Run_pix image: art_Short_8K_reference_4K.png
[2026-09-16 01:37:21] [converterTests] [INFO] Full step: PNG variants
[2026-09-16 01:37:21] [converterTests] [INFO] Rebuilding art_Short_8K_reference_8K.png: its source art_Short_8K_reference_4K.png is newer than the existing output.
[2026-09-16 01:37:21] [converterTests] [INFO] Created 8K PNG: art_Short_8K_reference_8K.png
[2026-09-16 01:37:21] [converterTests] [ERROR] Refusing to write art_Short_8K_reference_4K.png over its own source /private/var/folders/bl/0_vgy5fd1t94djrp8z4pw9zm0000gn/T/converter-tests.F7A58C2D-51A1-4F22-8840-9CBE6803449B/Output/art_Short_8K_reference_4K.png; the source must stay untouched.
[2026-09-16 01:37:21] [converterTests] [INFO] Run_pix image: art_Short_8K_reference_8K.png
[2026-09-16 01:37:21] [converterTests] [INFO] Full step: PNG variants
[2026-09-16 01:37:21] [converterTests] [ERROR] Refusing to write art_Short_8K_reference_8K.png over its own source /private/var/folders/bl/0_vgy5fd1t94djrp8z4pw9zm0000gn/T/converter-tests.F7A58C2D-51A1-4F22-8840-9CBE6803449B/Output/art_Short_8K_reference_8K.png; the source must stay untouched.
[2026-09-16 01:37:21] [converterTests] [INFO] Run_pix image: art_Short_8K_reference.png
[2026-09-16 01:37:21] [converterTests] [INFO] Full step: PNG variants
[2026-09-16 01:37:21] [converterTests] [INFO] Skip existing 8K PNG: art_Short_8K_reference_8K.png
[2026-09-16 01:37:21] [converterTests] [INFO] Skip existing 4K PNG: art_Short_8K_reference_4K.png
[2026-09-16 01:37:21] [converterTests] [INFO] Full step: NFT assets
[2026-09-16 01:37:21] [converterTests] [INFO] Full step: 2K PNG
[2026-09-16 01:37:21] [converterTests] [INFO] Created 2K PNG: art_Short_8K_reference_2K.png
[2026-09-16 01:37:21] [converterTests] [INFO] Full step: 3K PNG
[2026-09-16 01:37:21] [converterTests] [INFO] Created 3K PNG: art_Short_8K_reference_3K.png
[2026-09-16 01:37:21] [converterTests] [INFO] Full step: 3K JPG deliverables
[2026-09-16 01:37:21] [converterTests] [INFO] Created NFT set: art_Short_8K_reference
[2026-09-16 01:37:21] [converterTests] [INFO] Full step: 8K JPG deliverables
[2026-09-16 01:37:21] [converterTests] [INFO] Created 1MB JPG: art_Short_8K_reference_3K_1MB.jpg
[2026-09-16 01:37:21] [converterTests] [INFO] Created 5MB JPG: art_Short_8K_reference_3K_5MB.jpg
[2026-09-16 01:37:21] [converterTests] [INFO] Created 1MB JPG: art_Short_8K_reference_8K_1MB.jpg
[2026-09-16 01:37:21] [converterTests] [INFO] Created 2MB JPG: art_Short_8K_reference_8K_2MB.jpg
[2026-09-16 01:37:21] [converterTests] [INFO] Created 20MB JPG: art_Short_8K_reference_8K_20MB.jpg
[2026-09-16 01:37:21] [converterTests] [WARN] Duplicate config key 'IMAGE_8K_WIDTH' in /var/folders/bl/0_vgy5fd1t94djrp8z4pw9zm0000gn/T/converter-tests.F7A58C2D-51A1-4F22-8840-9CBE6803449B/config.txt; using the last value '320'
[2026-09-16 01:37:21] [converterTests] [WARN] Duplicate config key 'IMAGE_8K_HEIGHT' in /var/folders/bl/0_vgy5fd1t94djrp8z4pw9zm0000gn/T/converter-tests.F7A58C2D-51A1-4F22-8840-9CBE6803449B/config.txt; using the last value '180'
[2026-09-16 01:37:21] [converterTests] [INFO] PNG -> JPG: art_Short_8K_reference_2K.png
[2026-09-16 01:37:21] [converterTests] [INFO] Created JPG image: art_Short_8K_reference_2K.jpg
[2026-09-16 01:37:21] [converterTests] [INFO] PNG -> JPG: art_Short_8K_reference_3K.png
[2026-09-16 01:37:21] [converterTests] [INFO] Created JPG image: art_Short_8K_reference_3K.jpg
[2026-09-16 01:37:21] [converterTests] [INFO] PNG -> JPG: art_Short_8K_reference_4K.png
[2026-09-16 01:37:21] [converterTests] [INFO] Created JPG image: art_Short_8K_reference_4K.jpg
[2026-09-16 01:37:21] [converterTests] [INFO] PNG -> JPG: art_Short_8K_reference_8K.png
[2026-09-16 01:37:21] [converterTests] [INFO] Created JPG image: art_Short_8K_reference_8K.jpg
[2026-09-16 01:37:21] [converterTests] [INFO] PNG -> JPG: art_Short_8K_reference_NFT2K.png
[2026-09-16 01:37:21] [converterTests] [INFO] Created JPG image: art_Short_8K_reference_NFT2K.jpg
[2026-09-16 01:37:21] [converterTests] [INFO] PNG -> JPG: art_Short_8K_reference_NFT3K.png
[2026-09-16 01:37:21] [converterTests] [INFO] Created JPG image: art_Short_8K_reference_NFT3K.jpg
[2026-09-16 01:37:21] [converterTests] [INFO] PNG -> JPG: art_Short_8K_reference_NFT8K.png
[2026-09-16 01:37:22] [converterTests] [INFO] Created JPG image: art_Short_8K_reference_NFT8K.jpg
[2026-09-16 01:37:22] [converterTests] [INFO] PNG -> JPG: art_Short_8K_reference.png
[2026-09-16 01:37:22] [converterTests] [INFO] Created JPG image: art_Short_8K_reference.jpg
Test Case '-[converterTests.PipelineIntegrationTests testImageBatchActionsSkipPortraitShortStills]' passed (0.612 seconds).
Test Case '-[converterTests.PipelineIntegrationTests testImageConversionsAndDerivativesProduceVerifiedOutputs]' started.
[2026-09-16 01:37:22] [converterTests] [INFO] Created PNG: cover.png
[2026-09-16 01:37:23] [converterTests] [INFO] Created PNG: scan.png
[2026-09-16 01:37:23] [converterTests] [INFO] Created JPG image: poster.jpg
[2026-09-16 01:37:24] [converterTests] [INFO] Created 8K PNG: poster_8K.png
[2026-09-16 01:37:24] [converterTests] [INFO] Created 4K PNG: poster_4K.png
[2026-09-16 01:37:25] [converterTests] [INFO] Created NFT set: poster
[2026-09-16 01:37:25] [converterTests] [INFO] Created 3K PNG: poster_3K.png
[2026-09-16 01:37:25] [converterTests] [INFO] Created 2K PNG: poster_2K.png
[2026-09-16 01:37:26] [converterTests] [INFO] Created 1MB JPG: poster_8K_1MB.jpg
Test Case '-[converterTests.PipelineIntegrationTests testImageConversionsAndDerivativesProduceVerifiedOutputs]' passed (4.567 seconds).
Test Case '-[converterTests.PipelineIntegrationTests testImageOutputsAreNormalizedToSRGB]' started.
[2026-09-16 01:37:27] [converterTests] [INFO] Created PNG: cmyk_source.png
Test Case '-[converterTests.PipelineIntegrationTests testImageOutputsAreNormalizedToSRGB]' passed (0.473 seconds).
Test Case '-[converterTests.PipelineIntegrationTests testImagePreflightDecodesEachFileVersionOnce]' started.
Test Case '-[converterTests.PipelineIntegrationTests testImagePreflightDecodesEachFileVersionOnce]' passed (1.451 seconds).
Test Case '-[converterTests.PipelineIntegrationTests testJPGToPNGIntermediateIsRunScopedAndCleanedUp]' started.
Test Case '-[converterTests.PipelineIntegrationTests testJPGToPNGIntermediateIsRunScopedAndCleanedUp]' passed (0.433 seconds).
Test Case '-[converterTests.PipelineIntegrationTests testLoudnessContinueOnErrorNormalizesRemainingFilesThenSummarizes]' started.
[2026-09-16 01:37:29] [converterTests] [INFO] Loudness normalize a.wav: integrated target=-12 LUFS
[2026-09-16 01:37:31] [converterTests] [INFO] Created loudness-normalized media: a_loudness_m12LUFS.wav [integrated=-12.05 LUFS gain=9.75 dB]
[2026-09-16 01:37:31] [converterTests] [INFO] Loudness normalize b.wav: integrated target=-12 LUFS
[2026-09-16 01:37:31] [converterTests] [ERROR] Loudness normalize failed for b.wav: WAV format mismatch for /private/var/folders/bl/0_vgy5fd1t94djrp8z4pw9zm0000gn/T/converter-tests.99A2F25A-301B-4631-9CE6-A098886F85EA/Output/b.wav (got='' expected='WAVE')
[2026-09-16 01:37:31] [converterTests] [INFO] Loudness normalize c.wav: integrated target=-12 LUFS
[2026-09-16 01:37:34] [converterTests] [INFO] Created loudness-normalized media: c_loudness_m12LUFS.wav [integrated=-11.95 LUFS gain=9.65 dB]
Test Case '-[converterTests.PipelineIntegrationTests testLoudnessContinueOnErrorNormalizesRemainingFilesThenSummarizes]' passed (6.782 seconds).
Test Case '-[converterTests.PipelineIntegrationTests testLoudnessDoesNotApplyBassBoost]' started.
[2026-09-16 01:37:38] [converterTests] [INFO] Created loudness-normalized media: two_tone_loudness_m12LUFS.wav [integrated=-12.05 LUFS gain=4.35 dB]
[2026-09-16 01:37:41] [converterTests] [INFO] Created bass-adjusted media: two_tone_bass.wav
Test Case '-[converterTests.PipelineIntegrationTests testLoudnessDoesNotApplyBassBoost]' passed (5.848 seconds).
Test Case '-[converterTests.PipelineIntegrationTests testLoudnessNormalizeKeepsPeakConstrainedMP4Transparent]' started.
[2026-09-16 01:37:45] [converterTests] [WARN] PUBLISHED WITHOUT FULL QC: peak_limited_loudness_m12LUFS.mp4 did not meet the loudness policy (closest-safe); it is the closest the source's own peak allows. [integrated=-14.85 LUFS target=-12.00 gain=1.56 dB requested=4.35 dB peak=-2.56 dBFS]
Test Case '-[converterTests.PipelineIntegrationTests testLoudnessNormalizeKeepsPeakConstrainedMP4Transparent]' passed (5.435 seconds).
Test Case '-[converterTests.PipelineIntegrationTests testLoudnessNormalizeProcessesAudioAndMP4Inputs]' started.
[2026-09-16 01:37:47] [converterTests] [INFO] Loudness normalize level_flac.flac: integrated target=-12 LUFS
[2026-09-16 01:37:50] [converterTests] [INFO] Created loudness-normalized media: level_flac_loudness_m12LUFS.flac [integrated=-12.05 LUFS gain=9.75 dB]
[2026-09-16 01:37:50] [converterTests] [INFO] Loudness normalize level_m4a.m4a: integrated target=-12 LUFS
[2026-09-16 01:37:53] [converterTests] [INFO] Created loudness-normalized media: level_m4a_loudness_m12LUFS.m4a [integrated=-12.00 LUFS gain=6.79 dB]
[2026-09-16 01:37:53] [converterTests] [INFO] Loudness normalize level_mp3.mp3: integrated target=-12 LUFS
[2026-09-16 01:37:56] [converterTests] [INFO] Created loudness-normalized media: level_mp3_loudness_m12LUFS.mp3 [integrated=-12.05 LUFS gain=4.05 dB]
[2026-09-16 01:37:56] [converterTests] [INFO] Loudness normalize level_video.mp4: integrated target=-12 LUFS
[2026-09-16 01:37:59] [converterTests] [INFO] Created loudness-normalized media: level_video_loudness_m12LUFS.mp4 [integrated=-12.05 LUFS gain=9.75 dB]
[2026-09-16 01:37:59] [converterTests] [INFO] Loudness normalize level_wav.wav: integrated target=-12 LUFS
[2026-09-16 01:38:02] [converterTests] [INFO] Created loudness-normalized media: level_wav_loudness_m12LUFS.wav [integrated=-12.05 LUFS gain=15.75 dB]
[2026-09-16 01:38:02] [converterTests] [INFO] Loudness normalize complete: processed=5 failed=0
Test Case '-[converterTests.PipelineIntegrationTests testLoudnessNormalizeProcessesAudioAndMP4Inputs]' passed (19.618 seconds).
Test Case '-[converterTests.PipelineIntegrationTests testLoudnessPreservingQCPolicyMeasuresOnlyTheLeadingLimitDurationSeconds]' started.
[2026-09-16 01:38:06] [converterTests] [WARN] Duplicate config key 'AUDIO_QC_MAX_TRUE_PEAK_DBTP' in /var/folders/bl/0_vgy5fd1t94djrp8z4pw9zm0000gn/T/converter-tests.7CEFDCC6-54C0-4660-980B-3088A7996377/config.txt; using the last value '-1'
[2026-09-16 01:38:09] [converterTests] [INFO] Source already exceeds delivery QC on: true peak -0.57 dBTP (limit -1.00). Verifying the render does not worsen these, rather than altering the audio.
[2026-09-16 01:38:09] [converterTests] [INFO] Source already exceeds delivery QC on: true peak -0.57 dBTP (limit -1.00). Verifying the render does not worsen these, rather than altering the audio.
Test Case '-[converterTests.PipelineIntegrationTests testLoudnessPreservingQCPolicyMeasuresOnlyTheLeadingLimitDurationSeconds]' passed (3.165 seconds).
Test Case '-[converterTests.PipelineIntegrationTests testLoudnessPreservingQCPolicyRebasesOnlyTheBreachedTruePeakCeiling]' started.
[2026-09-16 01:38:09] [converterTests] [WARN] Duplicate config key 'AUDIO_QC_MAX_TRUE_PEAK_DBTP' in /var/folders/bl/0_vgy5fd1t94djrp8z4pw9zm0000gn/T/converter-tests.B12E6BED-E078-4632-A51A-94DE0502D67B/config.txt; using the last value '-1'
[2026-09-16 01:38:11] [converterTests] [INFO] Source already exceeds delivery QC on: true peak -0.57 dBTP (limit -1.00). Verifying the render does not worsen these, rather than altering the audio.
Test Case '-[converterTests.PipelineIntegrationTests testLoudnessPreservingQCPolicyRebasesOnlyTheBreachedTruePeakCeiling]' passed (1.634 seconds).
Test Case '-[converterTests.PipelineIntegrationTests testLoudnessPreservingQCPolicyReturnsTheInputPolicyForACleanSource]' started.
[2026-09-16 01:38:11] [converterTests] [WARN] Duplicate config key 'AUDIO_QC_MAX_TRUE_PEAK_DBTP' in /var/folders/bl/0_vgy5fd1t94djrp8z4pw9zm0000gn/T/converter-tests.3A720187-0C4F-4978-9BC6-796FF4667D4B/config.txt; using the last value '-1'
Test Case '-[converterTests.PipelineIntegrationTests testLoudnessPreservingQCPolicyReturnsTheInputPolicyForACleanSource]' passed (1.615 seconds).
Test Case '-[converterTests.PipelineIntegrationTests testLoudnessStopsAtFirstFailureWithoutContinueOnError]' started.
[2026-09-16 01:38:13] [converterTests] [INFO] Loudness normalize a.wav: integrated target=-12 LUFS
[2026-09-16 01:38:15] [converterTests] [INFO] Created loudness-normalized media: a_loudness_m12LUFS.wav [integrated=-12.05 LUFS gain=9.75 dB]
[2026-09-16 01:38:15] [converterTests] [INFO] Loudness normalize b.wav: integrated target=-12 LUFS
[2026-09-16 01:38:15] [converterTests] [ERROR] Loudness normalize failed for b.wav: WAV format mismatch for /private/var/folders/bl/0_vgy5fd1t94djrp8z4pw9zm0000gn/T/converter-tests.848436CA-68AB-4B69-B49A-CFC369074E0E/Output/b.wav (got='' expected='WAVE')
Test Case '-[converterTests.PipelineIntegrationTests testLoudnessStopsAtFirstFailureWithoutContinueOnError]' passed (3.467 seconds).
Test Case '-[converterTests.PipelineIntegrationTests testLoudScanReportsFourSummaryLines]' started.
Test Case '-[converterTests.PipelineIntegrationTests testLoudScanReportsFourSummaryLines]' passed (1.817 seconds).
Test Case '-[converterTests.PipelineIntegrationTests testLUFSRebaseMovesOnlyTheBreachedBound]' started.
[2026-09-16 01:38:18] [converterTests] [WARN] Duplicate config key 'AUDIO_QC_TARGET_LUFS' in /var/folders/bl/0_vgy5fd1t94djrp8z4pw9zm0000gn/T/converter-tests.E823BB57-B9CA-43A5-A7C1-34B2FFA5B0BC/config.txt; using the last value '-12'
[2026-09-16 01:38:18] [converterTests] [WARN] Duplicate config key 'AUDIO_QC_LUFS_TOLERANCE' in /var/folders/bl/0_vgy5fd1t94djrp8z4pw9zm0000gn/T/converter-tests.E823BB57-B9CA-43A5-A7C1-34B2FFA5B0BC/config.txt; using the last value '8'
[2026-09-16 01:38:19] [converterTests] [INFO] Source already exceeds delivery QC on: integrated loudness -25.25 LUFS (minimum -20.00). Verifying the render does not worsen these, rather than altering the audio.
[2026-09-16 01:38:20] [converterTests] [INFO] Source already exceeds delivery QC on: true peak 0.01 dBTP (limit 0.00); integrated loudness -0.15 LUFS (maximum -4.00). Verifying the render does not worsen these, rather than altering the audio.
Test Case '-[converterTests.PipelineIntegrationTests testLUFSRebaseMovesOnlyTheBreachedBound]' passed (2.533 seconds).
Test Case '-[converterTests.PipelineIntegrationTests testMainVideoFallsBackToSoftwareHEVCWhenHardwareIsUnavailable]' started.
[2026-09-16 01:38:21] [converterTests] [WARN] Duplicate config key 'VIDEO_MP4_ENCODER' in /var/folders/bl/0_vgy5fd1t94djrp8z4pw9zm0000gn/T/converter-tests.B53195CD-25A1-4E7B-8E30-089DE0B8B53E/config.txt; using the last value 'definitely_missing_encoder'
[2026-09-16 01:38:21] [converterTests] [WARN] Duplicate config key 'VIDEO_MP4_ENCODER_FALLBACKS' in /var/folders/bl/0_vgy5fd1t94djrp8z4pw9zm0000gn/T/converter-tests.B53195CD-25A1-4E7B-8E30-089DE0B8B53E/config.txt; using the last value 'libx265'
[2026-09-16 01:38:21] [converterTests] [WARN] Duplicate config key 'VIDEO_MP4_SOFTWARE_PRESET' in /var/folders/bl/0_vgy5fd1t94djrp8z4pw9zm0000gn/T/converter-tests.B53195CD-25A1-4E7B-8E30-089DE0B8B53E/config.txt; using the last value 'ultrafast'
[2026-09-16 01:38:21] [converterTests] [INFO] Main video encoders: libx265
[2026-09-16 01:38:23] [converterTests] [INFO] Created MP4: track_8K.mp4 [encoder=libx265]
Test Case '-[converterTests.PipelineIntegrationTests testMainVideoFallsBackToSoftwareHEVCWhenHardwareIsUnavailable]' passed (3.715 seconds).
Test Case '-[converterTests.PipelineIntegrationTests testMainVideoRenderFallsBackToSoftwareEncoder]' started.
[2026-09-16 01:38:24] [converterTests] [WARN] Duplicate config key 'VIDEO_MP4_ENCODER' in /var/folders/bl/0_vgy5fd1t94djrp8z4pw9zm0000gn/T/converter-tests.AE1268C8-4D76-46F1-8012-6510A51D7364/config.txt; using the last value 'definitely_missing_encoder'
[2026-09-16 01:38:24] [converterTests] [WARN] Duplicate config key 'VIDEO_MP4_ENCODER_FALLBACKS' in /var/folders/bl/0_vgy5fd1t94djrp8z4pw9zm0000gn/T/converter-tests.AE1268C8-4D76-46F1-8012-6510A51D7364/config.txt; using the last value 'libx264'
[2026-09-16 01:38:24] [converterTests] [WARN] Duplicate config key 'VIDEO_MP4_VERIFY_CODEC' in /var/folders/bl/0_vgy5fd1t94djrp8z4pw9zm0000gn/T/converter-tests.AE1268C8-4D76-46F1-8012-6510A51D7364/config.txt; using the last value 'h264'
[2026-09-16 01:38:24] [converterTests] [WARN] Duplicate config key 'VIDEO_MP4_TAG' in /var/folders/bl/0_vgy5fd1t94djrp8z4pw9zm0000gn/T/converter-tests.AE1268C8-4D76-46F1-8012-6510A51D7364/config.txt; using the last value 'avc1'
[2026-09-16 01:38:25] [converterTests] [INFO] Main video encoders: libx264
[2026-09-16 01:38:27] [converterTests] [INFO] Created MP4: track_8K.mp4 [encoder=libx264]
Test Case '-[converterTests.PipelineIntegrationTests testMainVideoRenderFallsBackToSoftwareEncoder]' passed (3.728 seconds).
Test Case '-[converterTests.PipelineIntegrationTests testMasterCanonicalWAVFallsBackWhenTwoPassMeasurementIsOutOfRange]' started.
[2026-09-16 01:38:28] [converterTests] [WARN] Duplicate config key 'MASTERING_TARGET_LUFS' in /var/folders/bl/0_vgy5fd1t94djrp8z4pw9zm0000gn/T/converter-tests.4F20AB02-7734-4BAE-9C99-97C1E2F32512/config.txt; using the last value '-12'
Test Case '-[converterTests.PipelineIntegrationTests testMasterCanonicalWAVFallsBackWhenTwoPassMeasurementIsOutOfRange]' passed (4.113 seconds).
Test Case '-[converterTests.PipelineIntegrationTests testMasterCanonicalWAVRemediatesOutOfPolicyLoudness]' started.
[2026-09-16 01:38:32] [converterTests] [WARN] Duplicate config key 'MASTERING_TARGET_LUFS' in /var/folders/bl/0_vgy5fd1t94djrp8z4pw9zm0000gn/T/converter-tests.C654AFD0-65A6-4674-90C6-2786CF342346/config.txt; using the last value '-40'
[2026-09-16 01:38:33] [converterTests] [INFO] Normalize WAV before mastering: needs_master.wav
[2026-09-16 01:38:33] [converterTests] [INFO] Normalize WAV: needs_master.wav
[2026-09-16 01:38:34] [converterTests] [INFO] Master WAV: needs_master.wav
[2026-09-16 01:38:36] [converterTests] [INFO] Mastered WAV: needs_master.wav [two-pass]
Test Case '-[converterTests.PipelineIntegrationTests testMasterCanonicalWAVRemediatesOutOfPolicyLoudness]' passed (4.535 seconds).
Test Case '-[converterTests.PipelineIntegrationTests testMasterCommandProducesMasteredOutputsWithinPolicy]' started.
[2026-09-16 01:38:37] [converterTests] [WARN] Duplicate config key 'MASTERING_TARGET_LUFS' in /var/folders/bl/0_vgy5fd1t94djrp8z4pw9zm0000gn/T/converter-tests.E4937F1C-9ECB-4EE1-BF4D-053EEEA77EB4/config.txt; using the last value '-40'
[2026-09-16 01:38:37] [converterTests] [INFO] Master needs_master.wav: target=-40 LUFS
[2026-09-16 01:38:38] [converterTests] [INFO] Master WAV: .converter-tmp.node2_local.35706.93e3fe5e-c311-4613-b097-0313947e45a3.needs_master_master_source.1AE0D13B-575F-4316-A052-89D3AFB0B940.wav
[2026-09-16 01:38:39] [converterTests] [INFO] Mastered WAV: .converter-tmp.node2_local.35706.93e3fe5e-c311-4613-b097-0313947e45a3.needs_master_master_source.1AE0D13B-575F-4316-A052-89D3AFB0B940.wav [two-pass]
[2026-09-16 01:38:41] [converterTests] [INFO] Created mastered media: needs_master_mastered.wav
[2026-09-16 01:38:41] [converterTests] [INFO] Master complete: processed=1 failed=0
Test Case '-[converterTests.PipelineIntegrationTests testMasterCommandProducesMasteredOutputsWithinPolicy]' passed (4.993 seconds).
Test Case '-[converterTests.PipelineIntegrationTests testMP3CleanDoesNotEnforceDeliveryQCOnStreamCopyCleanup]' started.
[2026-09-16 01:38:42] [converterTests] [WARN] Duplicate config key 'AUDIO_QC_MAX_TRUE_PEAK_DBTP' in /var/folders/bl/0_vgy5fd1t94djrp8z4pw9zm0000gn/T/converter-tests.E2F5C784-17E3-444E-A0B2-1FD8F8BA53B1/config.txt; using the last value '-1'
[2026-09-16 01:38:43] [converterTests] [INFO] Cleaned MP3 metadata: hot_artwork_track.mp3
Test Case '-[converterTests.PipelineIntegrationTests testMP3CleanDoesNotEnforceDeliveryQCOnStreamCopyCleanup]' passed (2.116 seconds).
Test Case '-[converterTests.PipelineIntegrationTests testMP3CleanIsAStreamCopyThatPreservesTheAudio]' started.
[2026-09-16 01:38:45] [converterTests] [INFO] Cleaned MP3 metadata: tagged_441.mp3
Test Case '-[converterTests.PipelineIntegrationTests testMP3CleanIsAStreamCopyThatPreservesTheAudio]' passed (1.632 seconds).
Test Case '-[converterTests.PipelineIntegrationTests testMP3CleanRemovesArtworkAndExtraStreams]' started.
[2026-09-16 01:38:47] [converterTests] [INFO] Cleaned MP3 metadata: artwork_track.mp3
Test Case '-[converterTests.PipelineIntegrationTests testMP3CleanRemovesArtworkAndExtraStreams]' passed (2.034 seconds).
Test Case '-[converterTests.PipelineIntegrationTests testMP3HashAcceptsArtworkAndNonProjectBitrateMP3]' started.
[2026-09-16 01:38:47] [converterTests] [WARN] Duplicate config key 'MP3_MIN_BITRATE_BPS' in /var/folders/bl/0_vgy5fd1t94djrp8z4pw9zm0000gn/T/converter-tests.8A2CEAED-DC44-4851-89ED-13C467BC0B9C/config.txt; using the last value '300000'
[2026-09-16 01:38:48] [converterTests] [INFO] Hash MP3 filenames
[2026-09-16 01:38:48] [converterTests] [INFO] Renamed mp3: hash_artwork_track.mp3 -> 1199DB3B.mp3
Test Case '-[converterTests.PipelineIntegrationTests testMP3HashAcceptsArtworkAndNonProjectBitrateMP3]' passed (0.532 seconds).
Test Case '-[converterTests.PipelineIntegrationTests testMP4ToShortDoesNotReingestItsOwnShortDeliverables]' started.
[2026-09-16 01:38:48] [converterTests] [INFO] MP4 -> Short: clip.mp4
[2026-09-16 01:38:50] [converterTests] [INFO] Short video encoders: libx264, h264_videotoolbox
[2026-09-16 01:38:52] [converterTests] [INFO] Created short MP4: clip_Short.mp4 [encoder=libx264]
Test Case '-[converterTests.PipelineIntegrationTests testMP4ToShortDoesNotReingestItsOwnShortDeliverables]' passed (4.219 seconds).
Test Case '-[converterTests.PipelineIntegrationTests testMP4ToShortUsesTheConfiguredScaler]' started.
Test Case '-[converterTests.PipelineIntegrationTests testMP4ToShortUsesTheConfiguredScaler]' passed (0.002 seconds).
Test Case '-[converterTests.PipelineIntegrationTests testNFTToShortAcceptsPortrait8KPNGWithoutLandscapeMainRender]' started.
[2026-09-16 01:38:52] [converterTests] [INFO] NFT -> Short source audio: song.flac
[2026-09-16 01:38:52] [converterTests] [INFO] NFT -> Short source image: Vertical_8K.png
[2026-09-16 01:38:54] [converterTests] [INFO] Short video encoders: libx264, h264_videotoolbox
[2026-09-16 01:38:56] [converterTests] [INFO] Created portrait short MP4: song_8K_Short.mp4 [encoder=libx264]
[2026-09-16 01:38:59] [converterTests] [INFO] Created portrait short MP4: song_8K_Short_FullSong.mp4 [encoder=libx264]
[2026-09-16 01:39:01] [converterTests] [INFO] Created portrait short MP4 (centre cut): song_8K_Short_CenterCut.mp4 [encoder=libx264]
[2026-09-16 01:39:04] [converterTests] [INFO] Created portrait short MP4 (centre cut): song_8K_Short_FullSong_CenterCut.mp4 [encoder=libx264]
Test Case '-[converterTests.PipelineIntegrationTests testNFTToShortAcceptsPortrait8KPNGWithoutLandscapeMainRender]' passed (12.965 seconds).
Test Case '-[converterTests.PipelineIntegrationTests testNFTToShortBuildsShortFromGenericAudioAndNFTImage]' started.
[2026-09-16 01:39:05] [converterTests] [INFO] Short step: create NFT8K image
[2026-09-16 01:39:06] [converterTests] [INFO] Created 8K PNG: poster_8K.png
[2026-09-16 01:39:06] [converterTests] [INFO] Created 4K PNG: poster_4K.png
[2026-09-16 01:39:07] [converterTests] [INFO] Created NFT set: poster
[2026-09-16 01:39:07] [converterTests] [INFO] NFT -> Short source audio: song.aac
[2026-09-16 01:39:07] [converterTests] [INFO] NFT -> Short source image: poster_NFT8K.png
[2026-09-16 01:39:08] [converterTests] [INFO] Short video encoders: libx264, h264_videotoolbox
[2026-09-16 01:39:10] [converterTests] [INFO] Created portrait short MP4: song_8K_Short.mp4 [encoder=libx264]
[2026-09-16 01:39:14] [converterTests] [INFO] Created portrait short MP4: song_8K_Short_FullSong.mp4 [encoder=libx264]
[2026-09-16 01:39:16] [converterTests] [INFO] Created portrait short MP4 (centre cut): song_8K_Short_CenterCut.mp4 [encoder=libx264]
[2026-09-16 01:39:18] [converterTests] [INFO] Created portrait short MP4 (centre cut): song_8K_Short_FullSong_CenterCut.mp4 [encoder=libx264]
Test Case '-[converterTests.PipelineIntegrationTests testNFTToShortBuildsShortFromGenericAudioAndNFTImage]' passed (14.852 seconds).
Test Case '-[converterTests.PipelineIntegrationTests testNFTToShortComparesAgainstTrimmedSourceSegmentLoudness]' started.
[2026-09-16 01:39:20] [converterTests] [WARN] Duplicate config key 'SHORT_MP4_CLIP_SECONDS' in /var/folders/bl/0_vgy5fd1t94djrp8z4pw9zm0000gn/T/converter-tests.7E31092C-8474-4BD5-B5C9-3D5A409AADE6/config.txt; using the last value '1'
[2026-09-16 01:39:20] [converterTests] [INFO] Short step: create NFT8K image
[2026-09-16 01:39:20] [converterTests] [INFO] Created 8K PNG: poster_8K.png
[2026-09-16 01:39:21] [converterTests] [INFO] Created 4K PNG: poster_4K.png
[2026-09-16 01:39:21] [converterTests] [INFO] Created NFT set: poster
[2026-09-16 01:39:21] [converterTests] [INFO] NFT -> Short source audio: dynamic_loudness.mp3
[2026-09-16 01:39:21] [converterTests] [INFO] NFT -> Short source image: poster_NFT8K.png
[2026-09-16 01:39:23] [converterTests] [INFO] Short video encoders: libx264, h264_videotoolbox
[2026-09-16 01:39:25] [converterTests] [INFO] Created portrait short MP4: dynamic_loudness_8K_Short.mp4 [encoder=libx264]
[2026-09-16 01:39:28] [converterTests] [INFO] Created portrait short MP4: dynamic_loudness_8K_Short_FullSong.mp4 [encoder=libx264]
[2026-09-16 01:39:31] [converterTests] [INFO] Created portrait short MP4 (centre cut): dynamic_loudness_8K_Short_CenterCut.mp4 [encoder=libx264]
[2026-09-16 01:39:33] [converterTests] [INFO] Created portrait short MP4 (centre cut): dynamic_loudness_8K_Short_FullSong_CenterCut.mp4 [encoder=libx264]
Test Case '-[converterTests.PipelineIntegrationTests testNFTToShortComparesAgainstTrimmedSourceSegmentLoudness]' passed (13.181 seconds).
Test Case '-[converterTests.PipelineIntegrationTests testNFTToShortPreservesSourceLoudnessOnLandscapePath]' started.
[2026-09-16 01:39:33] [converterTests] [INFO] Short step: create NFT8K image
[2026-09-16 01:39:34] [converterTests] [INFO] Created 8K PNG: poster_8K.png
[2026-09-16 01:39:34] [converterTests] [INFO] Created 4K PNG: poster_4K.png
[2026-09-16 01:39:34] [converterTests] [INFO] Created NFT set: poster
[2026-09-16 01:39:35] [converterTests] [INFO] NFT -> Short source audio: loud_song.flac
[2026-09-16 01:39:35] [converterTests] [INFO] NFT -> Short source image: poster_NFT8K.png
[2026-09-16 01:39:36] [converterTests] [INFO] Short video encoders: libx264, h264_videotoolbox
[2026-09-16 01:39:39] [converterTests] [INFO] Created portrait short MP4: loud_song_8K_Short.mp4 [encoder=libx264]
[2026-09-16 01:39:42] [converterTests] [INFO] Created portrait short MP4: loud_song_8K_Short_FullSong.mp4 [encoder=libx264]
[2026-09-16 01:39:45] [converterTests] [INFO] Created portrait short MP4 (centre cut): loud_song_8K_Short_CenterCut.mp4 [encoder=libx264]
[2026-09-16 01:39:47] [converterTests] [INFO] Created portrait short MP4 (centre cut): loud_song_8K_Short_FullSong_CenterCut.mp4 [encoder=libx264]
Test Case '-[converterTests.PipelineIntegrationTests testNFTToShortPreservesSourceLoudnessOnLandscapePath]' passed (14.450 seconds).
Test Case '-[converterTests.PipelineIntegrationTests testNFTToShortPreservesSourceLoudnessOnPortraitPath]' started.
[2026-09-16 01:39:48] [converterTests] [WARN] Duplicate config key 'AUDIO_QC_MAX_TRUE_PEAK_DBTP' in /var/folders/bl/0_vgy5fd1t94djrp8z4pw9zm0000gn/T/converter-tests.254E47BD-5938-4F6A-8711-6BE6FE44764A/config.txt; using the last value '-1'
[2026-09-16 01:39:48] [converterTests] [INFO] NFT -> Short source audio: hot_song.mp3
[2026-09-16 01:39:48] [converterTests] [INFO] NFT -> Short source image: Vertical_8K.png
[2026-09-16 01:39:49] [converterTests] [INFO] Source already exceeds delivery QC on: true peak -0.34 dBTP (limit -1.00). Verifying the render does not worsen these, rather than altering the audio.
[2026-09-16 01:39:50] [converterTests] [INFO] Short video encoders: libx264, h264_videotoolbox
[2026-09-16 01:39:52] [converterTests] [INFO] Created portrait short MP4: hot_song_8K_Short.mp4 [encoder=libx264]
[2026-09-16 01:39:53] [converterTests] [INFO] Source already exceeds delivery QC on: true peak -0.34 dBTP (limit -1.00). Verifying the render does not worsen these, rather than altering the audio.
[2026-09-16 01:39:56] [converterTests] [INFO] Created portrait short MP4: hot_song_8K_Short_FullSong.mp4 [encoder=libx264]
[2026-09-16 01:39:56] [converterTests] [INFO] Source already exceeds delivery QC on: true peak -0.34 dBTP (limit -1.00). Verifying the render does not worsen these, rather than altering the audio.
[2026-09-16 01:39:59] [converterTests] [INFO] Created portrait short MP4 (centre cut): hot_song_8K_Short_CenterCut.mp4 [encoder=libx264]
[2026-09-16 01:39:59] [converterTests] [INFO] Source already exceeds delivery QC on: true peak -0.34 dBTP (limit -1.00). Verifying the render does not worsen these, rather than altering the audio.
[2026-09-16 01:40:02] [converterTests] [INFO] Created portrait short MP4 (centre cut): hot_song_8K_Short_FullSong_CenterCut.mp4 [encoder=libx264]
Test Case '-[converterTests.PipelineIntegrationTests testNFTToShortPreservesSourceLoudnessOnPortraitPath]' passed (15.456 seconds).
Test Case '-[converterTests.PipelineIntegrationTests testNoiseAddsLeadingAndTrailingNoiseToAudioMedia]' started.
[2026-09-16 01:40:03] [converterTests] [INFO] Add noise noise_flac.flac: before=0.500 silence=2 after=0.500 level=-12 LUFS
[2026-09-16 01:40:10] [converterTests] [INFO] Created noise-padded media: noise_flac_noise_0_5s.flac
[2026-09-16 01:40:10] [converterTests] [INFO] Add noise noise_m4a.m4a: before=0.500 silence=2 after=0.500 level=-12 LUFS
[2026-09-16 01:40:17] [converterTests] [INFO] Created noise-padded media: noise_m4a_noise_0_5s.m4a
[2026-09-16 01:40:17] [converterTests] [INFO] Add noise noise_mp3.mp3: before=0.500 silence=2 after=0.500 level=-12 LUFS
[2026-09-16 01:40:23] [converterTests] [INFO] Created noise-padded media: noise_mp3_noise_0_5s.mp3
[2026-09-16 01:40:23] [converterTests] [INFO] Add noise noise_video.mp4: before=0.500 silence=2 after=0.500 level=-12 LUFS
[2026-09-16 01:40:23] [converterTests] [INFO] noise_video.mp4 carries a video track; the padded audio output keeps the audio only.
[2026-09-16 01:40:28] [converterTests] [INFO] Noise MP4 video encoders: hevc_videotoolbox, libx265
[2026-09-16 01:40:30] [converterTests] [INFO] Created noise-padded media: noise_video_noise_0_5s.mp4
[2026-09-16 01:40:30] [converterTests] [INFO] Add noise noise_wav.wav: before=0.500 silence=2 after=0.500 level=-12 LUFS
[2026-09-16 01:40:36] [converterTests] [INFO] Created noise-padded media: noise_wav_noise_0_5s.wav
Test Case '-[converterTests.PipelineIntegrationTests testNoiseAddsLeadingAndTrailingNoiseToAudioMedia]' passed (40.840 seconds).
Test Case '-[converterTests.PipelineIntegrationTests testNoiseIgnoresPreviouslyGeneratedNoiseOutputs]' started.
Test Case '-[converterTests.PipelineIntegrationTests testNoiseIgnoresPreviouslyGeneratedNoiseOutputs]' passed (0.147 seconds).
Test Case '-[converterTests.PipelineIntegrationTests testNoiseOutputIsReproducibleAcrossReruns]' started.
[2026-09-16 01:40:50] [converterTests] [INFO] Created noise-padded media: repeat_flac_noise_0_5s.flac
[2026-09-16 01:40:56] [converterTests] [INFO] Created noise-padded media: repeat_flac_noise_0_5s.flac
[2026-09-16 01:41:02] [converterTests] [INFO] Created noise-padded media: repeat_wav_noise_0_5s.wav
[2026-09-16 01:41:08] [converterTests] [INFO] Created noise-padded media: repeat_wav_noise_0_5s.wav
Test Case '-[converterTests.PipelineIntegrationTests testNoiseOutputIsReproducibleAcrossReruns]' passed (24.034 seconds).
Test Case '-[converterTests.PipelineIntegrationTests testNoisePaddingStaysAtTargetAfterFLACDeliveryEncode]' started.
[2026-09-16 01:41:15] [converterTests] [INFO] Created noise-padded media: delivery_noise_noise_6s.flac
Test Case '-[converterTests.PipelineIntegrationTests testNoisePaddingStaysAtTargetAfterFLACDeliveryEncode]' passed (8.883 seconds).
Test Case '-[converterTests.PipelineIntegrationTests testNoisePaddingVerifierRejectsSilentProgramme]' started.
Test Case '-[converterTests.PipelineIntegrationTests testNoisePaddingVerifierRejectsSilentProgramme]' passed (1.624 seconds).
Test Case '-[converterTests.PipelineIntegrationTests testNoiseSegmentUsesDynamicLoudnormForProductionDurations]' started.
Test Case '-[converterTests.PipelineIntegrationTests testNoiseSegmentUsesDynamicLoudnormForProductionDurations]' passed (1.643 seconds).
Test Case '-[converterTests.PipelineIntegrationTests testNoiseVerifiesPaddingOncePerFile]' started.
[2026-09-16 01:41:20] [converterTests] [INFO] Add noise track.wav: before=1 silence=2 after=1 level=-12 LUFS
[2026-09-16 01:41:28] [converterTests] [INFO] Created noise-padded media: track_noise_1s.wav
Test Case '-[converterTests.PipelineIntegrationTests testNoiseVerifiesPaddingOncePerFile]' passed (7.477 seconds).
Test Case '-[converterTests.PipelineIntegrationTests testPaddedMP4EncoderLadderReportsEveryFailedRung]' started.
[2026-09-16 01:41:28] [converterTests] [WARN] Duplicate config key 'VIDEO_MP4_ENCODER' in /var/folders/bl/0_vgy5fd1t94djrp8z4pw9zm0000gn/T/converter-tests.15A435C6-ED2D-4469-BEA0-39958CD58D0B/config.txt; using the last value 'libx264'
[2026-09-16 01:41:28] [converterTests] [WARN] Duplicate config key 'VIDEO_MP4_ENCODER_FALLBACKS' in /var/folders/bl/0_vgy5fd1t94djrp8z4pw9zm0000gn/T/converter-tests.15A435C6-ED2D-4469-BEA0-39958CD58D0B/config.txt; using the last value 'libx265'
[2026-09-16 01:41:28] [converterTests] [WARN] Duplicate config key 'VIDEO_MP4_SOFTWARE_PRESET' in /var/folders/bl/0_vgy5fd1t94djrp8z4pw9zm0000gn/T/converter-tests.15A435C6-ED2D-4469-BEA0-39958CD58D0B/config.txt; using the last value 'no_such_preset'
[2026-09-16 01:41:28] [converterTests] [INFO] clip.mp4 carries a video track; the padded audio output keeps the audio only.
[2026-09-16 01:41:30] [converterTests] [INFO] Silence MP4 video encoders: libx264, libx265
[2026-09-16 01:41:30] [converterTests] [WARN] silence MP4 video encoder failed (libx264): Command failed: /opt/homebrew/bin/ffmpeg -hide_banner -nostdin -v error -y -i /var/folders/bl/0_vgy5fd1t94djrp8z4pw9zm0000gn/T/converter-tests.15A435C6-ED2D-4469-BEA0-39958CD58D0B/Output/clip.mp4 -i /var/folders/bl/0_vgy5fd1t94djrp8z4pw9zm0000gn/T/converter-tests.15A435C6-ED2D-4469-BEA0-39958CD58D0B/Output/.converter-tmp.node2_local.35706.0bd2ae7a-0d5b-4856-a343-d169e39ff890.clip_silence_padded.2DF35F18-B182-4674-9F52-A21671A36E05.wav -map 0:v:0 -map 1:a:0 -vf tpad=start_duration=1.000000:stop_duration=1.000000:start_mode=clone:stop_mode=clone,format=yuv420p,setparams=color_primaries=bt709:color_trc=bt709:colorspace=bt709:range=limited -c:v libx264 -preset no_such_preset -crf 22 -pix_fmt yuv420p -color_primaries bt709 -color_trc bt709 -colorspace bt709 -color_range tv -tag:v avc1 -c:a alac -sample_fmt s32p -bits_per_raw_sample 24 -ar 48000 -ac 2 -t 3.500000 -map_metadata 0 -map_chapters 0 -movflags +faststart /var/folders/bl/0_vgy5fd1t94djrp8z4pw9zm0000gn/T/converter-tests.15A435C6-ED2D-4469-BEA0-39958CD58D0B/Output/.converter-tmp.node2_local.35706.0bd2ae7a-0d5b-4856-a343-d169e39ff890.clip_silence_1s.581746B4-9264-439A-90A3-41417CEE2C15.mp4 | [out#0/mp4 @ 0x7953004600] Nothing was written into output file, because at least one of its streams received no packets.
[2026-09-16 01:41:30] [converterTests] [WARN] silence MP4 video encoder failed (libx265): Command failed: /opt/homebrew/bin/ffmpeg -hide_banner -nostdin -v error -y -i /var/folders/bl/0_vgy5fd1t94djrp8z4pw9zm0000gn/T/converter-tests.15A435C6-ED2D-4469-BEA0-39958CD58D0B/Output/clip.mp4 -i /var/folders/bl/0_vgy5fd1t94djrp8z4pw9zm0000gn/T/converter-tests.15A435C6-ED2D-4469-BEA0-39958CD58D0B/Output/.converter-tmp.node2_local.35706.0bd2ae7a-0d5b-4856-a343-d169e39ff890.clip_silence_padded.2DF35F18-B182-4674-9F52-A21671A36E05.wav -map 0:v:0 -map 1:a:0 -vf tpad=start_duration=1.000000:stop_duration=1.000000:start_mode=clone:stop_mode=clone,format=yuv420p,setparams=color_primaries=bt709:color_trc=bt709:colorspace=bt709:range=limited -c:v libx265 -preset no_such_preset -crf 22 -pix_fmt yuv420p -color_primaries bt709 -color_trc bt709 -colorspace bt709 -color_range tv -tag:v hvc1 -c:a alac -sample_fmt s32p -bits_per_raw_sample 24 -ar 48000 -ac 2 -t 3.500000 -map_metadata 0 -map_chapters 0 -movflags +faststart /var/folders/bl/0_vgy5fd1t94djrp8z4pw9zm0000gn/T/converter-tests.15A435C6-ED2D-4469-BEA0-39958CD58D0B/Output/.converter-tmp.node2_local.35706.0bd2ae7a-0d5b-4856-a343-d169e39ff890.clip_silence_1s.581746B4-9264-439A-90A3-41417CEE2C15.mp4 | [out#0/mp4 @ 0x7cbcc38180] Nothing was written into output file, because at least one of its streams received no packets.
Test Case '-[converterTests.PipelineIntegrationTests testPaddedMP4EncoderLadderReportsEveryFailedRung]' passed (2.474 seconds).
Test Case '-[converterTests.PipelineIntegrationTests testPortraitShortStillsMatchTheirRenderFraming]' started.
[2026-09-16 01:41:30] [converterTests] [INFO] Profile: youtube_master
[2026-09-16 01:41:30] [converterTests] [INFO] Scheduler profile: total=3 image=2 audio=2 video=1
[2026-09-16 01:41:31] [converterTests] [INFO] Created portrait still: art_Short_8K.png
[2026-09-16 01:41:31] [converterTests] [INFO] Created 1MB JPG: art_Short_8K_1MB.jpg
[2026-09-16 01:41:31] [converterTests] [INFO] Created 2MB JPG: art_Short_8K_2MB.jpg
[2026-09-16 01:41:31] [converterTests] [INFO] Created portrait still: art_Short_CenterCut_8K.png
[2026-09-16 01:41:32] [converterTests] [INFO] Created 1MB JPG: art_Short_CenterCut_8K_1MB.jpg
[2026-09-16 01:41:32] [converterTests] [INFO] Created 2MB JPG: art_Short_CenterCut_8K_2MB.jpg
Test Case '-[converterTests.PipelineIntegrationTests testPortraitShortStillsMatchTheirRenderFraming]' passed (2.411 seconds).
Test Case '-[converterTests.PipelineIntegrationTests testProbeCacheInvalidatesWhenFileFingerprintChanges]' started.
Test Case '-[converterTests.PipelineIntegrationTests testProbeCacheInvalidatesWhenFileFingerprintChanges]' passed (0.287 seconds).
Test Case '-[converterTests.PipelineIntegrationTests testPublishTempReplacesExistingDestination]' started.
Test Case '-[converterTests.PipelineIntegrationTests testPublishTempReplacesExistingDestination]' passed (0.004 seconds).
Test Case '-[converterTests.PipelineIntegrationTests testRejectsEmptyAudioInputWithoutPublishingOutputs]' started.
Test Case '-[converterTests.PipelineIntegrationTests testRejectsEmptyAudioInputWithoutPublishingOutputs]' passed (0.005 seconds).
Test Case '-[converterTests.PipelineIntegrationTests testRejectsEmptyImageInputWithoutPublishingOutputs]' started.
Test Case '-[converterTests.PipelineIntegrationTests testRejectsEmptyImageInputWithoutPublishingOutputs]' passed (0.005 seconds).
Test Case '-[converterTests.PipelineIntegrationTests testRejectsFLACExtensionWithMP3Payload]' started.
Test Case '-[converterTests.PipelineIntegrationTests testRejectsFLACExtensionWithMP3Payload]' passed (0.147 seconds).
Test Case '-[converterTests.PipelineIntegrationTests testRejectsJPEGExtensionWithPNGPayload]' started.
Test Case '-[converterTests.PipelineIntegrationTests testRejectsJPEGExtensionWithPNGPayload]' passed (0.204 seconds).
Test Case '-[converterTests.PipelineIntegrationTests testRejectsM4AExtensionWithMP3Payload]' started.
Test Case '-[converterTests.PipelineIntegrationTests testRejectsM4AExtensionWithMP3Payload]' passed (0.133 seconds).
Test Case '-[converterTests.PipelineIntegrationTests testRejectsMP3ExtensionWithWAVPayload]' started.
Test Case '-[converterTests.PipelineIntegrationTests testRejectsMP3ExtensionWithWAVPayload]' passed (0.133 seconds).
Test Case '-[converterTests.PipelineIntegrationTests testRejectsMP4ExtensionWithImagePayload]' started.
Test Case '-[converterTests.PipelineIntegrationTests testRejectsMP4ExtensionWithImagePayload]' passed (0.134 seconds).
Test Case '-[converterTests.PipelineIntegrationTests testRejectsPNGExtensionWithJPEGPayload]' started.
Test Case '-[converterTests.PipelineIntegrationTests testRejectsPNGExtensionWithJPEGPayload]' passed (0.200 seconds).
Test Case '-[converterTests.PipelineIntegrationTests testRejectsSilentMP3Input]' started.
Test Case '-[converterTests.PipelineIntegrationTests testRejectsSilentMP3Input]' passed (0.361 seconds).
Test Case '-[converterTests.PipelineIntegrationTests testRejectsStereoImbalancedOutputWhenPolicyIsStrict]' started.
[2026-09-16 01:41:34] [converterTests] [WARN] Duplicate config key 'AUDIO_QC_MAX_STEREO_IMBALANCE_DB' in /var/folders/bl/0_vgy5fd1t94djrp8z4pw9zm0000gn/T/converter-tests.DF8E3A32-E368-4DE6-A6F6-A1FD8012F7FF/config.txt; using the last value '0.10'
[2026-09-16 01:41:36] [converterTests] [INFO] Source already exceeds delivery QC on: stereo imbalance 33.98 dB (limit 0.10). Verifying the render does not worsen these, rather than altering the audio.
[2026-09-16 01:41:38] [converterTests] [INFO] Created M4A: imbalanced.m4a
Test Case '-[converterTests.PipelineIntegrationTests testRejectsStereoImbalancedOutputWhenPolicyIsStrict]' passed (3.877 seconds).
Test Case '-[converterTests.PipelineIntegrationTests testRejectsWAVBinaryGarbage]' started.
Test Case '-[converterTests.PipelineIntegrationTests testRejectsWAVBinaryGarbage]' passed (0.002 seconds).
Test Case '-[converterTests.PipelineIntegrationTests testRunCapsCapturedOutputAt64MiBOnBothStreams]' started.
Test Case '-[converterTests.PipelineIntegrationTests testRunCapsCapturedOutputAt64MiBOnBothStreams]' passed (13.663 seconds).
Test Case '-[converterTests.PipelineIntegrationTests testRunCapturedOutputCapBoundaryKeepsExactCapAndDropsOneByteOver]' started.
Test Case '-[converterTests.PipelineIntegrationTests testRunCapturedOutputCapBoundaryKeepsExactCapAndDropsOneByteOver]' passed (7.653 seconds).
Test Case '-[converterTests.PipelineIntegrationTests testRunDrainsLargeChildOutputWithoutDeadlock]' started.
Test Case '-[converterTests.PipelineIntegrationTests testRunDrainsLargeChildOutputWithoutDeadlock]' passed (0.289 seconds).
Test Case '-[converterTests.PipelineIntegrationTests testRunGivesChildrenNoStdin]' started.
Test Case '-[converterTests.PipelineIntegrationTests testRunGivesChildrenNoStdin]' passed (0.071 seconds).
Test Case '-[converterTests.PipelineIntegrationTests testRunHandlesLargeStderrWithoutDeadlock]' started.
Test Case '-[converterTests.PipelineIntegrationTests testRunHandlesLargeStderrWithoutDeadlock]' passed (0.470 seconds).
Test Case '-[converterTests.PipelineIntegrationTests testRunHandlesRepeatedLaunchesWithoutPipeHandleExhaustion]' started.
Test Case '-[converterTests.PipelineIntegrationTests testRunHandlesRepeatedLaunchesWithoutPipeHandleExhaustion]' passed (27.653 seconds).
Test Case '-[converterTests.PipelineIntegrationTests testRunPixIgnoresPortraitShortStillCompanions]' started.
Test Case '-[converterTests.PipelineIntegrationTests testRunPixIgnoresPortraitShortStillCompanions]' passed (0.344 seconds).
Test Case '-[converterTests.PipelineIntegrationTests testRunTimeoutDoesNotWaitForGrandchildHoldingThePipe]' started.
Test Case '-[converterTests.PipelineIntegrationTests testRunTimeoutDoesNotWaitForGrandchildHoldingThePipe]' passed (3.014 seconds).
Test Case '-[converterTests.PipelineIntegrationTests testRunTimeoutEscalatesToSIGKILLWhenChildIgnoresSIGTERM]' started.
Test Case '-[converterTests.PipelineIntegrationTests testRunTimeoutEscalatesToSIGKILLWhenChildIgnoresSIGTERM]' passed (8.087 seconds).
Test Case '-[converterTests.PipelineIntegrationTests testSchedulerRespectsResourceClassLimits]' started.
Test Case '-[converterTests.PipelineIntegrationTests testSchedulerRespectsResourceClassLimits]' passed (3.541 seconds).
Test Case '-[converterTests.PipelineIntegrationTests testShortAcceptsGenericAudioOnlyInputFormat]' started.
[2026-09-16 01:42:43] [converterTests] [INFO] Short source audio: song.aac
[2026-09-16 01:42:43] [converterTests] [INFO] Short source image: poster.png
[2026-09-16 01:42:44] [converterTests] [INFO] Short video encoders: libx264, h264_videotoolbox
[2026-09-16 01:42:47] [converterTests] [INFO] Created portrait short MP4: song_8K_Short.mp4 [encoder=libx264]
[2026-09-16 01:42:50] [converterTests] [INFO] Created portrait short MP4: song_8K_Short_FullSong.mp4 [encoder=libx264]
[2026-09-16 01:42:52] [converterTests] [INFO] Created portrait short MP4 (centre cut): song_8K_Short_CenterCut.mp4 [encoder=libx264]
[2026-09-16 01:42:55] [converterTests] [INFO] Created portrait short MP4 (centre cut): song_8K_Short_FullSong_CenterCut.mp4 [encoder=libx264]
Test Case '-[converterTests.PipelineIntegrationTests testShortAcceptsGenericAudioOnlyInputFormat]' passed (13.156 seconds).
Test Case '-[converterTests.PipelineIntegrationTests testShortBuildsLongSongFullSongVariant]' started.
[2026-09-16 01:42:57] [converterTests] [WARN] Duplicate config key 'SHORT_MP4_CLIP_SECONDS' in /var/folders/bl/0_vgy5fd1t94djrp8z4pw9zm0000gn/T/converter-tests.23CAA17E-5497-4842-8F2E-D6C65A3E99F5/config.txt; using the last value '58'
[2026-09-16 01:42:57] [converterTests] [INFO] Short source audio: song.mp3
[2026-09-16 01:42:57] [converterTests] [INFO] Short source image: poster.png
[2026-09-16 01:43:00] [converterTests] [INFO] Short video encoders: libx264, h264_videotoolbox
[2026-09-16 01:43:08] [converterTests] [INFO] Created portrait short MP4: song_8K_Short.mp4 [encoder=libx264]
[2026-09-16 01:43:23] [converterTests] [INFO] Created portrait short MP4: song_8K_Short_FullSong.mp4 [encoder=libx264]
[2026-09-16 01:43:29] [converterTests] [INFO] Created portrait short MP4 (centre cut): song_8K_Short_CenterCut.mp4 [encoder=libx264]
[2026-09-16 01:43:37] [converterTests] [INFO] Created portrait short MP4 (centre cut): song_8K_Short_FullSong_CenterCut.mp4 [encoder=libx264]
Test Case '-[converterTests.PipelineIntegrationTests testShortBuildsLongSongFullSongVariant]' passed (48.668 seconds).
Test Case '-[converterTests.PipelineIntegrationTests testShortBuildsOnlyPortraitMP4FromDirectImageAndAudio]' started.
[2026-09-16 01:43:45] [converterTests] [INFO] Short source audio: song.flac
[2026-09-16 01:43:45] [converterTests] [INFO] Short source image: poster.png
[2026-09-16 01:43:46] [converterTests] [INFO] Short video encoders: libx264, h264_videotoolbox
[2026-09-16 01:43:49] [converterTests] [INFO] Created portrait short MP4: song_8K_Short.mp4 [encoder=libx264]
[2026-09-16 01:43:52] [converterTests] [INFO] Created portrait short MP4: song_8K_Short_FullSong.mp4 [encoder=libx264]
[2026-09-16 01:43:54] [converterTests] [INFO] Created portrait short MP4 (centre cut): song_8K_Short_CenterCut.mp4 [encoder=libx264]
[2026-09-16 01:43:56] [converterTests] [INFO] Created portrait short MP4 (centre cut): song_8K_Short_FullSong_CenterCut.mp4 [encoder=libx264]
Test Case '-[converterTests.PipelineIntegrationTests testShortBuildsOnlyPortraitMP4FromDirectImageAndAudio]' passed (13.234 seconds).
Test Case '-[converterTests.PipelineIntegrationTests testShortCapBoundaryAndFullSongCompanionDecision]' started.
[2026-09-16 01:43:58] [converterTests] [WARN] Duplicate config key 'SHORT_MP4_CLIP_SECONDS' in /var/folders/bl/0_vgy5fd1t94djrp8z4pw9zm0000gn/T/converter-tests.4BC924BA-8E2C-4E92-97F1-BB61ADFD403E/config.txt; using the last value '58'
[2026-09-16 01:43:58] [converterTests] [WARN] Duplicate config key 'SHORT_MP4_CLIP_SECONDS' in /var/folders/bl/0_vgy5fd1t94djrp8z4pw9zm0000gn/T/converter-tests.4BC924BA-8E2C-4E92-97F1-BB61ADFD403E/config.txt; using the last value '30'
[2026-09-16 01:43:58] [converterTests] [WARN] Duplicate config key 'SHORT_MP4_CLIP_SECONDS' in /var/folders/bl/0_vgy5fd1t94djrp8z4pw9zm0000gn/T/converter-tests.4BC924BA-8E2C-4E92-97F1-BB61ADFD403E/config.txt; using the last value '75'
Test Case '-[converterTests.PipelineIntegrationTests testShortCapBoundaryAndFullSongCompanionDecision]' passed (0.011 seconds).
Test Case '-[converterTests.PipelineIntegrationTests testShortFromHotMP3IsNotRejectedForClippedSamplesItInherits]' started.
[2026-09-16 01:43:58] [converterTests] [WARN] Duplicate config key 'AUDIO_QC_MAX_CLIPPED_SAMPLES' in /var/folders/bl/0_vgy5fd1t94djrp8z4pw9zm0000gn/T/converter-tests.7BA0A214-DD80-47E3-95F4-280EDB268E31/config.txt; using the last value '0'
[2026-09-16 01:43:58] [converterTests] [WARN] Duplicate config key 'SHORT_MP4_CLIP_SECONDS' in /var/folders/bl/0_vgy5fd1t94djrp8z4pw9zm0000gn/T/converter-tests.7BA0A214-DD80-47E3-95F4-280EDB268E31/config.txt; using the last value '6'
[2026-09-16 01:43:58] [converterTests] [INFO] Short source audio: hot_master.mp3
[2026-09-16 01:43:58] [converterTests] [INFO] Short source image: poster.png
[2026-09-16 01:44:00] [converterTests] [INFO] Source already exceeds delivery QC on: clipped samples 18239 (limit 0). Verifying the render does not worsen these, rather than altering the audio.
[2026-09-16 01:44:00] [converterTests] [INFO] Short video encoders: libx264, h264_videotoolbox
[2026-09-16 01:44:02] [converterTests] [INFO] Created portrait short MP4: hot_master_8K_Short.mp4 [encoder=libx264]
[2026-09-16 01:44:02] [converterTests] [INFO] Source already exceeds delivery QC on: clipped samples 18239 (limit 0). Verifying the render does not worsen these, rather than altering the audio.
[2026-09-16 01:44:05] [converterTests] [INFO] Created portrait short MP4 (centre cut): hot_master_8K_Short_CenterCut.mp4 [encoder=libx264]
Test Case '-[converterTests.PipelineIntegrationTests testShortFromHotMP3IsNotRejectedForClippedSamplesItInherits]' passed (7.470 seconds).
Test Case '-[converterTests.PipelineIntegrationTests testShortMP4OutputStemsDoNotRepeatShortSuffixes]' started.
Test Case '-[converterTests.PipelineIntegrationTests testShortMP4OutputStemsDoNotRepeatShortSuffixes]' passed (0.002 seconds).
Test Case '-[converterTests.PipelineIntegrationTests testShortRendersNarrowPortraitMP4Inputs]' started.
[2026-09-16 01:44:05] [converterTests] [WARN] Duplicate config key 'SHORT_MP4_CLIP_SECONDS' in /var/folders/bl/0_vgy5fd1t94djrp8z4pw9zm0000gn/T/converter-tests.813BDA9F-5743-4607-B135-3D9AC9F40EFC/config.txt; using the last value '58'
[2026-09-16 01:44:06] [converterTests] [INFO] Short video encoders: libx264, h264_videotoolbox
[2026-09-16 01:44:08] [converterTests] [INFO] Created short MP4: tall_source_Short.mp4 [encoder=libx264]
Test Case '-[converterTests.PipelineIntegrationTests testShortRendersNarrowPortraitMP4Inputs]' passed (3.629 seconds).
Test Case '-[converterTests.PipelineIntegrationTests testShortVideoHardCapsAt58SecondsEvenIfConfigRequestsMore]' started.
[2026-09-16 01:44:11] [converterTests] [WARN] Duplicate config key 'SHORT_MP4_CLIP_SECONDS' in /var/folders/bl/0_vgy5fd1t94djrp8z4pw9zm0000gn/T/converter-tests.83499595-81C7-498F-93E4-F8B67058B42F/config.txt; using the last value '75'
[2026-09-16 01:44:12] [converterTests] [INFO] Short video encoders: libx264, h264_videotoolbox
[2026-09-16 01:44:18] [converterTests] [INFO] Created short MP4: long_source_Short.mp4 [encoder=libx264]
Test Case '-[converterTests.PipelineIntegrationTests testShortVideoHardCapsAt58SecondsEvenIfConfigRequestsMore]' passed (9.500 seconds).
Test Case '-[converterTests.PipelineIntegrationTests testShortVideoRenderFallsBackToSoftwareEncoder]' started.
[2026-09-16 01:44:19] [converterTests] [WARN] Duplicate config key 'SHORT_MP4_VIDEO_CODEC' in /var/folders/bl/0_vgy5fd1t94djrp8z4pw9zm0000gn/T/converter-tests.BAF93A3B-3594-482B-BD1C-5649AB68F3DC/config.txt; using the last value 'definitely_missing_short_encoder'
[2026-09-16 01:44:19] [converterTests] [WARN] Duplicate config key 'SHORT_MP4_VIDEO_FALLBACKS' in /var/folders/bl/0_vgy5fd1t94djrp8z4pw9zm0000gn/T/converter-tests.BAF93A3B-3594-482B-BD1C-5649AB68F3DC/config.txt; using the last value 'libx264'
[2026-09-16 01:44:19] [converterTests] [WARN] Duplicate config key 'SHORT_MP4_VERIFY_CODEC' in /var/folders/bl/0_vgy5fd1t94djrp8z4pw9zm0000gn/T/converter-tests.BAF93A3B-3594-482B-BD1C-5649AB68F3DC/config.txt; using the last value 'h264'
[2026-09-16 01:44:19] [converterTests] [INFO] Main video encoders: hevc_videotoolbox, libx265
[2026-09-16 01:44:22] [converterTests] [INFO] Created MP4: track_8K.mp4 [encoder=hevc_videotoolbox]
[2026-09-16 01:44:22] [converterTests] [INFO] Short video encoders: libx264
[2026-09-16 01:44:24] [converterTests] [INFO] Created short MP4: track_8K_Short.mp4 [encoder=libx264]
Test Case '-[converterTests.PipelineIntegrationTests testShortVideoRenderFallsBackToSoftwareEncoder]' passed (6.067 seconds).
Test Case '-[converterTests.PipelineIntegrationTests testSilenceAddsLeadingAndTrailingPaddingToWAVFLACAndMP4]' started.
[2026-09-16 01:44:25] [converterTests] [INFO] Add silence pad_flac.flac: before=0.500 after=0.500
[2026-09-16 01:44:28] [converterTests] [INFO] Created silence-padded media: pad_flac_silence_0_5s.flac
[2026-09-16 01:44:28] [converterTests] [INFO] Add silence pad_video.mp4: before=0.500 after=0.500
[2026-09-16 01:44:28] [converterTests] [INFO] pad_video.mp4 carries a video track; the padded audio output keeps the audio only.
[2026-09-16 01:44:30] [converterTests] [INFO] Silence MP4 video encoders: hevc_videotoolbox, libx265
[2026-09-16 01:44:31] [converterTests] [INFO] Created silence-padded media: pad_video_silence_0_5s.mp4
[2026-09-16 01:44:31] [converterTests] [INFO] Add silence pad_wav.wav: before=0.500 after=0.500
[2026-09-16 01:44:34] [converterTests] [INFO] Created silence-padded media: pad_wav_silence_0_5s.wav
Test Case '-[converterTests.PipelineIntegrationTests testSilenceAddsLeadingAndTrailingPaddingToWAVFLACAndMP4]' passed (12.534 seconds).
Test Case '-[converterTests.PipelineIntegrationTests testSilenceIgnoresPreviouslyGeneratedSilenceOutputs]' started.
Test Case '-[converterTests.PipelineIntegrationTests testSilenceIgnoresPreviouslyGeneratedSilenceOutputs]' passed (0.149 seconds).
Test Case '-[converterTests.PipelineIntegrationTests testSilenceMP4UsesH264SafeTagForSoftwareEncoder]' started.
[2026-09-16 01:44:37] [converterTests] [WARN] Duplicate config key 'VIDEO_MP4_ENCODER' in /var/folders/bl/0_vgy5fd1t94djrp8z4pw9zm0000gn/T/converter-tests.C023E09D-8F18-4DED-81DE-8243EAB1A251/config.txt; using the last value 'libx264'
[2026-09-16 01:44:37] [converterTests] [WARN] Duplicate config key 'VIDEO_MP4_ENCODER_FALLBACKS' in /var/folders/bl/0_vgy5fd1t94djrp8z4pw9zm0000gn/T/converter-tests.C023E09D-8F18-4DED-81DE-8243EAB1A251/config.txt; using the last value ''
[2026-09-16 01:44:37] [converterTests] [WARN] Duplicate config key 'VIDEO_MP4_TAG' in /var/folders/bl/0_vgy5fd1t94djrp8z4pw9zm0000gn/T/converter-tests.C023E09D-8F18-4DED-81DE-8243EAB1A251/config.txt; using the last value 'hvc1'
[2026-09-16 01:44:37] [converterTests] [INFO] Add silence software_pad_video.mp4: before=0.500 after=0.500
[2026-09-16 01:44:38] [converterTests] [INFO] software_pad_video.mp4 carries a video track; the padded audio output keeps the audio only.
[2026-09-16 01:44:39] [converterTests] [INFO] Silence MP4 video encoders: libx264
[2026-09-16 01:44:41] [converterTests] [INFO] Created silence-padded media: software_pad_video_silence_0_5s.mp4
Test Case '-[converterTests.PipelineIntegrationTests testSilenceMP4UsesH264SafeTagForSoftwareEncoder]' passed (4.867 seconds).
Test Case '-[converterTests.PipelineIntegrationTests testSilentChannelIsReportedAsStereoImbalance]' started.
Test Case '-[converterTests.PipelineIntegrationTests testSilentChannelIsReportedAsStereoImbalance]' passed (0.334 seconds).
Test Case '-[converterTests.PipelineIntegrationTests testSourceSegmentQCIsMeasuredOncePerSegmentAndRate]' started.
Test Case '-[converterTests.PipelineIntegrationTests testSourceSegmentQCIsMeasuredOncePerSegmentAndRate]' passed (4.091 seconds).
Test Case '-[converterTests.PipelineIntegrationTests testTailFadeProcessesMP3WAVAndFLACWithoutTruncating]' started.
[2026-09-16 01:44:47] [converterTests] [INFO] Fade tail tail_flac.flac: duration=0.500
[2026-09-16 01:44:49] [converterTests] [INFO] Created faded audio: tail_flac_faded_0.5s.flac
[2026-09-16 01:44:49] [converterTests] [INFO] Fade tail tail_mp3.mp3: duration=0.500
[2026-09-16 01:44:52] [converterTests] [INFO] Created faded audio: tail_mp3_faded_0.5s.mp3
[2026-09-16 01:44:52] [converterTests] [INFO] Fade tail tail_wav.wav: duration=0.500
[2026-09-16 01:44:55] [converterTests] [INFO] Created faded audio: tail_wav_faded_0.5s.wav
Test Case '-[converterTests.PipelineIntegrationTests testTailFadeProcessesMP3WAVAndFLACWithoutTruncating]' passed (10.425 seconds).
Test Case '-[converterTests.PipelineIntegrationTests testUnifiedHashIgnoresNestedDirectories]' started.
[2026-09-16 01:44:57] [converterTests] [INFO] Hash WAV, FLAC, MP3, and MP4 filenames
[2026-09-16 01:44:57] [converterTests] [WARN] No .wav, .flac, .mp3, or .mp4 files found in '/var/folders/bl/0_vgy5fd1t94djrp8z4pw9zm0000gn/T/converter-tests.A258FEBB-D49E-495D-901B-634A42B07C3F/Output'.
Test Case '-[converterTests.PipelineIntegrationTests testUnifiedHashIgnoresNestedDirectories]' passed (0.069 seconds).
Test Case '-[converterTests.PipelineIntegrationTests testUnifiedHashRenamesWAVFLACMP3AndMP4Together]' started.
[2026-09-16 01:44:57] [converterTests] [INFO] Hash WAV, FLAC, MP3, and MP4 filenames
[2026-09-16 01:44:58] [converterTests] [INFO] Renamed wav: mix_wave.wav -> A6552CB3.wav
[2026-09-16 01:44:58] [converterTests] [INFO] Renamed flac: mix_flac.flac -> 5CDF3EE5.flac
[2026-09-16 01:44:58] [converterTests] [INFO] Renamed mp3: mix_mp3.mp3 -> 1199DB3B.mp3
[2026-09-16 01:44:58] [converterTests] [INFO] Renamed mp4: mix_video.mp4 -> 2B06BCBF.mp4
[2026-09-16 01:44:58] [converterTests] [INFO] Hash rename complete: renamed=4/4 failed=0
Test Case '-[converterTests.PipelineIntegrationTests testUnifiedHashRenamesWAVFLACMP3AndMP4Together]' passed (2.397 seconds).
Test Case '-[converterTests.PipelineIntegrationTests testVideoRenderStreamCopiesAnAlreadyStandardALACSource]' started.
[2026-09-16 01:45:01] [converterTests] [INFO] Main video encoders: hevc_videotoolbox, libx265
[2026-09-16 01:45:03] [converterTests] [INFO] Created MP4: alac_track_8K.mp4 [encoder=hevc_videotoolbox]
Test Case '-[converterTests.PipelineIntegrationTests testVideoRenderStreamCopiesAnAlreadyStandardALACSource]' passed (3.500 seconds).
Test Case '-[converterTests.PipelineIntegrationTests testVisualSubsCreatesVerifiedPNGViaPublishedOutput]' started.
[2026-09-16 01:45:03] [converterTests] [INFO] Created visualsubs PNG: /var/folders/bl/0_vgy5fd1t94djrp8z4pw9zm0000gn/T/converter-tests.B0B72933-BFE0-4F85-85AE-95623EE771C3/Output/dots.png
Test Case '-[converterTests.PipelineIntegrationTests testVisualSubsCreatesVerifiedPNGViaPublishedOutput]' passed (0.352 seconds).
Test Case '-[converterTests.PipelineIntegrationTests testVisualSubsReservesCenterMarkerAgainstRandomDots]' started.
[2026-09-16 01:45:03] [converterTests] [INFO] Created visualsubs PNG: /var/folders/bl/0_vgy5fd1t94djrp8z4pw9zm0000gn/T/converter-tests.A2B23512-9554-43CC-BAD1-752FBB8069DA/Output/center_guard.png
Test Case '-[converterTests.PipelineIntegrationTests testVisualSubsReservesCenterMarkerAgainstRandomDots]' passed (0.292 seconds).
Test Case '-[converterTests.PipelineIntegrationTests testWAVHashAcceptsNonStandardRIFFInput]' started.
[2026-09-16 01:45:04] [converterTests] [INFO] Hash WAV filenames
[2026-09-16 01:45:04] [converterTests] [INFO] Renamed wav: plain_hash.wav -> A6552CB3.wav
Test Case '-[converterTests.PipelineIntegrationTests testWAVHashAcceptsNonStandardRIFFInput]' passed (0.638 seconds).
Test Case '-[converterTests.PipelineIntegrationTests testWAVToM4AAcceptsNonStandardRIFFInput]' started.
[2026-09-16 01:45:08] [converterTests] [INFO] Created M4A: plain_input.m4a
Test Case '-[converterTests.PipelineIntegrationTests testWAVToM4AAcceptsNonStandardRIFFInput]' passed (4.318 seconds).
Test Case '-[converterTests.PipelineIntegrationTests testWAVToMP3ContinueOnErrorConvertsRemainingFilesThenSummarizes]' started.
[2026-09-16 01:45:09] [converterTests] [INFO] WAV -> MP3: a.wav
[2026-09-16 01:45:12] [converterTests] [INFO] Created MP3: a.mp3
[2026-09-16 01:45:12] [converterTests] [INFO] WAV -> MP3: b.wav
[2026-09-16 01:45:12] [converterTests] [ERROR] WAV format mismatch for /private/var/folders/bl/0_vgy5fd1t94djrp8z4pw9zm0000gn/T/converter-tests.3FDE51C0-12DD-49DA-83CB-EE2C9C8BCC4F/Output/b.wav (got='' expected='WAVE')
[2026-09-16 01:45:12] [converterTests] [INFO] WAV -> MP3: c.wav
[2026-09-16 01:45:15] [converterTests] [INFO] Created MP3: c.mp3
Test Case '-[converterTests.PipelineIntegrationTests testWAVToMP3ContinueOnErrorConvertsRemainingFilesThenSummarizes]' passed (7.516 seconds).
Test Case '-[converterTests.PipelineIntegrationTests testWAVToMP3StopsAtFirstFailureWithoutContinueOnError]' started.
[2026-09-16 01:45:16] [converterTests] [INFO] WAV -> MP3: a.wav
[2026-09-16 01:45:19] [converterTests] [INFO] Created MP3: a.mp3
[2026-09-16 01:45:19] [converterTests] [INFO] WAV -> MP3: b.wav
[2026-09-16 01:45:19] [converterTests] [ERROR] WAV format mismatch for /private/var/folders/bl/0_vgy5fd1t94djrp8z4pw9zm0000gn/T/converter-tests.739B5089-4F1D-48E4-84CF-0629AE19DC00/Output/b.wav (got='' expected='WAVE')
Test Case '-[converterTests.PipelineIntegrationTests testWAVToMP3StopsAtFirstFailureWithoutContinueOnError]' passed (3.850 seconds).
Test Case '-[converterTests.PipelineIntegrationTests testWorkspaceIgnoresHostDirectoryAndDebugOverrides]' started.
Test Case '-[converterTests.PipelineIntegrationTests testWorkspaceIgnoresHostDirectoryAndDebugOverrides]' passed (0.002 seconds).
Test Suite 'PipelineIntegrationTests' passed at 2026-09-16 01:45:20.328.
	 Executed 144 tests, with 0 failures (0 unexpected) in 777.877 (777.891) seconds
Test Suite 'converterTests.xctest' passed at 2026-09-16 01:45:20.328.
	 Executed 278 tests, with 0 failures (0 unexpected) in 788.242 (788.268) seconds
Test Suite 'All tests' passed at 2026-09-16 01:45:20.328.
	 Executed 278 tests, with 0 failures (0 unexpected) in 788.242 (788.269) seconds
Usage:
  xctest                 # show this help
  xctest -album
  xctest --hash
  xctest -bass
  xctest -bass 80 5
  xctest -bass 80 -5
  xctest -loudscan
  xctest -loudness
  xctest -loudness -13
  xctest -doctor
  xctest -fade 10
  xctest -fadecut 5 10
  xctest -fadeout 1:30 10
  xctest -noise
  xctest -noise 45
  xctest -silence
  xctest -silence 45
  xctest -short
  xctest -full
  xctest -flactomp3
  xctest -m4atomp4
  xctest -matrix
  xctest -visualsubs 9 --output-file dots.png

Profiles:
  Built-in profiles: youtube_master, youtube_short, fast_preview
  Use: --profile NAME
  Default: config-driven if PROFILE is set, otherwise youtube_master

Full run:
  Use: -full / -run
  Source directory: '/Applications/Xcode.app/Contents/Developer/usr/bin/Output'
  Required inputs:
    - Either exactly 1 source image (.png/.jpg/.jpeg), or direct 8K PNG inputs:
      Horizontal_8K.png for the main MP4 and optional Vertical_8K.png for the short MP4.
    - If both Horizontal_8K.png and Vertical_8K.png are present, full run renders the main MP4 first,
      then renders the short directly from Vertical_8K.png.
    - If Vertical_8K.png is absent, a discovered portrait source image is used for the fitted
      short; failing that, *_NFT8K.png is used or created, centered in the portrait frame
      with black top/bottom padding.
    - Exactly 1 source audio file: .flac or .wav or .mp3. It is renamed to 1_source.<ext>
      (with its _RF64/_BW64 companions) before the run, and every deliverable is named 1.*.
  Full-run result:
    - Image deliverables: 8K/4K PNG, NFT PNGs, 3K/2K PNG, JPG exports, and both portrait
      short framings as stills: *_Short_8K.png / *_Short_CenterCut_8K.png plus _1MB/_2MB JPGs
      Direct Horizontal_8K.png/Vertical_8K.png inputs are used as-is for videos; Horizontal_8K.png still derives companion image deliverables.
    - Audio/video deliverables: WAV, M4A, MP3, main MP4, and four portrait shorts:
      _8K_Short.mp4 (fitted, black padding) and _8K_Short_CenterCut.mp4 (centre of the 8K
      master, fills the frame); each gains a _FullSong companion when the audio is longer
      than the cap, min(SHORT_MP4_CLIP_SECONDS, 58) seconds
    - External audio deliverables: *_RF64.flac, *_RF64.wav, *_BW64.wav
      These archival companions are delivery-only and are not reused as full-run source inputs.

Album run:
  Use: -album
  Input: two or more .mp3, .wav, or .flac files in SRC_DIR plus the same full-run image inputs.
  Order: natural numeric filename order.
  Output: one loudness-normalized RF64 album WAV, then the same audio/video deliverables as -run.

Manual actions by input type:

  Audio actions:
    --hash
      Input: any mix of .wav, .flac, .mp3, and .mp4 files in SRC_DIR
      Output: all found .wav, .flac, .mp3, and .mp4 files renamed to CRC32-based filenames
    -bass [FREQUENCY_HZ GAIN_DB]
      Input: one or more .flac, .wav, .mp3, .m4a, or .mp4 files in SRC_DIR
      Output: same-format files with bass adjustment applied; default is 0-80 Hz boosted by 5 dB; negative gain reduces bass
    -loudscan
      Input: one or more .flac, .wav, .mp3, .m4a, or .mp4 files in SRC_DIR
      Output: four terminal report lines: average, lowest, highest, and top-3 loudest average
    -loudness [TARGET_LUFS]
      Input: one or more .flac, .wav, .mp3, .m4a, or .mp4 files in SRC_DIR
      Output: same-format files normalized to TARGET_LUFS for livestream-consistent playback; default is -12 LUFS
    -master
      Input: one or more .flac, .wav, .mp3, .m4a, or .mp4 files in SRC_DIR
      Output: same-format _mastered files; stages through the internal WAV and remediates loudness
        to the mastering target (-12 LUFS default) with two-pass loudnorm when the source is out of policy
    -noise [SECONDS]
      Input: one or more .flac, .wav, .mp3, .m4a, or .mp4 files in SRC_DIR
      Output: same-format files ending in _noise_SECONDSs: noise, 2s silence, source, 2s silence, noise; noise is -12 LUFS and default is 30 seconds; SECONDS must be at least 0.5
    -silence [SECONDS]
      Input: one or more .wav, .flac, or .mp4 files in SRC_DIR
      Output: same-format files ending in _silence_SECONDSs with SECONDS of silence before and after the original media; default is 30 seconds; SECONDS must be at least 0.5
    -short
      Input: exactly 1 image (.png/.jpg/.jpeg) plus exactly 1 audio-only file supported by ffmpeg in SRC_DIR
      Output: ALAC-audio portrait shorts capped at 58 seconds — _8K_Short.mp4 fits the image into the
        frame with black padding, _8K_Short_CenterCut.mp4 crops the centre of the 8K master to fill the
        frame with no padding; each gains a _FullSong companion when the audio is longer than 58 seconds
    -flactowav
      Input: one or more .flac files in SRC_DIR
      Output: project-standard RF64 WAV files
    -flactomp3
      Input: one or more .flac files in SRC_DIR
      Output: .mp3 files
    -flactom4a
      Input: one or more .flac files in SRC_DIR
      Output: .m4a files
    -flactoalbum
      Input: one or more .flac files in SRC_DIR
      Output: one RF64 album WAV
    -flactohash
      Input: one or more .flac files in SRC_DIR
      Output: same files renamed to CRC32-based .flac names

    -m4atowav
      Input: one or more .m4a files in SRC_DIR
      Output: project-standard RF64 WAV files
    -m4atomp3
      Input: one or more .m4a files in SRC_DIR
      Output: .mp3 files
    -m4atoflac
      Input: one or more .m4a files in SRC_DIR
      Output: .flac files

    -mp3toflac
      Input: one or more .mp3 files in SRC_DIR
      Output: .flac files
    -mp3towav
      Input: one or more .mp3 files in SRC_DIR
      Output: project-standard RF64 WAV files
    -mp3tom4a
      Input: one or more .mp3 files in SRC_DIR
      Output: .m4a files
    -nfttoshort
      Input: exactly 1 audio-only file supported by ffmpeg plus exactly 1 source image (.png/.jpg/.jpeg) or exactly 1 *_8K.png in SRC_DIR
      Output: ALAC-audio portrait shorts capped at 58 seconds, preserving source loudness — _8K_Short.mp4
        uses Vertical_8K.png when present, otherwise *_NFT8K.png with black padding;
        _8K_Short_CenterCut.mp4 crops the centre of the 8K master to fill the frame; each gains a
        _FullSong companion when the audio is longer
    -mp3clean
      Input: one or more .mp3 files in SRC_DIR
      Output: same .mp3 files rewritten as audio-only MP3 with artwork, junk streams, and metadata removed
    -mp3toalbum
      Input: album.txt order file plus referenced .mp3 files
      Output: one RF64 album WAV joined in listed order without loudness normalization; use -album for a normalized directory build
    -mp3tohash
      Input: one or more .mp3 files in SRC_DIR
      Output: same files renamed to CRC32-based .mp3 names

    -wavtom4a
      Input: one or more .wav files in SRC_DIR
      Output: .m4a files
    -wavtomp3
      Input: one or more .wav files in SRC_DIR
      Output: .mp3 files
    -wavtoflac
      Input: one or more .wav files in SRC_DIR
      Output: .flac files
    -fade [SECONDS]
      Input: one or more audio files (.flac, .wav, .mp3) in SRC_DIR
      Output: full-length same-format files ending in _faded_SECONDSs after fading the final SECONDS
      Default: 10 seconds when SECONDS is omitted
      Compatibility: -fadeflac is accepted as an alias for -fade
    -fadecut CUT_SECONDS FADE_SECONDS
      Input: one or more audio files (.flac, .wav, .mp3) in SRC_DIR
      Output: same-format files ending in _fadecut_CUT_SECONDSs_FADE_SECONDSs after removing CUT_SECONDS from the end,
        then applying a normal fade over the final FADE_SECONDS of the shortened file
    -fadeout START DURATION
      Input: one or more audio files (.flac, .wav, .mp3, .m4a) in SRC_DIR
      Output: same-format files ending in _fadeout_STARTs_DURATIONs after fading from START for DURATION and truncating at START + DURATION
      Time format: seconds, MM:SS, or HH:MM:SS
    -fadewav
      Input: one or more .wav files in SRC_DIR
      Output: faded RF64 WAV files
    -wavtoalbum
      Input: album.txt order file plus referenced .wav files
      Output: one RF64 album WAV joined in listed order without loudness normalization; use -album for a normalized directory build
    -wavtohash
      Input: one or more .wav files in SRC_DIR
      Output: same files renamed to CRC32-based .wav names

  Picture actions:
    -jpgtopng
      Input: one or more .jpg or .jpeg files in SRC_DIR
      Output: .png files
    -pngtojpg
      Input: one or more .png files in SRC_DIR
      Output: .jpg files
    -aipix
      Input: one or more .png files in SRC_DIR
      Output: _8K.png and _4K.png variants
    -pngtonft
      Input: one or more *_8K.png files in SRC_DIR
      Output: _NFT8K.png, _NFT3K.png, _NFT2K.png
    -pngto3k
      Input: one or more *_8K.png files in SRC_DIR
      Output: _3K.png
    -pngto2k
      Input: one or more *_8K.png files in SRC_DIR
      Output: _2K.png
    -pngto3k1mb
      Input: one or more *_3K.png files in SRC_DIR
      Output: _1MB.jpg
    -pngto3k5mb
      Input: one or more *_3K.png files in SRC_DIR
      Output: _5MB.jpg
    -pngtojpg1mb
      Input: one or more *_8K.png files in SRC_DIR
      Output: _1MB.jpg
    -pngtojpg2mb
      Input: one or more *_8K.png files in SRC_DIR
      Output: _2MB.jpg
    -pngtojpg20mb
      Input: one or more *_8K.png files in SRC_DIR
      Output: _20MB.jpg
    -run_pix
      Input: one or more source images (.png, .jpg, .jpeg) in SRC_DIR
      Output: full image-only pipeline deliverables
    -visualsubs
      Input: dot count via --num-dots N or positional number
      Output: generated PNG image

  Video actions:
    -m4atomp4
      Input: exactly 1 *_8K.png image and exactly 1 .m4a audio
      Output: main MP4
    -mp4toshort
      Input: one or more .mp4 files in SRC_DIR
      Output: _Short.mp4 portrait clips capped at 58 seconds

  Maintenance:
    -doctor
      Input: no media files required
      Output: validates toolchain, config, encoder/filter support, directories, and optionally current source media
    -clean
      Input: no special source file requirement
      Output: removes transient/temp files from OUT_DIR
    -matrix
      Input: no source files required
      Output: prints the supported conversion matrix

Common options:
  --config FILE
  --profile NAME
  --src-dir DIR
  --out-dir DIR
  --output-dir DIR
  --output-file FILE
    FILE must resolve directly inside OUT_DIR; subfolders are rejected.
  --overwrite
  --keep-full-name
    Keep trailing derivative markers such as _8K/_4K/_3K/_2K in image output stems.
    Default: those known markers are stripped before the new suffix is added.
  --lowercase-prefix
  --no-recursive
    Accepted for compatibility; scanning is always limited to the current SRC_DIR/Output folder.
  --continue-on-error
  --trailing-silence
  --sharpness FLOAT
  --sleep-seconds FLOAT
  --num-dots N
  --dot-size N
  --max-attempts N
  --seed N
  --open
  --debug
  -help
  -list

Notes:
  - Required media inputs are auto-discovered from SRC_DIR. By default that is the Output folder.
  - SRC_DIR is the input scan directory. OUT_DIR is the output write directory.
  - Use --src-dir and --out-dir to override both.
  - Use --output-file FILE when a single final file should use a custom path/name.
◇ Test run started.
↳ Testing Library Version: 2084
↳ Target Platform: arm64e-apple-macos14.0
✔ Test run with 0 tests in 0 suites passed after 0.001 seconds.
[suite exit: 0]

=== 12. periphery (unused code)
periphery findings: 23  (unused: 0)

=== 13. functional smoke test of the committed binary
-help ok
-matrix ok
-doctor ok

=== Phase E complete on Node2.local
